/*
Navicat MySQL Data Transfer

Source Server         : admin
Source Server Version : 50505
Source Host           : localhost:3306
Source Database       : axon2_3

Target Server Type    : MYSQL
Target Server Version : 50505
File Encoding         : 65001

Date: 2017-08-13 11:03:03
*/

SET FOREIGN_KEY_CHECKS=0;
-- ----------------------------
-- Table structure for `ps_nrtfooteditors_html`
-- ----------------------------
DROP TABLE IF EXISTS `ps_nrtfooteditors_html`;
CREATE TABLE `ps_nrtfooteditors_html` (
  `id_html` int(10) unsigned NOT NULL AUTO_INCREMENT,
  `id_shop` int(11) unsigned NOT NULL,
  PRIMARY KEY (`id_html`),
  KEY `id_html` (`id_html`,`id_shop`)
) ENGINE=InnoDB AUTO_INCREMENT=14 DEFAULT CHARSET=utf8;

-- ----------------------------
-- Records of ps_nrtfooteditors_html
-- ----------------------------
INSERT INTO `ps_nrtfooteditors_html` VALUES ('2', '1');
INSERT INTO `ps_nrtfooteditors_html` VALUES ('5', '1');
INSERT INTO `ps_nrtfooteditors_html` VALUES ('6', '1');
INSERT INTO `ps_nrtfooteditors_html` VALUES ('8', '1');
INSERT INTO `ps_nrtfooteditors_html` VALUES ('9', '1');
INSERT INTO `ps_nrtfooteditors_html` VALUES ('11', '1');
INSERT INTO `ps_nrtfooteditors_html` VALUES ('13', '1');

-- ----------------------------
-- Table structure for `ps_nrtfooteditors_htmlc`
-- ----------------------------
DROP TABLE IF EXISTS `ps_nrtfooteditors_htmlc`;
CREATE TABLE `ps_nrtfooteditors_htmlc` (
  `id_html` int(10) unsigned NOT NULL AUTO_INCREMENT,
  `title` varchar(255) NOT NULL,
  PRIMARY KEY (`id_html`)
) ENGINE=InnoDB AUTO_INCREMENT=14 DEFAULT CHARSET=utf8;

-- ----------------------------
-- Records of ps_nrtfooteditors_htmlc
-- ----------------------------
INSERT INTO `ps_nrtfooteditors_htmlc` VALUES ('2', 'LOGO FOOTER');
INSERT INTO `ps_nrtfooteditors_htmlc` VALUES ('5', 'PAYMENT');
INSERT INTO `ps_nrtfooteditors_htmlc` VALUES ('6', 'Address');
INSERT INTO `ps_nrtfooteditors_htmlc` VALUES ('8', 'Follow Us');
INSERT INTO `ps_nrtfooteditors_htmlc` VALUES ('9', 'CONTACT US');
INSERT INTO `ps_nrtfooteditors_htmlc` VALUES ('11', 'QUICK LINKS');
INSERT INTO `ps_nrtfooteditors_htmlc` VALUES ('13', 'INFORMATION');

-- ----------------------------
-- Table structure for `ps_nrtfooteditors_htmlc_lang`
-- ----------------------------
DROP TABLE IF EXISTS `ps_nrtfooteditors_htmlc_lang`;
CREATE TABLE `ps_nrtfooteditors_htmlc_lang` (
  `id_html` int(11) unsigned NOT NULL,
  `id_lang` int(11) unsigned NOT NULL,
  `id_shop` int(11) unsigned NOT NULL,
  `html` text,
  KEY `id_html` (`id_html`,`id_lang`,`id_shop`)
) ENGINE=InnoDB DEFAULT CHARSET=utf8;

-- ----------------------------
-- Records of ps_nrtfooteditors_htmlc_lang
-- ----------------------------
INSERT INTO `ps_nrtfooteditors_htmlc_lang` VALUES ('2', '1', '0', '<div class=\"logo_footer\"><a href=\"/axon2/home3/en/\"><img class=\"img-responsive\" src=\"/axon2/home3/modules/nrtfootereditors/images/logo_footer.png\" alt=\"\" /></a>\r\n<p>Lorem ipsum dolor sit amet, consectetuer adipiscing elit. Donec odio. Quisque volutpat mattis <br />eros. Nullam malesuada erat ut turpis.</p>\r\n</div>');
INSERT INTO `ps_nrtfooteditors_htmlc_lang` VALUES ('2', '2', '0', '<div class=\"logo_footer\"><a href=\"/axon2/home3/en/\"><img class=\"img-responsive\" src=\"/axon2/home3/modules/nrtfootereditors/images/logo_footer.png\" alt=\"\" /></a>\r\n<p>Lorem ipsum dolor sit amet, consectetuer adipiscing elit. Donec odio. Quisque volutpat mattis <br />eros. Nullam malesuada erat ut turpis.</p>\r\n</div>');
INSERT INTO `ps_nrtfooteditors_htmlc_lang` VALUES ('2', '3', '0', '<div class=\"logo_footer\"><a href=\"/axon2/home3/en/\"><img class=\"img-responsive\" src=\"/axon2/home3/modules/nrtfootereditors/images/logo_footer.png\" alt=\"\" /></a>\r\n<p>Lorem ipsum dolor sit amet, consectetuer adipiscing elit. Donec odio. Quisque volutpat mattis <br />eros. Nullam malesuada erat ut turpis.</p>\r\n</div>');
INSERT INTO `ps_nrtfooteditors_htmlc_lang` VALUES ('2', '4', '0', '<div class=\"logo_footer\"><a href=\"/axon2/home3/en/\"><img class=\"img-responsive\" src=\"/axon2/home3/modules/nrtfootereditors/images/logo_footer.png\" alt=\"\" /></a>\r\n<p>Lorem ipsum dolor sit amet, consectetuer adipiscing elit. Donec odio. Quisque volutpat mattis <br />eros. Nullam malesuada erat ut turpis.</p>\r\n</div>');
INSERT INTO `ps_nrtfooteditors_htmlc_lang` VALUES ('5', '1', '0', '<div class=\"links box-links payment\">\r\n<h3 class=\"hidden-lg-up\">payment</h3>\r\n<div class=\"title hidden-lg-up\" data-target=\"#footer_sub_menu_col_payment\" data-toggle=\"collapse\">\r\n<div class=\"navbar-toggler collapse-icons\">\r\n<div class=\"fa fa-plus add\"></div>\r\n<div class=\"fa fa-minus remove\"></div>\r\n</div>\r\n</div>\r\n<ul id=\"footer_sub_menu_col_payment\" class=\"collapse\">\r\n<li><a href=\"#\"><img class=\"img-responsive\" src=\"/axon2/home3/modules/nrtfootereditors/images/payment_footer.png\" alt=\"\" /> </a></li>\r\n</ul>\r\n</div>');
INSERT INTO `ps_nrtfooteditors_htmlc_lang` VALUES ('5', '2', '0', '<div class=\"links box-links payment\">\r\n<h3 class=\"hidden-lg-up\">payment</h3>\r\n<div class=\"title hidden-lg-up\" data-target=\"#footer_sub_menu_col_payment\" data-toggle=\"collapse\">\r\n<div class=\"navbar-toggler collapse-icons\">\r\n<div class=\"fa fa-plus add\"></div>\r\n<div class=\"fa fa-minus remove\"></div>\r\n</div>\r\n</div>\r\n<ul id=\"footer_sub_menu_col_payment\" class=\"collapse\">\r\n<li><a href=\"#\"><img class=\"img-responsive\" src=\"/axon2/home3/modules/nrtfootereditors/images/payment_footer.png\" alt=\"\" /> </a></li>\r\n</ul>\r\n</div>');
INSERT INTO `ps_nrtfooteditors_htmlc_lang` VALUES ('5', '3', '0', '<div class=\"links box-links payment\">\r\n<h3 class=\"hidden-lg-up\">payment</h3>\r\n<div class=\"title hidden-lg-up\" data-target=\"#footer_sub_menu_col_payment\" data-toggle=\"collapse\">\r\n<div class=\"navbar-toggler collapse-icons\">\r\n<div class=\"fa fa-plus add\"></div>\r\n<div class=\"fa fa-minus remove\"></div>\r\n</div>\r\n</div>\r\n<ul id=\"footer_sub_menu_col_payment\" class=\"collapse\">\r\n<li><a href=\"#\"><img class=\"img-responsive\" src=\"/axon2/home3/modules/nrtfootereditors/images/payment_footer.png\" alt=\"\" /> </a></li>\r\n</ul>\r\n</div>');
INSERT INTO `ps_nrtfooteditors_htmlc_lang` VALUES ('5', '4', '0', '<div class=\"links box-links payment\">\r\n<h3 class=\"hidden-lg-up\">payment</h3>\r\n<div class=\"title hidden-lg-up\" data-target=\"#footer_sub_menu_col_payment\" data-toggle=\"collapse\">\r\n<div class=\"navbar-toggler collapse-icons\">\r\n<div class=\"fa fa-plus add\"></div>\r\n<div class=\"fa fa-minus remove\"></div>\r\n</div>\r\n</div>\r\n<ul id=\"footer_sub_menu_col_payment\" class=\"collapse\">\r\n<li><a href=\"#\"><img class=\"img-responsive\" src=\"/axon2/home3/modules/nrtfootereditors/images/payment_footer.png\" alt=\"\" /> </a></li>\r\n</ul>\r\n</div>');
INSERT INTO `ps_nrtfooteditors_htmlc_lang` VALUES ('6', '1', '0', '<div class=\"row\">\r\n<div class=\"footer-address\">\r\n<p><a href=\"#\"> Axon</a> © 2017 <a href=\"#\"> AxonVIP</a>. All rights reserved.</p>\r\n</div>\r\n</div>');
INSERT INTO `ps_nrtfooteditors_htmlc_lang` VALUES ('6', '2', '0', '<div class=\"row\">\r\n<div class=\"footer-address\">\r\n<p><a href=\"#\"> Axon</a> © 2017 <a href=\"#\"> AxonVIP</a>. All rights reserved.</p>\r\n</div>\r\n</div>');
INSERT INTO `ps_nrtfooteditors_htmlc_lang` VALUES ('6', '3', '0', '<div class=\"row\">\r\n<div class=\"footer-address\">\r\n<p><a href=\"#\"> Axon</a> © 2017 <a href=\"#\"> AxonVIP</a>. All rights reserved.</p>\r\n</div>\r\n</div>');
INSERT INTO `ps_nrtfooteditors_htmlc_lang` VALUES ('6', '4', '0', '<div class=\"row\">\r\n<div class=\"footer-address\">\r\n<p><a href=\"#\"> Axon</a> © 2017 <a href=\"#\"> AxonVIP</a>. All rights reserved.</p>\r\n</div>\r\n</div>');
INSERT INTO `ps_nrtfooteditors_htmlc_lang` VALUES ('8', '1', '0', '<div class=\"links box-links social_footer\">\r\n<h3 class=\"hidden-lg-up\">Follow Us</h3>\r\n<div class=\"title hidden-lg-up\" data-target=\"#footer_sub_menu_col_follow\" data-toggle=\"collapse\">\r\n<div class=\"navbar-toggler collapse-icons\">\r\n<div class=\"fa fa-plus add\"></div>\r\n<div class=\"fa fa-minus remove\"></div>\r\n</div>\r\n</div>\r\n<ul id=\"footer_sub_menu_col_follow\" class=\"collapse wrapper-social\">\r\n<li><a href=\"#\" class=\"fa  fa-facebook\">.</a> <a href=\"#\" class=\"fa  fa-twitter\">.</a> <a href=\"#\" class=\"fa  fa-google-plus\">.</a><a href=\"#\" class=\"fa  fa-pinterest\">.</a> <a href=\"#\" class=\"fa  fa-linkedin\">.</a> <a href=\"#\" class=\"fa  fa-skype\">.</a></li>\r\n</ul>\r\n</div>');
INSERT INTO `ps_nrtfooteditors_htmlc_lang` VALUES ('8', '2', '0', '<div class=\"links box-links social_footer\">\r\n<h3 class=\"hidden-lg-up\">Follow Us</h3>\r\n<div class=\"title hidden-lg-up\" data-target=\"#footer_sub_menu_col_follow\" data-toggle=\"collapse\">\r\n<div class=\"navbar-toggler collapse-icons\">\r\n<div class=\"fa fa-plus add\"></div>\r\n<div class=\"fa fa-minus remove\"></div>\r\n</div>\r\n</div>\r\n<ul id=\"footer_sub_menu_col_follow\" class=\"collapse wrapper-social\">\r\n<li><a href=\"#\" class=\"fa  fa-facebook\">.</a> <a href=\"#\" class=\"fa  fa-twitter\">.</a> <a href=\"#\" class=\"fa  fa-google-plus\">.</a><a href=\"#\" class=\"fa  fa-pinterest\">.</a> <a href=\"#\" class=\"fa  fa-linkedin\">.</a> <a href=\"#\" class=\"fa  fa-skype\">.</a></li>\r\n</ul>\r\n</div>');
INSERT INTO `ps_nrtfooteditors_htmlc_lang` VALUES ('8', '3', '0', '<div class=\"links box-links social_footer\">\r\n<h3 class=\"hidden-lg-up\">Follow Us</h3>\r\n<div class=\"title hidden-lg-up\" data-target=\"#footer_sub_menu_col_follow\" data-toggle=\"collapse\">\r\n<div class=\"navbar-toggler collapse-icons\">\r\n<div class=\"fa fa-plus add\"></div>\r\n<div class=\"fa fa-minus remove\"></div>\r\n</div>\r\n</div>\r\n<ul id=\"footer_sub_menu_col_follow\" class=\"collapse wrapper-social\">\r\n<li><a href=\"#\" class=\"fa  fa-facebook\">.</a> <a href=\"#\" class=\"fa  fa-twitter\">.</a> <a href=\"#\" class=\"fa  fa-google-plus\">.</a><a href=\"#\" class=\"fa  fa-pinterest\">.</a> <a href=\"#\" class=\"fa  fa-linkedin\">.</a> <a href=\"#\" class=\"fa  fa-skype\">.</a></li>\r\n</ul>\r\n</div>');
INSERT INTO `ps_nrtfooteditors_htmlc_lang` VALUES ('8', '4', '0', '<div class=\"links box-links social_footer\">\r\n<h3 class=\"hidden-lg-up\">Follow Us</h3>\r\n<div class=\"title hidden-lg-up\" data-target=\"#footer_sub_menu_col_follow\" data-toggle=\"collapse\">\r\n<div class=\"navbar-toggler collapse-icons\">\r\n<div class=\"fa fa-plus add\"></div>\r\n<div class=\"fa fa-minus remove\"></div>\r\n</div>\r\n</div>\r\n<ul id=\"footer_sub_menu_col_follow\" class=\"collapse wrapper-social\">\r\n<li><a href=\"#\" class=\"fa  fa-facebook\">.</a> <a href=\"#\" class=\"fa  fa-twitter\">.</a> <a href=\"#\" class=\"fa  fa-google-plus\">.</a><a href=\"#\" class=\"fa  fa-pinterest\">.</a> <a href=\"#\" class=\"fa  fa-linkedin\">.</a> <a href=\"#\" class=\"fa  fa-skype\">.</a></li>\r\n</ul>\r\n</div>');
INSERT INTO `ps_nrtfooteditors_htmlc_lang` VALUES ('9', '1', '0', '<div class=\"links contact_ft\">\r\n<div class=\"box-links\">\r\n<h3>CONTACT US</h3>\r\n<div class=\"title hidden-lg-up\" data-target=\"#footer_sub_menu_col_contact\" data-toggle=\"collapse\">\r\n<div class=\"navbar-toggler collapse-icons\">\r\n<div class=\"fa fa-plus add\"></div>\r\n<div class=\"fa fa-minus remove\"></div>\r\n</div>\r\n</div>\r\n<ul id=\"footer_sub_menu_col_contact\" class=\"collapse\">\r\n<li>\r\n<div class=\"fa fa-home\"></div>\r\n<div class=\"right-contact\"><span>123 New Design Str, ABC <br />Building, <br />Melbourne, Australia</span></div>\r\n</li>\r\n<li>\r\n<div class=\"fa fa-phone\"></div>\r\n<div class=\"right-contact\"><span>(+1)866-550-3669</span></div>\r\n</li>\r\n<li>\r\n<div class=\"fa fa-envelope-square\"></div>\r\n<div class=\"right-contact\"><a href=\"#\">Contact@yoursite.com</a></div>\r\n</li>\r\n<li>\r\n<div class=\"fa fa-clock-o\"></div>\r\n<div class=\"right-contact\"><span>Mon - Sat : 8 AM - 5 PM <br />Sun: 9 AM - 8 PM</span></div>\r\n</li>\r\n</ul>\r\n</div>\r\n</div>');
INSERT INTO `ps_nrtfooteditors_htmlc_lang` VALUES ('9', '2', '0', '<div class=\"links contact_ft\">\r\n<div class=\"box-links\">\r\n<h3>CONTACT US</h3>\r\n<div class=\"title hidden-lg-up\" data-target=\"#footer_sub_menu_col_contact\" data-toggle=\"collapse\">\r\n<div class=\"navbar-toggler collapse-icons\">\r\n<div class=\"fa fa-plus add\"></div>\r\n<div class=\"fa fa-minus remove\"></div>\r\n</div>\r\n</div>\r\n<ul id=\"footer_sub_menu_col_contact\" class=\"collapse\">\r\n<li>\r\n<div class=\"fa fa-home\"></div>\r\n<div class=\"right-contact\"><span>123 New Design Str, ABC <br />Building, <br />Melbourne, Australia</span></div>\r\n</li>\r\n<li>\r\n<div class=\"fa fa-phone\"></div>\r\n<div class=\"right-contact\"><span>(+1)866-550-3669</span></div>\r\n</li>\r\n<li>\r\n<div class=\"fa fa-envelope-square\"></div>\r\n<div class=\"right-contact\"><a href=\"#\">Contact@yoursite.com</a></div>\r\n</li>\r\n<li>\r\n<div class=\"fa fa-clock-o\"></div>\r\n<div class=\"right-contact\"><span>Mon - Sat : 8 AM - 5 PM <br />Sun: 9 AM - 8 PM</span></div>\r\n</li>\r\n</ul>\r\n</div>\r\n</div>');
INSERT INTO `ps_nrtfooteditors_htmlc_lang` VALUES ('9', '3', '0', '<div class=\"links contact_ft\">\r\n<div class=\"box-links\">\r\n<h3>CONTACT US</h3>\r\n<div class=\"title hidden-lg-up\" data-target=\"#footer_sub_menu_col_contact\" data-toggle=\"collapse\">\r\n<div class=\"navbar-toggler collapse-icons\">\r\n<div class=\"fa fa-plus add\"></div>\r\n<div class=\"fa fa-minus remove\"></div>\r\n</div>\r\n</div>\r\n<ul id=\"footer_sub_menu_col_contact\" class=\"collapse\">\r\n<li>\r\n<div class=\"fa fa-home\"></div>\r\n<div class=\"right-contact\"><span>123 New Design Str, ABC <br />Building, <br />Melbourne, Australia</span></div>\r\n</li>\r\n<li>\r\n<div class=\"fa fa-phone\"></div>\r\n<div class=\"right-contact\"><span>(+1)866-550-3669</span></div>\r\n</li>\r\n<li>\r\n<div class=\"fa fa-envelope-square\"></div>\r\n<div class=\"right-contact\"><a href=\"#\">Contact@yoursite.com</a></div>\r\n</li>\r\n<li>\r\n<div class=\"fa fa-clock-o\"></div>\r\n<div class=\"right-contact\"><span>Mon - Sat : 8 AM - 5 PM <br />Sun: 9 AM - 8 PM</span></div>\r\n</li>\r\n</ul>\r\n</div>\r\n</div>');
INSERT INTO `ps_nrtfooteditors_htmlc_lang` VALUES ('9', '4', '0', '<div class=\"links contact_ft\">\r\n<div class=\"box-links\">\r\n<h3>CONTACT US</h3>\r\n<div class=\"title hidden-lg-up\" data-target=\"#footer_sub_menu_col_contact\" data-toggle=\"collapse\">\r\n<div class=\"navbar-toggler collapse-icons\">\r\n<div class=\"fa fa-plus add\"></div>\r\n<div class=\"fa fa-minus remove\"></div>\r\n</div>\r\n</div>\r\n<ul id=\"footer_sub_menu_col_contact\" class=\"collapse\">\r\n<li>\r\n<div class=\"fa fa-home\"></div>\r\n<div class=\"right-contact\"><span>123 New Design Str, ABC <br />Building, <br />Melbourne, Australia</span></div>\r\n</li>\r\n<li>\r\n<div class=\"fa fa-phone\"></div>\r\n<div class=\"right-contact\"><span>(+1)866-550-3669</span></div>\r\n</li>\r\n<li>\r\n<div class=\"fa fa-envelope-square\"></div>\r\n<div class=\"right-contact\"><a href=\"#\">Contact@yoursite.com</a></div>\r\n</li>\r\n<li>\r\n<div class=\"fa fa-clock-o\"></div>\r\n<div class=\"right-contact\"><span>Mon - Sat : 8 AM - 5 PM <br />Sun: 9 AM - 8 PM</span></div>\r\n</li>\r\n</ul>\r\n</div>\r\n</div>');
INSERT INTO `ps_nrtfooteditors_htmlc_lang` VALUES ('11', '1', '0', '<div class=\"links bullet\">\r\n<div class=\"box-links\">\r\n<h3>QUICK LINKS</h3>\r\n<div class=\"title  hidden-lg-up\" data-target=\"#footer_sub_menu_col_quick_links\" data-toggle=\"collapse\">\r\n<div class=\"navbar-toggler collapse-icons\">\r\n<div class=\"fa fa-plus add\"></div>\r\n<div class=\"fa fa-minus remove\"></div>\r\n</div>\r\n</div>\r\n<ul id=\"footer_sub_menu_col_quick_links\" class=\"collapse\">\r\n<li><a href=\"#\" title=\"\">New User</a></li>\r\n<li><a href=\"#\" title=\"\">Help Center</a></li>\r\n<li><a href=\"#\" title=\"\">Refund Policy</a></li>\r\n<li><a href=\"#\" title=\"\">Report Spam</a></li>\r\n<li><a href=\"#\" title=\"\">Official stockist of all brands</a></li>\r\n<li><a href=\"#\" title=\"\">Secure checkout</a></li>\r\n<li><a href=\"#\" title=\"\">The best customer service</a></li>\r\n<li><a href=\"#\" title=\"\">My personal info</a></li>\r\n</ul>\r\n</div>\r\n</div>');
INSERT INTO `ps_nrtfooteditors_htmlc_lang` VALUES ('11', '2', '0', '<div class=\"links bullet\">\r\n<div class=\"box-links\">\r\n<h3>QUICK LINKS</h3>\r\n<div class=\"title  hidden-lg-up\" data-target=\"#footer_sub_menu_col_quick_links\" data-toggle=\"collapse\">\r\n<div class=\"navbar-toggler collapse-icons\">\r\n<div class=\"fa fa-plus add\"></div>\r\n<div class=\"fa fa-minus remove\"></div>\r\n</div>\r\n</div>\r\n<ul id=\"footer_sub_menu_col_quick_links\" class=\"collapse\">\r\n<li><a href=\"#\" title=\"\">New User</a></li>\r\n<li><a href=\"#\" title=\"\">Help Center</a></li>\r\n<li><a href=\"#\" title=\"\">Refund Policy</a></li>\r\n<li><a href=\"#\" title=\"\">Report Spam</a></li>\r\n<li><a href=\"#\" title=\"\">Official stockist of all brands</a></li>\r\n<li><a href=\"#\" title=\"\">Secure checkout</a></li>\r\n<li><a href=\"#\" title=\"\">The best customer service</a></li>\r\n<li><a href=\"#\" title=\"\">My personal info</a></li>\r\n</ul>\r\n</div>\r\n</div>');
INSERT INTO `ps_nrtfooteditors_htmlc_lang` VALUES ('11', '3', '0', '<div class=\"links bullet\">\r\n<div class=\"box-links\">\r\n<h3>QUICK LINKS</h3>\r\n<div class=\"title  hidden-lg-up\" data-target=\"#footer_sub_menu_col_quick_links\" data-toggle=\"collapse\">\r\n<div class=\"navbar-toggler collapse-icons\">\r\n<div class=\"fa fa-plus add\"></div>\r\n<div class=\"fa fa-minus remove\"></div>\r\n</div>\r\n</div>\r\n<ul id=\"footer_sub_menu_col_quick_links\" class=\"collapse\">\r\n<li><a href=\"#\" title=\"\">New User</a></li>\r\n<li><a href=\"#\" title=\"\">Help Center</a></li>\r\n<li><a href=\"#\" title=\"\">Refund Policy</a></li>\r\n<li><a href=\"#\" title=\"\">Report Spam</a></li>\r\n<li><a href=\"#\" title=\"\">Official stockist of all brands</a></li>\r\n<li><a href=\"#\" title=\"\">Secure checkout</a></li>\r\n<li><a href=\"#\" title=\"\">The best customer service</a></li>\r\n<li><a href=\"#\" title=\"\">My personal info</a></li>\r\n</ul>\r\n</div>\r\n</div>');
INSERT INTO `ps_nrtfooteditors_htmlc_lang` VALUES ('11', '4', '0', '<div class=\"links bullet\">\r\n<div class=\"box-links\">\r\n<h3>QUICK LINKS</h3>\r\n<div class=\"title  hidden-lg-up\" data-target=\"#footer_sub_menu_col_quick_links\" data-toggle=\"collapse\">\r\n<div class=\"navbar-toggler collapse-icons\">\r\n<div class=\"fa fa-plus add\"></div>\r\n<div class=\"fa fa-minus remove\"></div>\r\n</div>\r\n</div>\r\n<ul id=\"footer_sub_menu_col_quick_links\" class=\"collapse\">\r\n<li><a href=\"#\" title=\"\">New User</a></li>\r\n<li><a href=\"#\" title=\"\">Help Center</a></li>\r\n<li><a href=\"#\" title=\"\">Refund Policy</a></li>\r\n<li><a href=\"#\" title=\"\">Report Spam</a></li>\r\n<li><a href=\"#\" title=\"\">Official stockist of all brands</a></li>\r\n<li><a href=\"#\" title=\"\">Secure checkout</a></li>\r\n<li><a href=\"#\" title=\"\">The best customer service</a></li>\r\n<li><a href=\"#\" title=\"\">My personal info</a></li>\r\n</ul>\r\n</div>\r\n</div>');
INSERT INTO `ps_nrtfooteditors_htmlc_lang` VALUES ('13', '1', '0', '<div class=\"links bullet\">\r\n<div class=\"box-links\">\r\n<h3>INFORMATION</h3>\r\n<div class=\"title hidden-lg-up\" data-target=\"#footer_sub_menu_col_information\" data-toggle=\"collapse\">\r\n<div class=\"navbar-toggler collapse-icons\">\r\n<div class=\"fa fa-plus add\"></div>\r\n<div class=\"fa fa-minus remove\"></div>\r\n</div>\r\n</div>\r\n<ul id=\"footer_sub_menu_col_information\" class=\"collapse\">\r\n<li><a href=\"#\" title=\"\">Shipping</a></li>\r\n<li><a href=\"#\" title=\"\">Customer Service / FAQ’s</a></li>\r\n<li><a href=\"#\" title=\"\">Free shipping</a></li>\r\n<li><a href=\"#\" title=\"\">Privacy Policy</a></li>\r\n<li><a href=\"#\" title=\"\">Delivery Information</a></li>\r\n<li><a href=\"#\" title=\"\">Specials</a></li>\r\n<li><a href=\"#\" title=\"\">Manufactureres</a></li>\r\n<li><a href=\"#\" title=\"\">Site Map</a></li>\r\n</ul>\r\n</div>\r\n</div>');
INSERT INTO `ps_nrtfooteditors_htmlc_lang` VALUES ('13', '2', '0', '<div class=\"links bullet\">\r\n<div class=\"box-links\">\r\n<h3>INFORMATION</h3>\r\n<div class=\"title hidden-lg-up\" data-target=\"#footer_sub_menu_col_information\" data-toggle=\"collapse\">\r\n<div class=\"navbar-toggler collapse-icons\">\r\n<div class=\"fa fa-plus add\"></div>\r\n<div class=\"fa fa-minus remove\"></div>\r\n</div>\r\n</div>\r\n<ul id=\"footer_sub_menu_col_information\" class=\"collapse\">\r\n<li><a href=\"#\" title=\"\">Shipping</a></li>\r\n<li><a href=\"#\" title=\"\">Customer Service / FAQ’s</a></li>\r\n<li><a href=\"#\" title=\"\">Free shipping</a></li>\r\n<li><a href=\"#\" title=\"\">Privacy Policy</a></li>\r\n<li><a href=\"#\" title=\"\">Delivery Information</a></li>\r\n<li><a href=\"#\" title=\"\">Specials</a></li>\r\n<li><a href=\"#\" title=\"\">Manufactureres</a></li>\r\n<li><a href=\"#\" title=\"\">Site Map</a></li>\r\n</ul>\r\n</div>\r\n</div>');
INSERT INTO `ps_nrtfooteditors_htmlc_lang` VALUES ('13', '3', '0', '<div class=\"links bullet\">\r\n<div class=\"box-links\">\r\n<h3>INFORMATION</h3>\r\n<div class=\"title hidden-lg-up\" data-target=\"#footer_sub_menu_col_information\" data-toggle=\"collapse\">\r\n<div class=\"navbar-toggler collapse-icons\">\r\n<div class=\"fa fa-plus add\"></div>\r\n<div class=\"fa fa-minus remove\"></div>\r\n</div>\r\n</div>\r\n<ul id=\"footer_sub_menu_col_information\" class=\"collapse\">\r\n<li><a href=\"#\" title=\"\">Shipping</a></li>\r\n<li><a href=\"#\" title=\"\">Customer Service / FAQ’s</a></li>\r\n<li><a href=\"#\" title=\"\">Free shipping</a></li>\r\n<li><a href=\"#\" title=\"\">Privacy Policy</a></li>\r\n<li><a href=\"#\" title=\"\">Delivery Information</a></li>\r\n<li><a href=\"#\" title=\"\">Specials</a></li>\r\n<li><a href=\"#\" title=\"\">Manufactureres</a></li>\r\n<li><a href=\"#\" title=\"\">Site Map</a></li>\r\n</ul>\r\n</div>\r\n</div>');
INSERT INTO `ps_nrtfooteditors_htmlc_lang` VALUES ('13', '4', '0', '<div class=\"links bullet\">\r\n<div class=\"box-links\">\r\n<h3>INFORMATION</h3>\r\n<div class=\"title hidden-lg-up\" data-target=\"#footer_sub_menu_col_information\" data-toggle=\"collapse\">\r\n<div class=\"navbar-toggler collapse-icons\">\r\n<div class=\"fa fa-plus add\"></div>\r\n<div class=\"fa fa-minus remove\"></div>\r\n</div>\r\n</div>\r\n<ul id=\"footer_sub_menu_col_information\" class=\"collapse\">\r\n<li><a href=\"#\" title=\"\">Shipping</a></li>\r\n<li><a href=\"#\" title=\"\">Customer Service / FAQ’s</a></li>\r\n<li><a href=\"#\" title=\"\">Free shipping</a></li>\r\n<li><a href=\"#\" title=\"\">Privacy Policy</a></li>\r\n<li><a href=\"#\" title=\"\">Delivery Information</a></li>\r\n<li><a href=\"#\" title=\"\">Specials</a></li>\r\n<li><a href=\"#\" title=\"\">Manufactureres</a></li>\r\n<li><a href=\"#\" title=\"\">Site Map</a></li>\r\n</ul>\r\n</div>\r\n</div>');
