<?xml version="1.0" encoding="UTF-8"?>
<entity_profile>
<attribute_group><id_attribute_group><![CDATA[2]]></id_attribute_group>
<is_color_group><![CDATA[1]]></is_color_group>
<group_type><![CDATA[radio]]></group_type>
<position><![CDATA[2]]></position>
<datalanguage iso_code="ca" >
<name><![CDATA[Couleur]]></name>
<public_name><![CDATA[Couleur]]></public_name>
</datalanguage>
<datalanguage iso_code="de" >
<name><![CDATA[Farbe]]></name>
<public_name><![CDATA[Color]]></public_name>
</datalanguage>
<datalanguage iso_code="en" >
<name><![CDATA[Couleur]]></name>
<public_name><![CDATA[Couleur]]></public_name>
</datalanguage>
<datalanguage iso_code="es" >
<name><![CDATA[Color]]></name>
<public_name><![CDATA[Color]]></public_name>
</datalanguage>
<datalanguage iso_code="fr" default="1" >
<name><![CDATA[Couleur]]></name>
<public_name><![CDATA[Couleur]]></public_name>
</datalanguage>
<datalanguage iso_code="gb" >
<name><![CDATA[Couleur]]></name>
<public_name><![CDATA[Couleur]]></public_name>
</datalanguage>
<datalanguage iso_code="gl" >
<name><![CDATA[Couleur]]></name>
<public_name><![CDATA[Couleur]]></public_name>
</datalanguage>
<datalanguage iso_code="it" >
<name><![CDATA[Colore]]></name>
<public_name><![CDATA[Colore]]></public_name>
</datalanguage>
<datashop id_shop="1"></datashop>
<datashop id_shop="2"></datashop>
<datashop id_shop="3"></datashop>
<datashop id_shop="4"></datashop>
<datashop id_shop="5"></datashop>
<datashop id_shop="6"></datashop>
<datashop id_shop="7"></datashop>
<datashop id_shop="8"></datashop>
</attribute_group>
<attribute_group><id_attribute_group><![CDATA[9]]></id_attribute_group>
<is_color_group><![CDATA[0]]></is_color_group>
<group_type><![CDATA[select]]></group_type>
<position><![CDATA[0]]></position>
<datalanguage iso_code="ca" >
<name><![CDATA[MODULES]]></name>
<public_name><![CDATA[Fonction]]></public_name>
</datalanguage>
<datalanguage iso_code="de" >
<name><![CDATA[OPTION]]></name>
<public_name><![CDATA[OPTION]]></public_name>
</datalanguage>
<datalanguage iso_code="en" >
<name><![CDATA[modules]]></name>
<public_name><![CDATA[VERSION]]></public_name>
</datalanguage>
<datalanguage iso_code="es" >
<name><![CDATA[OPTION]]></name>
<public_name><![CDATA[OPTION]]></public_name>
</datalanguage>
<datalanguage iso_code="fr" default="1" >
<name><![CDATA[Filtration]]></name>
<public_name><![CDATA[Fonction]]></public_name>
</datalanguage>
<datalanguage iso_code="gb" >
<name><![CDATA[modules]]></name>
<public_name><![CDATA[VERSION]]></public_name>
</datalanguage>
<datalanguage iso_code="gl" >
<name><![CDATA[MODULES]]></name>
<public_name><![CDATA[Fonction]]></public_name>
</datalanguage>
<datalanguage iso_code="it" >
<name><![CDATA[OPTION]]></name>
<public_name><![CDATA[OPTION]]></public_name>
</datalanguage>
<datashop id_shop="1"></datashop>
<datashop id_shop="2"></datashop>
<datashop id_shop="3"></datashop>
<datashop id_shop="4"></datashop>
<datashop id_shop="5"></datashop>
<datashop id_shop="6"></datashop>
<datashop id_shop="7"></datashop>
<datashop id_shop="8"></datashop>
</attribute_group>
<attribute_group><id_attribute_group><![CDATA[10]]></id_attribute_group>
<is_color_group><![CDATA[0]]></is_color_group>
<group_type><![CDATA[select]]></group_type>
<position><![CDATA[1]]></position>
<datalanguage iso_code="ca" >
<name><![CDATA[VERSION]]></name>
<public_name><![CDATA[Version]]></public_name>
</datalanguage>
<datalanguage iso_code="de" >
<name><![CDATA[Version]]></name>
<public_name><![CDATA[VERSION]]></public_name>
</datalanguage>
<datalanguage iso_code="en" >
<name><![CDATA[OPTION]]></name>
<public_name><![CDATA[OPTION]]></public_name>
</datalanguage>
<datalanguage iso_code="es" >
<name><![CDATA[Version]]></name>
<public_name><![CDATA[VERSION]]></public_name>
</datalanguage>
<datalanguage iso_code="fr" default="1" >
<name><![CDATA[VERSION]]></name>
<public_name><![CDATA[Version]]></public_name>
</datalanguage>
<datalanguage iso_code="gb" >
<name><![CDATA[OPTION]]></name>
<public_name><![CDATA[OPTION]]></public_name>
</datalanguage>
<datalanguage iso_code="gl" >
<name><![CDATA[VERSION]]></name>
<public_name><![CDATA[Version]]></public_name>
</datalanguage>
<datalanguage iso_code="it" >
<name><![CDATA[Version]]></name>
<public_name><![CDATA[VERSION]]></public_name>
</datalanguage>
<datashop id_shop="1"></datashop>
<datashop id_shop="2"></datashop>
<datashop id_shop="3"></datashop>
<datashop id_shop="4"></datashop>
<datashop id_shop="5"></datashop>
<datashop id_shop="6"></datashop>
<datashop id_shop="7"></datashop>
<datashop id_shop="8"></datashop>
</attribute_group>
<attribute_group><id_attribute_group><![CDATA[13]]></id_attribute_group>
<is_color_group><![CDATA[0]]></is_color_group>
<group_type><![CDATA[radio]]></group_type>
<position><![CDATA[3]]></position>
<datalanguage iso_code="ca" >
<name><![CDATA[COMBI1]]></name>
<public_name><![CDATA[PRÉFILTRE]]></public_name>
</datalanguage>
<datalanguage iso_code="de" >
<name><![CDATA[COMBI1]]></name>
<public_name><![CDATA[PRÉFILTRE]]></public_name>
</datalanguage>
<datalanguage iso_code="en" >
<name><![CDATA[COMBI1]]></name>
<public_name><![CDATA[PRÉFILTRE]]></public_name>
</datalanguage>
<datalanguage iso_code="es" >
<name><![CDATA[COMBI1]]></name>
<public_name><![CDATA[PRÉFILTRE]]></public_name>
</datalanguage>
<datalanguage iso_code="fr" default="1" >
<name><![CDATA[COMBI1]]></name>
<public_name><![CDATA[PRÉFILTRE]]></public_name>
</datalanguage>
<datalanguage iso_code="gb" >
<name><![CDATA[COMBI1]]></name>
<public_name><![CDATA[PRÉFILTRE]]></public_name>
</datalanguage>
<datalanguage iso_code="gl" >
<name><![CDATA[COMBI1]]></name>
<public_name><![CDATA[PRÉFILTRE]]></public_name>
</datalanguage>
<datalanguage iso_code="it" >
<name><![CDATA[COMBI1]]></name>
<public_name><![CDATA[PRÉFILTRE]]></public_name>
</datalanguage>
<datashop id_shop="1"></datashop>
<datashop id_shop="2"></datashop>
<datashop id_shop="3"></datashop>
<datashop id_shop="4"></datashop>
<datashop id_shop="5"></datashop>
<datashop id_shop="6"></datashop>
<datashop id_shop="7"></datashop>
<datashop id_shop="8"></datashop>
</attribute_group>
<attribute_group><id_attribute_group><![CDATA[14]]></id_attribute_group>
<is_color_group><![CDATA[0]]></is_color_group>
<group_type><![CDATA[radio]]></group_type>
<position><![CDATA[4]]></position>
<datalanguage iso_code="ca" >
<name><![CDATA[COMBI2]]></name>
<public_name><![CDATA[PURIFICATEUR]]></public_name>
</datalanguage>
<datalanguage iso_code="de" >
<name><![CDATA[COMBI2]]></name>
<public_name><![CDATA[FILTRE]]></public_name>
</datalanguage>
<datalanguage iso_code="en" >
<name><![CDATA[COMBI2]]></name>
<public_name><![CDATA[PURIFICATEUR]]></public_name>
</datalanguage>
<datalanguage iso_code="es" >
<name><![CDATA[COMBI2]]></name>
<public_name><![CDATA[FILTRE]]></public_name>
</datalanguage>
<datalanguage iso_code="fr" default="1" >
<name><![CDATA[COMBI2]]></name>
<public_name><![CDATA[PURIFICATEUR]]></public_name>
</datalanguage>
<datalanguage iso_code="gb" >
<name><![CDATA[COMBI2]]></name>
<public_name><![CDATA[FILTRE]]></public_name>
</datalanguage>
<datalanguage iso_code="gl" >
<name><![CDATA[COMBI2]]></name>
<public_name><![CDATA[PURIFICATEUR]]></public_name>
</datalanguage>
<datalanguage iso_code="it" >
<name><![CDATA[COMBI2]]></name>
<public_name><![CDATA[FILTRE]]></public_name>
</datalanguage>
<datashop id_shop="1"></datashop>
<datashop id_shop="2"></datashop>
<datashop id_shop="3"></datashop>
<datashop id_shop="4"></datashop>
<datashop id_shop="5"></datashop>
<datashop id_shop="6"></datashop>
<datashop id_shop="7"></datashop>
<datashop id_shop="8"></datashop>
</attribute_group>
<attribute_group><id_attribute_group><![CDATA[16]]></id_attribute_group>
<is_color_group><![CDATA[1]]></is_color_group>
<group_type><![CDATA[color]]></group_type>
<position><![CDATA[5]]></position>
<datalanguage iso_code="ca" >
<name><![CDATA[OPTIONS]]></name>
<public_name><![CDATA[OPTIONS]]></public_name>
</datalanguage>
<datalanguage iso_code="de" >
<name><![CDATA[OPTIONS]]></name>
<public_name><![CDATA[OPTIONS]]></public_name>
</datalanguage>
<datalanguage iso_code="en" >
<name><![CDATA[OPTIONS]]></name>
<public_name><![CDATA[OPTIONS]]></public_name>
</datalanguage>
<datalanguage iso_code="es" >
<name><![CDATA[OPTIONS]]></name>
<public_name><![CDATA[OPTIONS]]></public_name>
</datalanguage>
<datalanguage iso_code="fr" default="1" >
<name><![CDATA[OPTIONS]]></name>
<public_name><![CDATA[OPTIONS]]></public_name>
</datalanguage>
<datalanguage iso_code="gb" >
<name><![CDATA[OPTIONS]]></name>
<public_name><![CDATA[OPTIONS]]></public_name>
</datalanguage>
<datalanguage iso_code="gl" >
<name><![CDATA[OPTIONS]]></name>
<public_name><![CDATA[OPTIONS]]></public_name>
</datalanguage>
<datalanguage iso_code="it" >
<name><![CDATA[OPTIONS]]></name>
<public_name><![CDATA[OPTIONS]]></public_name>
</datalanguage>
<datashop id_shop="1"></datashop>
<datashop id_shop="2"></datashop>
<datashop id_shop="6"></datashop>
<datashop id_shop="8"></datashop>
</attribute_group>
<attribute_group><id_attribute_group><![CDATA[17]]></id_attribute_group>
<is_color_group><![CDATA[0]]></is_color_group>
<group_type><![CDATA[select]]></group_type>
<position><![CDATA[6]]></position>
<datalanguage iso_code="ca" >
<name><![CDATA[Installation]]></name>
<public_name><![CDATA[Installation]]></public_name>
</datalanguage>
<datalanguage iso_code="de" >
<name><![CDATA[Installation]]></name>
<public_name><![CDATA[Installation]]></public_name>
</datalanguage>
<datalanguage iso_code="en" >
<name><![CDATA[Installation]]></name>
<public_name><![CDATA[Installation]]></public_name>
</datalanguage>
<datalanguage iso_code="es" >
<name><![CDATA[Installation]]></name>
<public_name><![CDATA[Installation]]></public_name>
</datalanguage>
<datalanguage iso_code="fr" default="1" >
<name><![CDATA[Prestation]]></name>
<public_name><![CDATA[Prestation]]></public_name>
</datalanguage>
<datalanguage iso_code="gb" >
<name><![CDATA[Installation]]></name>
<public_name><![CDATA[Installation]]></public_name>
</datalanguage>
<datalanguage iso_code="gl" >
<name><![CDATA[Installation]]></name>
<public_name><![CDATA[Installation]]></public_name>
</datalanguage>
<datalanguage iso_code="it" >
<name><![CDATA[Installation]]></name>
<public_name><![CDATA[Installation]]></public_name>
</datalanguage>
<datashop id_shop="1"></datashop>
<datashop id_shop="2"></datashop>
<datashop id_shop="3"></datashop>
<datashop id_shop="4"></datashop>
<datashop id_shop="5"></datashop>
<datashop id_shop="6"></datashop>
<datashop id_shop="7"></datashop>
<datashop id_shop="8"></datashop>
</attribute_group>
<attribute_group><id_attribute_group><![CDATA[18]]></id_attribute_group>
<is_color_group><![CDATA[0]]></is_color_group>
<group_type><![CDATA[select]]></group_type>
<position><![CDATA[7]]></position>
<datalanguage iso_code="ca" >
<name><![CDATA[Distance]]></name>
<public_name><![CDATA[Forfait Kilométrique]]></public_name>
</datalanguage>
<datalanguage iso_code="de" >
<name><![CDATA[Distance]]></name>
<public_name><![CDATA[Forfait Kilométrique]]></public_name>
</datalanguage>
<datalanguage iso_code="en" >
<name><![CDATA[Distance]]></name>
<public_name><![CDATA[Forfait Kilométrique]]></public_name>
</datalanguage>
<datalanguage iso_code="es" >
<name><![CDATA[Distance]]></name>
<public_name><![CDATA[Forfait Kilométrique]]></public_name>
</datalanguage>
<datalanguage iso_code="fr" default="1" >
<name><![CDATA[Distance]]></name>
<public_name><![CDATA[Forfait Kilométrique]]></public_name>
</datalanguage>
<datalanguage iso_code="gb" >
<name><![CDATA[Distance]]></name>
<public_name><![CDATA[Forfait Kilométrique]]></public_name>
</datalanguage>
<datalanguage iso_code="gl" >
<name><![CDATA[Distance]]></name>
<public_name><![CDATA[Forfait Kilométrique]]></public_name>
</datalanguage>
<datalanguage iso_code="it" >
<name><![CDATA[Distance]]></name>
<public_name><![CDATA[Forfait Kilométrique]]></public_name>
</datalanguage>
<datashop id_shop="1"></datashop>
<datashop id_shop="2"></datashop>
<datashop id_shop="3"></datashop>
<datashop id_shop="4"></datashop>
<datashop id_shop="5"></datashop>
<datashop id_shop="6"></datashop>
<datashop id_shop="7"></datashop>
<datashop id_shop="8"></datashop>
</attribute_group>
<attribute_group><id_attribute_group><![CDATA[19]]></id_attribute_group>
<is_color_group><![CDATA[0]]></is_color_group>
<group_type><![CDATA[radio]]></group_type>
<position><![CDATA[8]]></position>
<datalanguage iso_code="ca" >
<name><![CDATA[Raccords]]></name>
<public_name><![CDATA[Raccord]]></public_name>
</datalanguage>
<datalanguage iso_code="de" >
<name><![CDATA[Raccords]]></name>
<public_name><![CDATA[Raccord]]></public_name>
</datalanguage>
<datalanguage iso_code="en" >
<name><![CDATA[Raccords]]></name>
<public_name><![CDATA[Raccord]]></public_name>
</datalanguage>
<datalanguage iso_code="es" >
<name><![CDATA[Raccords]]></name>
<public_name><![CDATA[Raccord]]></public_name>
</datalanguage>
<datalanguage iso_code="fr" default="1" >
<name><![CDATA[Raccords]]></name>
<public_name><![CDATA[Raccord]]></public_name>
</datalanguage>
<datalanguage iso_code="gb" >
<name><![CDATA[Raccords]]></name>
<public_name><![CDATA[Raccord]]></public_name>
</datalanguage>
<datalanguage iso_code="gl" >
<name><![CDATA[Raccords]]></name>
<public_name><![CDATA[Raccord]]></public_name>
</datalanguage>
<datalanguage iso_code="it" >
<name><![CDATA[Raccords]]></name>
<public_name><![CDATA[Raccord]]></public_name>
</datalanguage>
<datashop id_shop="1"></datashop>
<datashop id_shop="2"></datashop>
<datashop id_shop="3"></datashop>
<datashop id_shop="4"></datashop>
<datashop id_shop="5"></datashop>
<datashop id_shop="6"></datashop>
<datashop id_shop="7"></datashop>
<datashop id_shop="8"></datashop>
</attribute_group>
<attribute_group><id_attribute_group><![CDATA[20]]></id_attribute_group>
<is_color_group><![CDATA[0]]></is_color_group>
<group_type><![CDATA[select]]></group_type>
<position><![CDATA[9]]></position>
<datalanguage iso_code="ca" >
<name><![CDATA[Diamètre]]></name>
<public_name><![CDATA[Diamètre]]></public_name>
</datalanguage>
<datalanguage iso_code="de" >
<name><![CDATA[Diamètre]]></name>
<public_name><![CDATA[Diamètre]]></public_name>
</datalanguage>
<datalanguage iso_code="en" >
<name><![CDATA[Diamètre]]></name>
<public_name><![CDATA[Diamètre]]></public_name>
</datalanguage>
<datalanguage iso_code="es" >
<name><![CDATA[Diamètre]]></name>
<public_name><![CDATA[Diamètre]]></public_name>
</datalanguage>
<datalanguage iso_code="fr" default="1" >
<name><![CDATA[Diamètre 1]]></name>
<public_name><![CDATA[Diamètre]]></public_name>
</datalanguage>
<datalanguage iso_code="gb" >
<name><![CDATA[Diamètre]]></name>
<public_name><![CDATA[Diamètre]]></public_name>
</datalanguage>
<datalanguage iso_code="gl" >
<name><![CDATA[Diamètre]]></name>
<public_name><![CDATA[Diamètre]]></public_name>
</datalanguage>
<datalanguage iso_code="it" >
<name><![CDATA[Diamètre]]></name>
<public_name><![CDATA[Diamètre]]></public_name>
</datalanguage>
<datashop id_shop="1"></datashop>
<datashop id_shop="2"></datashop>
<datashop id_shop="3"></datashop>
<datashop id_shop="4"></datashop>
<datashop id_shop="5"></datashop>
<datashop id_shop="6"></datashop>
<datashop id_shop="7"></datashop>
<datashop id_shop="8"></datashop>
</attribute_group>
<attribute_group><id_attribute_group><![CDATA[21]]></id_attribute_group>
<is_color_group><![CDATA[1]]></is_color_group>
<group_type><![CDATA[color]]></group_type>
<position><![CDATA[10]]></position>
<datalanguage iso_code="ca" >
<name><![CDATA[Fonctionnement]]></name>
<public_name><![CDATA[DISTRIBUTION]]></public_name>
</datalanguage>
<datalanguage iso_code="de" >
<name><![CDATA[Fonctionnement]]></name>
<public_name><![CDATA[DISTRIBUTION]]></public_name>
</datalanguage>
<datalanguage iso_code="en" >
<name><![CDATA[Fonctionnement]]></name>
<public_name><![CDATA[DISTRIBUTION]]></public_name>
</datalanguage>
<datalanguage iso_code="es" >
<name><![CDATA[Fonctionnement]]></name>
<public_name><![CDATA[DISTRIBUTION]]></public_name>
</datalanguage>
<datalanguage iso_code="fr" default="1" >
<name><![CDATA[Fonctionnement]]></name>
<public_name><![CDATA[DISTRIBUTION]]></public_name>
</datalanguage>
<datalanguage iso_code="gb" >
<name><![CDATA[Fonctionnement]]></name>
<public_name><![CDATA[DISTRIBUTION]]></public_name>
</datalanguage>
<datalanguage iso_code="gl" >
<name><![CDATA[Fonctionnement]]></name>
<public_name><![CDATA[DISTRIBUTION]]></public_name>
</datalanguage>
<datalanguage iso_code="it" >
<name><![CDATA[Fonctionnement]]></name>
<public_name><![CDATA[DISTRIBUTION]]></public_name>
</datalanguage>
<datashop id_shop="1"></datashop>
<datashop id_shop="2"></datashop>
<datashop id_shop="3"></datashop>
<datashop id_shop="4"></datashop>
<datashop id_shop="5"></datashop>
<datashop id_shop="6"></datashop>
<datashop id_shop="7"></datashop>
<datashop id_shop="8"></datashop>
</attribute_group>
<attribute_group><id_attribute_group><![CDATA[22]]></id_attribute_group>
<is_color_group><![CDATA[0]]></is_color_group>
<group_type><![CDATA[select]]></group_type>
<position><![CDATA[11]]></position>
<datalanguage iso_code="ca" >
<name><![CDATA[GAMME]]></name>
<public_name><![CDATA[GAMME]]></public_name>
</datalanguage>
<datalanguage iso_code="de" >
<name><![CDATA[GAMME]]></name>
<public_name><![CDATA[GAMME]]></public_name>
</datalanguage>
<datalanguage iso_code="en" >
<name><![CDATA[GAMME]]></name>
<public_name><![CDATA[GAMME]]></public_name>
</datalanguage>
<datalanguage iso_code="es" >
<name><![CDATA[GAMME]]></name>
<public_name><![CDATA[GAMME]]></public_name>
</datalanguage>
<datalanguage iso_code="fr" default="1" >
<name><![CDATA[GAMME]]></name>
<public_name><![CDATA[GAMME]]></public_name>
</datalanguage>
<datalanguage iso_code="gb" >
<name><![CDATA[GAMME]]></name>
<public_name><![CDATA[GAMME]]></public_name>
</datalanguage>
<datalanguage iso_code="gl" >
<name><![CDATA[GAMME]]></name>
<public_name><![CDATA[GAMME]]></public_name>
</datalanguage>
<datalanguage iso_code="it" >
<name><![CDATA[GAMME]]></name>
<public_name><![CDATA[GAMME]]></public_name>
</datalanguage>
<datashop id_shop="1"></datashop>
<datashop id_shop="2"></datashop>
<datashop id_shop="3"></datashop>
<datashop id_shop="4"></datashop>
<datashop id_shop="5"></datashop>
<datashop id_shop="6"></datashop>
<datashop id_shop="7"></datashop>
<datashop id_shop="8"></datashop>
</attribute_group>
<attribute_group><id_attribute_group><![CDATA[23]]></id_attribute_group>
<is_color_group><![CDATA[0]]></is_color_group>
<group_type><![CDATA[select]]></group_type>
<position><![CDATA[12]]></position>
<datalanguage iso_code="ca" >
<name><![CDATA[Modèles]]></name>
<public_name><![CDATA[Débit]]></public_name>
</datalanguage>
<datalanguage iso_code="de" >
<name><![CDATA[Modèles]]></name>
<public_name><![CDATA[Débit]]></public_name>
</datalanguage>
<datalanguage iso_code="en" >
<name><![CDATA[Modèles]]></name>
<public_name><![CDATA[Débit]]></public_name>
</datalanguage>
<datalanguage iso_code="es" >
<name><![CDATA[Modèles]]></name>
<public_name><![CDATA[Débit]]></public_name>
</datalanguage>
<datalanguage iso_code="fr" default="1" >
<name><![CDATA[Débit]]></name>
<public_name><![CDATA[Débit]]></public_name>
</datalanguage>
<datalanguage iso_code="gb" >
<name><![CDATA[Modèles]]></name>
<public_name><![CDATA[Débit]]></public_name>
</datalanguage>
<datalanguage iso_code="gl" >
<name><![CDATA[Modèles]]></name>
<public_name><![CDATA[Débit]]></public_name>
</datalanguage>
<datalanguage iso_code="it" >
<name><![CDATA[Modèles]]></name>
<public_name><![CDATA[Débit]]></public_name>
</datalanguage>
<datashop id_shop="1"></datashop>
<datashop id_shop="3"></datashop>
<datashop id_shop="5"></datashop>
<datashop id_shop="6"></datashop>
<datashop id_shop="7"></datashop>
<datashop id_shop="8"></datashop>
</attribute_group>
<attribute_group><id_attribute_group><![CDATA[24]]></id_attribute_group>
<is_color_group><![CDATA[0]]></is_color_group>
<group_type><![CDATA[select]]></group_type>
<position><![CDATA[13]]></position>
<datalanguage iso_code="ca" >
<name><![CDATA[Canalisations]]></name>
<public_name><![CDATA[Canalisations]]></public_name>
</datalanguage>
<datalanguage iso_code="de" >
<name><![CDATA[Canalisations]]></name>
<public_name><![CDATA[Canalisations]]></public_name>
</datalanguage>
<datalanguage iso_code="en" >
<name><![CDATA[Canalisations]]></name>
<public_name><![CDATA[Canalisations]]></public_name>
</datalanguage>
<datalanguage iso_code="es" >
<name><![CDATA[Canalisations]]></name>
<public_name><![CDATA[Canalisations]]></public_name>
</datalanguage>
<datalanguage iso_code="fr" default="1" >
<name><![CDATA[Canalisations]]></name>
<public_name><![CDATA[Canalisations]]></public_name>
</datalanguage>
<datalanguage iso_code="gb" >
<name><![CDATA[Canalisations]]></name>
<public_name><![CDATA[Canalisations]]></public_name>
</datalanguage>
<datalanguage iso_code="gl" >
<name><![CDATA[Canalisations]]></name>
<public_name><![CDATA[Canalisations]]></public_name>
</datalanguage>
<datalanguage iso_code="it" >
<name><![CDATA[Canalisations]]></name>
<public_name><![CDATA[Canalisations]]></public_name>
</datalanguage>
<datashop id_shop="1"></datashop>
<datashop id_shop="2"></datashop>
<datashop id_shop="3"></datashop>
<datashop id_shop="4"></datashop>
<datashop id_shop="5"></datashop>
<datashop id_shop="6"></datashop>
<datashop id_shop="7"></datashop>
<datashop id_shop="8"></datashop>
</attribute_group>
<attribute_group><id_attribute_group><![CDATA[25]]></id_attribute_group>
<is_color_group><![CDATA[0]]></is_color_group>
<group_type><![CDATA[select]]></group_type>
<position><![CDATA[14]]></position>
<datalanguage iso_code="ca" >
<name><![CDATA[Capacité]]></name>
<public_name><![CDATA[Capacité]]></public_name>
</datalanguage>
<datalanguage iso_code="de" >
<name><![CDATA[Capacité]]></name>
<public_name><![CDATA[Capacité]]></public_name>
</datalanguage>
<datalanguage iso_code="en" >
<name><![CDATA[Capacité]]></name>
<public_name><![CDATA[Capacité]]></public_name>
</datalanguage>
<datalanguage iso_code="es" >
<name><![CDATA[Capacité]]></name>
<public_name><![CDATA[Capacité]]></public_name>
</datalanguage>
<datalanguage iso_code="fr" default="1" >
<name><![CDATA[Capacité]]></name>
<public_name><![CDATA[Capacité]]></public_name>
</datalanguage>
<datalanguage iso_code="gb" >
<name><![CDATA[Capacité]]></name>
<public_name><![CDATA[Capacité]]></public_name>
</datalanguage>
<datalanguage iso_code="gl" >
<name><![CDATA[Capacité]]></name>
<public_name><![CDATA[Capacité]]></public_name>
</datalanguage>
<datalanguage iso_code="it" >
<name><![CDATA[Capacité]]></name>
<public_name><![CDATA[Capacité]]></public_name>
</datalanguage>
<datashop id_shop="1"></datashop>
<datashop id_shop="3"></datashop>
<datashop id_shop="5"></datashop>
<datashop id_shop="6"></datashop>
<datashop id_shop="7"></datashop>
<datashop id_shop="8"></datashop>
</attribute_group>
<attribute_group><id_attribute_group><![CDATA[26]]></id_attribute_group>
<is_color_group><![CDATA[0]]></is_color_group>
<group_type><![CDATA[select]]></group_type>
<position><![CDATA[15]]></position>
<datalanguage iso_code="ca" >
<name><![CDATA[Filetage]]></name>
<public_name><![CDATA[Filetage]]></public_name>
</datalanguage>
<datalanguage iso_code="de" >
<name><![CDATA[Filetage]]></name>
<public_name><![CDATA[Filetage]]></public_name>
</datalanguage>
<datalanguage iso_code="en" >
<name><![CDATA[Filetage]]></name>
<public_name><![CDATA[Filetage]]></public_name>
</datalanguage>
<datalanguage iso_code="es" >
<name><![CDATA[Filetage]]></name>
<public_name><![CDATA[Filetage]]></public_name>
</datalanguage>
<datalanguage iso_code="fr" default="1" >
<name><![CDATA[Filetage]]></name>
<public_name><![CDATA[Filetage]]></public_name>
</datalanguage>
<datalanguage iso_code="gb" >
<name><![CDATA[Filetage]]></name>
<public_name><![CDATA[Filetage]]></public_name>
</datalanguage>
<datalanguage iso_code="gl" >
<name><![CDATA[Filetage]]></name>
<public_name><![CDATA[Filetage]]></public_name>
</datalanguage>
<datalanguage iso_code="it" >
<name><![CDATA[Filetage]]></name>
<public_name><![CDATA[Filetage]]></public_name>
</datalanguage>
<datashop id_shop="1"></datashop>
<datashop id_shop="2"></datashop>
<datashop id_shop="3"></datashop>
<datashop id_shop="4"></datashop>
<datashop id_shop="5"></datashop>
<datashop id_shop="6"></datashop>
<datashop id_shop="7"></datashop>
<datashop id_shop="8"></datashop>
</attribute_group>
<attribute_group><id_attribute_group><![CDATA[27]]></id_attribute_group>
<is_color_group><![CDATA[0]]></is_color_group>
<group_type><![CDATA[select]]></group_type>
<position><![CDATA[16]]></position>
<datalanguage iso_code="ca" >
<name><![CDATA[Diamètre 2]]></name>
<public_name><![CDATA[Diamètre 2]]></public_name>
</datalanguage>
<datalanguage iso_code="de" >
<name><![CDATA[Diamètre 2]]></name>
<public_name><![CDATA[Diamètre 2]]></public_name>
</datalanguage>
<datalanguage iso_code="en" >
<name><![CDATA[Diamètre 2]]></name>
<public_name><![CDATA[Diamètre 2]]></public_name>
</datalanguage>
<datalanguage iso_code="es" >
<name><![CDATA[Diamètre 2]]></name>
<public_name><![CDATA[Diamètre 2]]></public_name>
</datalanguage>
<datalanguage iso_code="fr" default="1" >
<name><![CDATA[Diamètre 2]]></name>
<public_name><![CDATA[Diamètre Réduit]]></public_name>
</datalanguage>
<datalanguage iso_code="gb" >
<name><![CDATA[Diamètre 2]]></name>
<public_name><![CDATA[Diamètre 2]]></public_name>
</datalanguage>
<datalanguage iso_code="gl" >
<name><![CDATA[Diamètre 2]]></name>
<public_name><![CDATA[Diamètre 2]]></public_name>
</datalanguage>
<datalanguage iso_code="it" >
<name><![CDATA[Diamètre 2]]></name>
<public_name><![CDATA[Diamètre 2]]></public_name>
</datalanguage>
<datashop id_shop="1"></datashop>
<datashop id_shop="2"></datashop>
<datashop id_shop="3"></datashop>
<datashop id_shop="4"></datashop>
<datashop id_shop="5"></datashop>
<datashop id_shop="6"></datashop>
<datashop id_shop="7"></datashop>
<datashop id_shop="8"></datashop>
</attribute_group>
<attribute_group><id_attribute_group><![CDATA[28]]></id_attribute_group>
<is_color_group><![CDATA[0]]></is_color_group>
<group_type><![CDATA[select]]></group_type>
<position><![CDATA[17]]></position>
<datalanguage iso_code="ca" >
<name><![CDATA[Modèle]]></name>
<public_name><![CDATA[Modèle]]></public_name>
</datalanguage>
<datalanguage iso_code="de" >
<name><![CDATA[Modèle]]></name>
<public_name><![CDATA[Modèle]]></public_name>
</datalanguage>
<datalanguage iso_code="en" >
<name><![CDATA[Modèle]]></name>
<public_name><![CDATA[Modèle]]></public_name>
</datalanguage>
<datalanguage iso_code="es" >
<name><![CDATA[Modèle]]></name>
<public_name><![CDATA[Modèle]]></public_name>
</datalanguage>
<datalanguage iso_code="fr" default="1" >
<name><![CDATA[Modèle]]></name>
<public_name><![CDATA[Modèle]]></public_name>
</datalanguage>
<datalanguage iso_code="gb" >
<name><![CDATA[Modèle]]></name>
<public_name><![CDATA[Modèle]]></public_name>
</datalanguage>
<datalanguage iso_code="gl" >
<name><![CDATA[Modèle]]></name>
<public_name><![CDATA[Modèle]]></public_name>
</datalanguage>
<datalanguage iso_code="it" >
<name><![CDATA[Modèle]]></name>
<public_name><![CDATA[Modèle]]></public_name>
</datalanguage>
<datashop id_shop="1"></datashop>
<datashop id_shop="2"></datashop>
<datashop id_shop="3"></datashop>
<datashop id_shop="4"></datashop>
<datashop id_shop="5"></datashop>
<datashop id_shop="6"></datashop>
<datashop id_shop="7"></datashop>
<datashop id_shop="8"></datashop>
</attribute_group>
<attribute_group><id_attribute_group><![CDATA[29]]></id_attribute_group>
<is_color_group><![CDATA[0]]></is_color_group>
<group_type><![CDATA[select]]></group_type>
<position><![CDATA[18]]></position>
<datalanguage iso_code="ca" >
<name><![CDATA[Capacité de Réfrigération]]></name>
<public_name><![CDATA[Capacité de Réfrigération]]></public_name>
</datalanguage>
<datalanguage iso_code="de" >
<name><![CDATA[Capacité de Réfrigération]]></name>
<public_name><![CDATA[Capacité de Réfrigération]]></public_name>
</datalanguage>
<datalanguage iso_code="en" >
<name><![CDATA[Capacité de Réfrigération]]></name>
<public_name><![CDATA[Capacité de Réfrigération]]></public_name>
</datalanguage>
<datalanguage iso_code="es" >
<name><![CDATA[Capacité de Réfrigération]]></name>
<public_name><![CDATA[Capacité de Réfrigération]]></public_name>
</datalanguage>
<datalanguage iso_code="fr" default="1" >
<name><![CDATA[Capacité de Réfrigération]]></name>
<public_name><![CDATA[Capacité de Réfrigération]]></public_name>
</datalanguage>
<datalanguage iso_code="gb" >
<name><![CDATA[Capacité de Réfrigération]]></name>
<public_name><![CDATA[Capacité de Réfrigération]]></public_name>
</datalanguage>
<datalanguage iso_code="gl" >
<name><![CDATA[Capacité de Réfrigération]]></name>
<public_name><![CDATA[Capacité de Réfrigération]]></public_name>
</datalanguage>
<datalanguage iso_code="it" >
<name><![CDATA[Capacité de Réfrigération]]></name>
<public_name><![CDATA[Capacité de Réfrigération]]></public_name>
</datalanguage>
<datashop id_shop="1"></datashop>
<datashop id_shop="2"></datashop>
<datashop id_shop="3"></datashop>
<datashop id_shop="4"></datashop>
<datashop id_shop="5"></datashop>
<datashop id_shop="6"></datashop>
<datashop id_shop="7"></datashop>
<datashop id_shop="8"></datashop>
</attribute_group>
<attribute_group><id_attribute_group><![CDATA[30]]></id_attribute_group>
<is_color_group><![CDATA[0]]></is_color_group>
<group_type><![CDATA[select]]></group_type>
<position><![CDATA[19]]></position>
<datalanguage iso_code="ca" >
<name><![CDATA[Personnalisation]]></name>
<public_name><![CDATA[Personnalisation]]></public_name>
</datalanguage>
<datalanguage iso_code="de" >
<name><![CDATA[Personnalisation]]></name>
<public_name><![CDATA[Personnalisation]]></public_name>
</datalanguage>
<datalanguage iso_code="en" >
<name><![CDATA[Personnalisation]]></name>
<public_name><![CDATA[Personnalisation]]></public_name>
</datalanguage>
<datalanguage iso_code="es" >
<name><![CDATA[Personnalisation]]></name>
<public_name><![CDATA[Personnalisation]]></public_name>
</datalanguage>
<datalanguage iso_code="fr" default="1" >
<name><![CDATA[Personnalisation]]></name>
<public_name><![CDATA[Personnalisation]]></public_name>
</datalanguage>
<datalanguage iso_code="gb" >
<name><![CDATA[Personnalisation]]></name>
<public_name><![CDATA[Personnalisation]]></public_name>
</datalanguage>
<datalanguage iso_code="gl" >
<name><![CDATA[Personnalisation]]></name>
<public_name><![CDATA[Personnalisation]]></public_name>
</datalanguage>
<datalanguage iso_code="it" >
<name><![CDATA[Personnalisation]]></name>
<public_name><![CDATA[Personnalisation]]></public_name>
</datalanguage>
<datashop id_shop="1"></datashop>
<datashop id_shop="3"></datashop>
<datashop id_shop="4"></datashop>
<datashop id_shop="5"></datashop>
<datashop id_shop="6"></datashop>
<datashop id_shop="7"></datashop>
<datashop id_shop="8"></datashop>
</attribute_group>
</entity_profile>
