<?xml version="1.0" encoding="UTF-8"?>
<entity_profile>
<cart_rule_product_rule_value><id_item><![CDATA[1]]></id_item>
<id_product_rule><![CDATA[17]]></id_product_rule>
</cart_rule_product_rule_value>
<cart_rule_product_rule_value><id_item><![CDATA[5]]></id_item>
<id_product_rule><![CDATA[17]]></id_product_rule>
</cart_rule_product_rule_value>
<cart_rule_product_rule_value><id_item><![CDATA[6]]></id_item>
<id_product_rule><![CDATA[17]]></id_product_rule>
</cart_rule_product_rule_value>
<cart_rule_product_rule_value><id_item><![CDATA[7]]></id_item>
<id_product_rule><![CDATA[17]]></id_product_rule>
</cart_rule_product_rule_value>
<cart_rule_product_rule_value><id_item><![CDATA[9]]></id_item>
<id_product_rule><![CDATA[17]]></id_product_rule>
</cart_rule_product_rule_value>
<cart_rule_product_rule_value><id_item><![CDATA[10]]></id_item>
<id_product_rule><![CDATA[17]]></id_product_rule>
</cart_rule_product_rule_value>
<cart_rule_product_rule_value><id_item><![CDATA[11]]></id_item>
<id_product_rule><![CDATA[17]]></id_product_rule>
</cart_rule_product_rule_value>
<cart_rule_product_rule_value><id_item><![CDATA[13]]></id_item>
<id_product_rule><![CDATA[17]]></id_product_rule>
</cart_rule_product_rule_value>
<cart_rule_product_rule_value><id_item><![CDATA[14]]></id_item>
<id_product_rule><![CDATA[17]]></id_product_rule>
</cart_rule_product_rule_value>
<cart_rule_product_rule_value><id_item><![CDATA[15]]></id_item>
<id_product_rule><![CDATA[17]]></id_product_rule>
</cart_rule_product_rule_value>
<cart_rule_product_rule_value><id_item><![CDATA[16]]></id_item>
<id_product_rule><![CDATA[17]]></id_product_rule>
</cart_rule_product_rule_value>
<cart_rule_product_rule_value><id_item><![CDATA[17]]></id_item>
<id_product_rule><![CDATA[17]]></id_product_rule>
</cart_rule_product_rule_value>
<cart_rule_product_rule_value><id_item><![CDATA[18]]></id_item>
<id_product_rule><![CDATA[17]]></id_product_rule>
</cart_rule_product_rule_value>
<cart_rule_product_rule_value><id_item><![CDATA[27]]></id_item>
<id_product_rule><![CDATA[17]]></id_product_rule>
</cart_rule_product_rule_value>
<cart_rule_product_rule_value><id_item><![CDATA[28]]></id_item>
<id_product_rule><![CDATA[17]]></id_product_rule>
</cart_rule_product_rule_value>
<cart_rule_product_rule_value><id_item><![CDATA[30]]></id_item>
<id_product_rule><![CDATA[17]]></id_product_rule>
</cart_rule_product_rule_value>
<cart_rule_product_rule_value><id_item><![CDATA[31]]></id_item>
<id_product_rule><![CDATA[17]]></id_product_rule>
</cart_rule_product_rule_value>
<cart_rule_product_rule_value><id_item><![CDATA[32]]></id_item>
<id_product_rule><![CDATA[17]]></id_product_rule>
</cart_rule_product_rule_value>
<cart_rule_product_rule_value><id_item><![CDATA[34]]></id_item>
<id_product_rule><![CDATA[17]]></id_product_rule>
</cart_rule_product_rule_value>
<cart_rule_product_rule_value><id_item><![CDATA[35]]></id_item>
<id_product_rule><![CDATA[17]]></id_product_rule>
</cart_rule_product_rule_value>
<cart_rule_product_rule_value><id_item><![CDATA[38]]></id_item>
<id_product_rule><![CDATA[17]]></id_product_rule>
</cart_rule_product_rule_value>
<cart_rule_product_rule_value><id_item><![CDATA[39]]></id_item>
<id_product_rule><![CDATA[17]]></id_product_rule>
</cart_rule_product_rule_value>
<cart_rule_product_rule_value><id_item><![CDATA[41]]></id_item>
<id_product_rule><![CDATA[17]]></id_product_rule>
</cart_rule_product_rule_value>
<cart_rule_product_rule_value><id_item><![CDATA[43]]></id_item>
<id_product_rule><![CDATA[17]]></id_product_rule>
</cart_rule_product_rule_value>
<cart_rule_product_rule_value><id_item><![CDATA[44]]></id_item>
<id_product_rule><![CDATA[17]]></id_product_rule>
</cart_rule_product_rule_value>
<cart_rule_product_rule_value><id_item><![CDATA[45]]></id_item>
<id_product_rule><![CDATA[17]]></id_product_rule>
</cart_rule_product_rule_value>
<cart_rule_product_rule_value><id_item><![CDATA[1]]></id_item>
<id_product_rule><![CDATA[18]]></id_product_rule>
</cart_rule_product_rule_value>
<cart_rule_product_rule_value><id_item><![CDATA[5]]></id_item>
<id_product_rule><![CDATA[18]]></id_product_rule>
</cart_rule_product_rule_value>
<cart_rule_product_rule_value><id_item><![CDATA[6]]></id_item>
<id_product_rule><![CDATA[18]]></id_product_rule>
</cart_rule_product_rule_value>
<cart_rule_product_rule_value><id_item><![CDATA[7]]></id_item>
<id_product_rule><![CDATA[18]]></id_product_rule>
</cart_rule_product_rule_value>
<cart_rule_product_rule_value><id_item><![CDATA[9]]></id_item>
<id_product_rule><![CDATA[18]]></id_product_rule>
</cart_rule_product_rule_value>
<cart_rule_product_rule_value><id_item><![CDATA[10]]></id_item>
<id_product_rule><![CDATA[18]]></id_product_rule>
</cart_rule_product_rule_value>
<cart_rule_product_rule_value><id_item><![CDATA[11]]></id_item>
<id_product_rule><![CDATA[18]]></id_product_rule>
</cart_rule_product_rule_value>
<cart_rule_product_rule_value><id_item><![CDATA[13]]></id_item>
<id_product_rule><![CDATA[18]]></id_product_rule>
</cart_rule_product_rule_value>
<cart_rule_product_rule_value><id_item><![CDATA[14]]></id_item>
<id_product_rule><![CDATA[18]]></id_product_rule>
</cart_rule_product_rule_value>
<cart_rule_product_rule_value><id_item><![CDATA[15]]></id_item>
<id_product_rule><![CDATA[18]]></id_product_rule>
</cart_rule_product_rule_value>
<cart_rule_product_rule_value><id_item><![CDATA[16]]></id_item>
<id_product_rule><![CDATA[18]]></id_product_rule>
</cart_rule_product_rule_value>
<cart_rule_product_rule_value><id_item><![CDATA[17]]></id_item>
<id_product_rule><![CDATA[18]]></id_product_rule>
</cart_rule_product_rule_value>
<cart_rule_product_rule_value><id_item><![CDATA[18]]></id_item>
<id_product_rule><![CDATA[18]]></id_product_rule>
</cart_rule_product_rule_value>
<cart_rule_product_rule_value><id_item><![CDATA[27]]></id_item>
<id_product_rule><![CDATA[18]]></id_product_rule>
</cart_rule_product_rule_value>
<cart_rule_product_rule_value><id_item><![CDATA[28]]></id_item>
<id_product_rule><![CDATA[18]]></id_product_rule>
</cart_rule_product_rule_value>
<cart_rule_product_rule_value><id_item><![CDATA[30]]></id_item>
<id_product_rule><![CDATA[18]]></id_product_rule>
</cart_rule_product_rule_value>
<cart_rule_product_rule_value><id_item><![CDATA[31]]></id_item>
<id_product_rule><![CDATA[18]]></id_product_rule>
</cart_rule_product_rule_value>
<cart_rule_product_rule_value><id_item><![CDATA[32]]></id_item>
<id_product_rule><![CDATA[18]]></id_product_rule>
</cart_rule_product_rule_value>
<cart_rule_product_rule_value><id_item><![CDATA[34]]></id_item>
<id_product_rule><![CDATA[18]]></id_product_rule>
</cart_rule_product_rule_value>
<cart_rule_product_rule_value><id_item><![CDATA[35]]></id_item>
<id_product_rule><![CDATA[18]]></id_product_rule>
</cart_rule_product_rule_value>
<cart_rule_product_rule_value><id_item><![CDATA[38]]></id_item>
<id_product_rule><![CDATA[18]]></id_product_rule>
</cart_rule_product_rule_value>
<cart_rule_product_rule_value><id_item><![CDATA[39]]></id_item>
<id_product_rule><![CDATA[18]]></id_product_rule>
</cart_rule_product_rule_value>
<cart_rule_product_rule_value><id_item><![CDATA[41]]></id_item>
<id_product_rule><![CDATA[18]]></id_product_rule>
</cart_rule_product_rule_value>
<cart_rule_product_rule_value><id_item><![CDATA[43]]></id_item>
<id_product_rule><![CDATA[18]]></id_product_rule>
</cart_rule_product_rule_value>
<cart_rule_product_rule_value><id_item><![CDATA[44]]></id_item>
<id_product_rule><![CDATA[18]]></id_product_rule>
</cart_rule_product_rule_value>
<cart_rule_product_rule_value><id_item><![CDATA[45]]></id_item>
<id_product_rule><![CDATA[18]]></id_product_rule>
</cart_rule_product_rule_value>
<cart_rule_product_rule_value><id_item><![CDATA[1]]></id_item>
<id_product_rule><![CDATA[19]]></id_product_rule>
</cart_rule_product_rule_value>
<cart_rule_product_rule_value><id_item><![CDATA[5]]></id_item>
<id_product_rule><![CDATA[19]]></id_product_rule>
</cart_rule_product_rule_value>
<cart_rule_product_rule_value><id_item><![CDATA[6]]></id_item>
<id_product_rule><![CDATA[19]]></id_product_rule>
</cart_rule_product_rule_value>
<cart_rule_product_rule_value><id_item><![CDATA[7]]></id_item>
<id_product_rule><![CDATA[19]]></id_product_rule>
</cart_rule_product_rule_value>
<cart_rule_product_rule_value><id_item><![CDATA[9]]></id_item>
<id_product_rule><![CDATA[19]]></id_product_rule>
</cart_rule_product_rule_value>
<cart_rule_product_rule_value><id_item><![CDATA[10]]></id_item>
<id_product_rule><![CDATA[19]]></id_product_rule>
</cart_rule_product_rule_value>
<cart_rule_product_rule_value><id_item><![CDATA[11]]></id_item>
<id_product_rule><![CDATA[19]]></id_product_rule>
</cart_rule_product_rule_value>
<cart_rule_product_rule_value><id_item><![CDATA[13]]></id_item>
<id_product_rule><![CDATA[19]]></id_product_rule>
</cart_rule_product_rule_value>
<cart_rule_product_rule_value><id_item><![CDATA[14]]></id_item>
<id_product_rule><![CDATA[19]]></id_product_rule>
</cart_rule_product_rule_value>
<cart_rule_product_rule_value><id_item><![CDATA[15]]></id_item>
<id_product_rule><![CDATA[19]]></id_product_rule>
</cart_rule_product_rule_value>
<cart_rule_product_rule_value><id_item><![CDATA[16]]></id_item>
<id_product_rule><![CDATA[19]]></id_product_rule>
</cart_rule_product_rule_value>
<cart_rule_product_rule_value><id_item><![CDATA[17]]></id_item>
<id_product_rule><![CDATA[19]]></id_product_rule>
</cart_rule_product_rule_value>
<cart_rule_product_rule_value><id_item><![CDATA[18]]></id_item>
<id_product_rule><![CDATA[19]]></id_product_rule>
</cart_rule_product_rule_value>
<cart_rule_product_rule_value><id_item><![CDATA[27]]></id_item>
<id_product_rule><![CDATA[19]]></id_product_rule>
</cart_rule_product_rule_value>
<cart_rule_product_rule_value><id_item><![CDATA[28]]></id_item>
<id_product_rule><![CDATA[19]]></id_product_rule>
</cart_rule_product_rule_value>
<cart_rule_product_rule_value><id_item><![CDATA[30]]></id_item>
<id_product_rule><![CDATA[19]]></id_product_rule>
</cart_rule_product_rule_value>
<cart_rule_product_rule_value><id_item><![CDATA[31]]></id_item>
<id_product_rule><![CDATA[19]]></id_product_rule>
</cart_rule_product_rule_value>
<cart_rule_product_rule_value><id_item><![CDATA[32]]></id_item>
<id_product_rule><![CDATA[19]]></id_product_rule>
</cart_rule_product_rule_value>
<cart_rule_product_rule_value><id_item><![CDATA[34]]></id_item>
<id_product_rule><![CDATA[19]]></id_product_rule>
</cart_rule_product_rule_value>
<cart_rule_product_rule_value><id_item><![CDATA[35]]></id_item>
<id_product_rule><![CDATA[19]]></id_product_rule>
</cart_rule_product_rule_value>
<cart_rule_product_rule_value><id_item><![CDATA[38]]></id_item>
<id_product_rule><![CDATA[19]]></id_product_rule>
</cart_rule_product_rule_value>
<cart_rule_product_rule_value><id_item><![CDATA[39]]></id_item>
<id_product_rule><![CDATA[19]]></id_product_rule>
</cart_rule_product_rule_value>
<cart_rule_product_rule_value><id_item><![CDATA[41]]></id_item>
<id_product_rule><![CDATA[19]]></id_product_rule>
</cart_rule_product_rule_value>
<cart_rule_product_rule_value><id_item><![CDATA[43]]></id_item>
<id_product_rule><![CDATA[19]]></id_product_rule>
</cart_rule_product_rule_value>
<cart_rule_product_rule_value><id_item><![CDATA[44]]></id_item>
<id_product_rule><![CDATA[19]]></id_product_rule>
</cart_rule_product_rule_value>
<cart_rule_product_rule_value><id_item><![CDATA[45]]></id_item>
<id_product_rule><![CDATA[19]]></id_product_rule>
</cart_rule_product_rule_value>
<cart_rule_product_rule_value><id_item><![CDATA[1]]></id_item>
<id_product_rule><![CDATA[20]]></id_product_rule>
</cart_rule_product_rule_value>
<cart_rule_product_rule_value><id_item><![CDATA[5]]></id_item>
<id_product_rule><![CDATA[20]]></id_product_rule>
</cart_rule_product_rule_value>
<cart_rule_product_rule_value><id_item><![CDATA[6]]></id_item>
<id_product_rule><![CDATA[20]]></id_product_rule>
</cart_rule_product_rule_value>
<cart_rule_product_rule_value><id_item><![CDATA[7]]></id_item>
<id_product_rule><![CDATA[20]]></id_product_rule>
</cart_rule_product_rule_value>
<cart_rule_product_rule_value><id_item><![CDATA[9]]></id_item>
<id_product_rule><![CDATA[20]]></id_product_rule>
</cart_rule_product_rule_value>
<cart_rule_product_rule_value><id_item><![CDATA[10]]></id_item>
<id_product_rule><![CDATA[20]]></id_product_rule>
</cart_rule_product_rule_value>
<cart_rule_product_rule_value><id_item><![CDATA[11]]></id_item>
<id_product_rule><![CDATA[20]]></id_product_rule>
</cart_rule_product_rule_value>
<cart_rule_product_rule_value><id_item><![CDATA[13]]></id_item>
<id_product_rule><![CDATA[20]]></id_product_rule>
</cart_rule_product_rule_value>
<cart_rule_product_rule_value><id_item><![CDATA[14]]></id_item>
<id_product_rule><![CDATA[20]]></id_product_rule>
</cart_rule_product_rule_value>
<cart_rule_product_rule_value><id_item><![CDATA[15]]></id_item>
<id_product_rule><![CDATA[20]]></id_product_rule>
</cart_rule_product_rule_value>
<cart_rule_product_rule_value><id_item><![CDATA[16]]></id_item>
<id_product_rule><![CDATA[20]]></id_product_rule>
</cart_rule_product_rule_value>
<cart_rule_product_rule_value><id_item><![CDATA[17]]></id_item>
<id_product_rule><![CDATA[20]]></id_product_rule>
</cart_rule_product_rule_value>
<cart_rule_product_rule_value><id_item><![CDATA[18]]></id_item>
<id_product_rule><![CDATA[20]]></id_product_rule>
</cart_rule_product_rule_value>
<cart_rule_product_rule_value><id_item><![CDATA[27]]></id_item>
<id_product_rule><![CDATA[20]]></id_product_rule>
</cart_rule_product_rule_value>
<cart_rule_product_rule_value><id_item><![CDATA[28]]></id_item>
<id_product_rule><![CDATA[20]]></id_product_rule>
</cart_rule_product_rule_value>
<cart_rule_product_rule_value><id_item><![CDATA[30]]></id_item>
<id_product_rule><![CDATA[20]]></id_product_rule>
</cart_rule_product_rule_value>
<cart_rule_product_rule_value><id_item><![CDATA[31]]></id_item>
<id_product_rule><![CDATA[20]]></id_product_rule>
</cart_rule_product_rule_value>
<cart_rule_product_rule_value><id_item><![CDATA[32]]></id_item>
<id_product_rule><![CDATA[20]]></id_product_rule>
</cart_rule_product_rule_value>
<cart_rule_product_rule_value><id_item><![CDATA[34]]></id_item>
<id_product_rule><![CDATA[20]]></id_product_rule>
</cart_rule_product_rule_value>
<cart_rule_product_rule_value><id_item><![CDATA[35]]></id_item>
<id_product_rule><![CDATA[20]]></id_product_rule>
</cart_rule_product_rule_value>
<cart_rule_product_rule_value><id_item><![CDATA[38]]></id_item>
<id_product_rule><![CDATA[20]]></id_product_rule>
</cart_rule_product_rule_value>
<cart_rule_product_rule_value><id_item><![CDATA[39]]></id_item>
<id_product_rule><![CDATA[20]]></id_product_rule>
</cart_rule_product_rule_value>
<cart_rule_product_rule_value><id_item><![CDATA[41]]></id_item>
<id_product_rule><![CDATA[20]]></id_product_rule>
</cart_rule_product_rule_value>
<cart_rule_product_rule_value><id_item><![CDATA[43]]></id_item>
<id_product_rule><![CDATA[20]]></id_product_rule>
</cart_rule_product_rule_value>
<cart_rule_product_rule_value><id_item><![CDATA[44]]></id_item>
<id_product_rule><![CDATA[20]]></id_product_rule>
</cart_rule_product_rule_value>
<cart_rule_product_rule_value><id_item><![CDATA[45]]></id_item>
<id_product_rule><![CDATA[20]]></id_product_rule>
</cart_rule_product_rule_value>
<cart_rule_product_rule_value><id_item><![CDATA[1]]></id_item>
<id_product_rule><![CDATA[27]]></id_product_rule>
</cart_rule_product_rule_value>
<cart_rule_product_rule_value><id_item><![CDATA[5]]></id_item>
<id_product_rule><![CDATA[27]]></id_product_rule>
</cart_rule_product_rule_value>
<cart_rule_product_rule_value><id_item><![CDATA[6]]></id_item>
<id_product_rule><![CDATA[27]]></id_product_rule>
</cart_rule_product_rule_value>
<cart_rule_product_rule_value><id_item><![CDATA[7]]></id_item>
<id_product_rule><![CDATA[27]]></id_product_rule>
</cart_rule_product_rule_value>
<cart_rule_product_rule_value><id_item><![CDATA[9]]></id_item>
<id_product_rule><![CDATA[27]]></id_product_rule>
</cart_rule_product_rule_value>
<cart_rule_product_rule_value><id_item><![CDATA[10]]></id_item>
<id_product_rule><![CDATA[27]]></id_product_rule>
</cart_rule_product_rule_value>
<cart_rule_product_rule_value><id_item><![CDATA[11]]></id_item>
<id_product_rule><![CDATA[27]]></id_product_rule>
</cart_rule_product_rule_value>
<cart_rule_product_rule_value><id_item><![CDATA[13]]></id_item>
<id_product_rule><![CDATA[27]]></id_product_rule>
</cart_rule_product_rule_value>
<cart_rule_product_rule_value><id_item><![CDATA[14]]></id_item>
<id_product_rule><![CDATA[27]]></id_product_rule>
</cart_rule_product_rule_value>
<cart_rule_product_rule_value><id_item><![CDATA[15]]></id_item>
<id_product_rule><![CDATA[27]]></id_product_rule>
</cart_rule_product_rule_value>
<cart_rule_product_rule_value><id_item><![CDATA[16]]></id_item>
<id_product_rule><![CDATA[27]]></id_product_rule>
</cart_rule_product_rule_value>
<cart_rule_product_rule_value><id_item><![CDATA[17]]></id_item>
<id_product_rule><![CDATA[27]]></id_product_rule>
</cart_rule_product_rule_value>
<cart_rule_product_rule_value><id_item><![CDATA[18]]></id_item>
<id_product_rule><![CDATA[27]]></id_product_rule>
</cart_rule_product_rule_value>
<cart_rule_product_rule_value><id_item><![CDATA[27]]></id_item>
<id_product_rule><![CDATA[27]]></id_product_rule>
</cart_rule_product_rule_value>
<cart_rule_product_rule_value><id_item><![CDATA[28]]></id_item>
<id_product_rule><![CDATA[27]]></id_product_rule>
</cart_rule_product_rule_value>
<cart_rule_product_rule_value><id_item><![CDATA[30]]></id_item>
<id_product_rule><![CDATA[27]]></id_product_rule>
</cart_rule_product_rule_value>
<cart_rule_product_rule_value><id_item><![CDATA[31]]></id_item>
<id_product_rule><![CDATA[27]]></id_product_rule>
</cart_rule_product_rule_value>
<cart_rule_product_rule_value><id_item><![CDATA[32]]></id_item>
<id_product_rule><![CDATA[27]]></id_product_rule>
</cart_rule_product_rule_value>
<cart_rule_product_rule_value><id_item><![CDATA[34]]></id_item>
<id_product_rule><![CDATA[27]]></id_product_rule>
</cart_rule_product_rule_value>
<cart_rule_product_rule_value><id_item><![CDATA[35]]></id_item>
<id_product_rule><![CDATA[27]]></id_product_rule>
</cart_rule_product_rule_value>
<cart_rule_product_rule_value><id_item><![CDATA[38]]></id_item>
<id_product_rule><![CDATA[27]]></id_product_rule>
</cart_rule_product_rule_value>
<cart_rule_product_rule_value><id_item><![CDATA[39]]></id_item>
<id_product_rule><![CDATA[27]]></id_product_rule>
</cart_rule_product_rule_value>
<cart_rule_product_rule_value><id_item><![CDATA[41]]></id_item>
<id_product_rule><![CDATA[27]]></id_product_rule>
</cart_rule_product_rule_value>
<cart_rule_product_rule_value><id_item><![CDATA[43]]></id_item>
<id_product_rule><![CDATA[27]]></id_product_rule>
</cart_rule_product_rule_value>
<cart_rule_product_rule_value><id_item><![CDATA[44]]></id_item>
<id_product_rule><![CDATA[27]]></id_product_rule>
</cart_rule_product_rule_value>
<cart_rule_product_rule_value><id_item><![CDATA[45]]></id_item>
<id_product_rule><![CDATA[27]]></id_product_rule>
</cart_rule_product_rule_value>
<cart_rule_product_rule_value><id_item><![CDATA[1]]></id_item>
<id_product_rule><![CDATA[28]]></id_product_rule>
</cart_rule_product_rule_value>
<cart_rule_product_rule_value><id_item><![CDATA[5]]></id_item>
<id_product_rule><![CDATA[28]]></id_product_rule>
</cart_rule_product_rule_value>
<cart_rule_product_rule_value><id_item><![CDATA[6]]></id_item>
<id_product_rule><![CDATA[28]]></id_product_rule>
</cart_rule_product_rule_value>
<cart_rule_product_rule_value><id_item><![CDATA[7]]></id_item>
<id_product_rule><![CDATA[28]]></id_product_rule>
</cart_rule_product_rule_value>
<cart_rule_product_rule_value><id_item><![CDATA[9]]></id_item>
<id_product_rule><![CDATA[28]]></id_product_rule>
</cart_rule_product_rule_value>
<cart_rule_product_rule_value><id_item><![CDATA[10]]></id_item>
<id_product_rule><![CDATA[28]]></id_product_rule>
</cart_rule_product_rule_value>
<cart_rule_product_rule_value><id_item><![CDATA[11]]></id_item>
<id_product_rule><![CDATA[28]]></id_product_rule>
</cart_rule_product_rule_value>
<cart_rule_product_rule_value><id_item><![CDATA[13]]></id_item>
<id_product_rule><![CDATA[28]]></id_product_rule>
</cart_rule_product_rule_value>
<cart_rule_product_rule_value><id_item><![CDATA[14]]></id_item>
<id_product_rule><![CDATA[28]]></id_product_rule>
</cart_rule_product_rule_value>
<cart_rule_product_rule_value><id_item><![CDATA[15]]></id_item>
<id_product_rule><![CDATA[28]]></id_product_rule>
</cart_rule_product_rule_value>
<cart_rule_product_rule_value><id_item><![CDATA[16]]></id_item>
<id_product_rule><![CDATA[28]]></id_product_rule>
</cart_rule_product_rule_value>
<cart_rule_product_rule_value><id_item><![CDATA[17]]></id_item>
<id_product_rule><![CDATA[28]]></id_product_rule>
</cart_rule_product_rule_value>
<cart_rule_product_rule_value><id_item><![CDATA[18]]></id_item>
<id_product_rule><![CDATA[28]]></id_product_rule>
</cart_rule_product_rule_value>
<cart_rule_product_rule_value><id_item><![CDATA[27]]></id_item>
<id_product_rule><![CDATA[28]]></id_product_rule>
</cart_rule_product_rule_value>
<cart_rule_product_rule_value><id_item><![CDATA[28]]></id_item>
<id_product_rule><![CDATA[28]]></id_product_rule>
</cart_rule_product_rule_value>
<cart_rule_product_rule_value><id_item><![CDATA[30]]></id_item>
<id_product_rule><![CDATA[28]]></id_product_rule>
</cart_rule_product_rule_value>
<cart_rule_product_rule_value><id_item><![CDATA[31]]></id_item>
<id_product_rule><![CDATA[28]]></id_product_rule>
</cart_rule_product_rule_value>
<cart_rule_product_rule_value><id_item><![CDATA[32]]></id_item>
<id_product_rule><![CDATA[28]]></id_product_rule>
</cart_rule_product_rule_value>
<cart_rule_product_rule_value><id_item><![CDATA[34]]></id_item>
<id_product_rule><![CDATA[28]]></id_product_rule>
</cart_rule_product_rule_value>
<cart_rule_product_rule_value><id_item><![CDATA[35]]></id_item>
<id_product_rule><![CDATA[28]]></id_product_rule>
</cart_rule_product_rule_value>
<cart_rule_product_rule_value><id_item><![CDATA[38]]></id_item>
<id_product_rule><![CDATA[28]]></id_product_rule>
</cart_rule_product_rule_value>
<cart_rule_product_rule_value><id_item><![CDATA[39]]></id_item>
<id_product_rule><![CDATA[28]]></id_product_rule>
</cart_rule_product_rule_value>
<cart_rule_product_rule_value><id_item><![CDATA[41]]></id_item>
<id_product_rule><![CDATA[28]]></id_product_rule>
</cart_rule_product_rule_value>
<cart_rule_product_rule_value><id_item><![CDATA[43]]></id_item>
<id_product_rule><![CDATA[28]]></id_product_rule>
</cart_rule_product_rule_value>
<cart_rule_product_rule_value><id_item><![CDATA[44]]></id_item>
<id_product_rule><![CDATA[28]]></id_product_rule>
</cart_rule_product_rule_value>
<cart_rule_product_rule_value><id_item><![CDATA[45]]></id_item>
<id_product_rule><![CDATA[28]]></id_product_rule>
</cart_rule_product_rule_value>
<cart_rule_product_rule_value><id_item><![CDATA[1]]></id_item>
<id_product_rule><![CDATA[29]]></id_product_rule>
</cart_rule_product_rule_value>
<cart_rule_product_rule_value><id_item><![CDATA[5]]></id_item>
<id_product_rule><![CDATA[29]]></id_product_rule>
</cart_rule_product_rule_value>
<cart_rule_product_rule_value><id_item><![CDATA[6]]></id_item>
<id_product_rule><![CDATA[29]]></id_product_rule>
</cart_rule_product_rule_value>
<cart_rule_product_rule_value><id_item><![CDATA[7]]></id_item>
<id_product_rule><![CDATA[29]]></id_product_rule>
</cart_rule_product_rule_value>
<cart_rule_product_rule_value><id_item><![CDATA[9]]></id_item>
<id_product_rule><![CDATA[29]]></id_product_rule>
</cart_rule_product_rule_value>
<cart_rule_product_rule_value><id_item><![CDATA[10]]></id_item>
<id_product_rule><![CDATA[29]]></id_product_rule>
</cart_rule_product_rule_value>
<cart_rule_product_rule_value><id_item><![CDATA[11]]></id_item>
<id_product_rule><![CDATA[29]]></id_product_rule>
</cart_rule_product_rule_value>
<cart_rule_product_rule_value><id_item><![CDATA[13]]></id_item>
<id_product_rule><![CDATA[29]]></id_product_rule>
</cart_rule_product_rule_value>
<cart_rule_product_rule_value><id_item><![CDATA[14]]></id_item>
<id_product_rule><![CDATA[29]]></id_product_rule>
</cart_rule_product_rule_value>
<cart_rule_product_rule_value><id_item><![CDATA[15]]></id_item>
<id_product_rule><![CDATA[29]]></id_product_rule>
</cart_rule_product_rule_value>
<cart_rule_product_rule_value><id_item><![CDATA[16]]></id_item>
<id_product_rule><![CDATA[29]]></id_product_rule>
</cart_rule_product_rule_value>
<cart_rule_product_rule_value><id_item><![CDATA[17]]></id_item>
<id_product_rule><![CDATA[29]]></id_product_rule>
</cart_rule_product_rule_value>
<cart_rule_product_rule_value><id_item><![CDATA[18]]></id_item>
<id_product_rule><![CDATA[29]]></id_product_rule>
</cart_rule_product_rule_value>
<cart_rule_product_rule_value><id_item><![CDATA[27]]></id_item>
<id_product_rule><![CDATA[29]]></id_product_rule>
</cart_rule_product_rule_value>
<cart_rule_product_rule_value><id_item><![CDATA[28]]></id_item>
<id_product_rule><![CDATA[29]]></id_product_rule>
</cart_rule_product_rule_value>
<cart_rule_product_rule_value><id_item><![CDATA[30]]></id_item>
<id_product_rule><![CDATA[29]]></id_product_rule>
</cart_rule_product_rule_value>
<cart_rule_product_rule_value><id_item><![CDATA[31]]></id_item>
<id_product_rule><![CDATA[29]]></id_product_rule>
</cart_rule_product_rule_value>
<cart_rule_product_rule_value><id_item><![CDATA[32]]></id_item>
<id_product_rule><![CDATA[29]]></id_product_rule>
</cart_rule_product_rule_value>
<cart_rule_product_rule_value><id_item><![CDATA[34]]></id_item>
<id_product_rule><![CDATA[29]]></id_product_rule>
</cart_rule_product_rule_value>
<cart_rule_product_rule_value><id_item><![CDATA[35]]></id_item>
<id_product_rule><![CDATA[29]]></id_product_rule>
</cart_rule_product_rule_value>
<cart_rule_product_rule_value><id_item><![CDATA[38]]></id_item>
<id_product_rule><![CDATA[29]]></id_product_rule>
</cart_rule_product_rule_value>
<cart_rule_product_rule_value><id_item><![CDATA[39]]></id_item>
<id_product_rule><![CDATA[29]]></id_product_rule>
</cart_rule_product_rule_value>
<cart_rule_product_rule_value><id_item><![CDATA[41]]></id_item>
<id_product_rule><![CDATA[29]]></id_product_rule>
</cart_rule_product_rule_value>
<cart_rule_product_rule_value><id_item><![CDATA[43]]></id_item>
<id_product_rule><![CDATA[29]]></id_product_rule>
</cart_rule_product_rule_value>
<cart_rule_product_rule_value><id_item><![CDATA[44]]></id_item>
<id_product_rule><![CDATA[29]]></id_product_rule>
</cart_rule_product_rule_value>
<cart_rule_product_rule_value><id_item><![CDATA[45]]></id_item>
<id_product_rule><![CDATA[29]]></id_product_rule>
</cart_rule_product_rule_value>
<cart_rule_product_rule_value><id_item><![CDATA[1]]></id_item>
<id_product_rule><![CDATA[30]]></id_product_rule>
</cart_rule_product_rule_value>
<cart_rule_product_rule_value><id_item><![CDATA[5]]></id_item>
<id_product_rule><![CDATA[30]]></id_product_rule>
</cart_rule_product_rule_value>
<cart_rule_product_rule_value><id_item><![CDATA[6]]></id_item>
<id_product_rule><![CDATA[30]]></id_product_rule>
</cart_rule_product_rule_value>
<cart_rule_product_rule_value><id_item><![CDATA[7]]></id_item>
<id_product_rule><![CDATA[30]]></id_product_rule>
</cart_rule_product_rule_value>
<cart_rule_product_rule_value><id_item><![CDATA[9]]></id_item>
<id_product_rule><![CDATA[30]]></id_product_rule>
</cart_rule_product_rule_value>
<cart_rule_product_rule_value><id_item><![CDATA[10]]></id_item>
<id_product_rule><![CDATA[30]]></id_product_rule>
</cart_rule_product_rule_value>
<cart_rule_product_rule_value><id_item><![CDATA[11]]></id_item>
<id_product_rule><![CDATA[30]]></id_product_rule>
</cart_rule_product_rule_value>
<cart_rule_product_rule_value><id_item><![CDATA[13]]></id_item>
<id_product_rule><![CDATA[30]]></id_product_rule>
</cart_rule_product_rule_value>
<cart_rule_product_rule_value><id_item><![CDATA[14]]></id_item>
<id_product_rule><![CDATA[30]]></id_product_rule>
</cart_rule_product_rule_value>
<cart_rule_product_rule_value><id_item><![CDATA[15]]></id_item>
<id_product_rule><![CDATA[30]]></id_product_rule>
</cart_rule_product_rule_value>
<cart_rule_product_rule_value><id_item><![CDATA[16]]></id_item>
<id_product_rule><![CDATA[30]]></id_product_rule>
</cart_rule_product_rule_value>
<cart_rule_product_rule_value><id_item><![CDATA[17]]></id_item>
<id_product_rule><![CDATA[30]]></id_product_rule>
</cart_rule_product_rule_value>
<cart_rule_product_rule_value><id_item><![CDATA[18]]></id_item>
<id_product_rule><![CDATA[30]]></id_product_rule>
</cart_rule_product_rule_value>
<cart_rule_product_rule_value><id_item><![CDATA[27]]></id_item>
<id_product_rule><![CDATA[30]]></id_product_rule>
</cart_rule_product_rule_value>
<cart_rule_product_rule_value><id_item><![CDATA[28]]></id_item>
<id_product_rule><![CDATA[30]]></id_product_rule>
</cart_rule_product_rule_value>
<cart_rule_product_rule_value><id_item><![CDATA[30]]></id_item>
<id_product_rule><![CDATA[30]]></id_product_rule>
</cart_rule_product_rule_value>
<cart_rule_product_rule_value><id_item><![CDATA[31]]></id_item>
<id_product_rule><![CDATA[30]]></id_product_rule>
</cart_rule_product_rule_value>
<cart_rule_product_rule_value><id_item><![CDATA[32]]></id_item>
<id_product_rule><![CDATA[30]]></id_product_rule>
</cart_rule_product_rule_value>
<cart_rule_product_rule_value><id_item><![CDATA[34]]></id_item>
<id_product_rule><![CDATA[30]]></id_product_rule>
</cart_rule_product_rule_value>
<cart_rule_product_rule_value><id_item><![CDATA[35]]></id_item>
<id_product_rule><![CDATA[30]]></id_product_rule>
</cart_rule_product_rule_value>
<cart_rule_product_rule_value><id_item><![CDATA[38]]></id_item>
<id_product_rule><![CDATA[30]]></id_product_rule>
</cart_rule_product_rule_value>
<cart_rule_product_rule_value><id_item><![CDATA[39]]></id_item>
<id_product_rule><![CDATA[30]]></id_product_rule>
</cart_rule_product_rule_value>
<cart_rule_product_rule_value><id_item><![CDATA[41]]></id_item>
<id_product_rule><![CDATA[30]]></id_product_rule>
</cart_rule_product_rule_value>
<cart_rule_product_rule_value><id_item><![CDATA[43]]></id_item>
<id_product_rule><![CDATA[30]]></id_product_rule>
</cart_rule_product_rule_value>
<cart_rule_product_rule_value><id_item><![CDATA[44]]></id_item>
<id_product_rule><![CDATA[30]]></id_product_rule>
</cart_rule_product_rule_value>
<cart_rule_product_rule_value><id_item><![CDATA[45]]></id_item>
<id_product_rule><![CDATA[30]]></id_product_rule>
</cart_rule_product_rule_value>
<cart_rule_product_rule_value><id_item><![CDATA[1]]></id_item>
<id_product_rule><![CDATA[31]]></id_product_rule>
</cart_rule_product_rule_value>
<cart_rule_product_rule_value><id_item><![CDATA[5]]></id_item>
<id_product_rule><![CDATA[31]]></id_product_rule>
</cart_rule_product_rule_value>
<cart_rule_product_rule_value><id_item><![CDATA[6]]></id_item>
<id_product_rule><![CDATA[31]]></id_product_rule>
</cart_rule_product_rule_value>
<cart_rule_product_rule_value><id_item><![CDATA[7]]></id_item>
<id_product_rule><![CDATA[31]]></id_product_rule>
</cart_rule_product_rule_value>
<cart_rule_product_rule_value><id_item><![CDATA[9]]></id_item>
<id_product_rule><![CDATA[31]]></id_product_rule>
</cart_rule_product_rule_value>
<cart_rule_product_rule_value><id_item><![CDATA[10]]></id_item>
<id_product_rule><![CDATA[31]]></id_product_rule>
</cart_rule_product_rule_value>
<cart_rule_product_rule_value><id_item><![CDATA[11]]></id_item>
<id_product_rule><![CDATA[31]]></id_product_rule>
</cart_rule_product_rule_value>
<cart_rule_product_rule_value><id_item><![CDATA[13]]></id_item>
<id_product_rule><![CDATA[31]]></id_product_rule>
</cart_rule_product_rule_value>
<cart_rule_product_rule_value><id_item><![CDATA[14]]></id_item>
<id_product_rule><![CDATA[31]]></id_product_rule>
</cart_rule_product_rule_value>
<cart_rule_product_rule_value><id_item><![CDATA[15]]></id_item>
<id_product_rule><![CDATA[31]]></id_product_rule>
</cart_rule_product_rule_value>
<cart_rule_product_rule_value><id_item><![CDATA[16]]></id_item>
<id_product_rule><![CDATA[31]]></id_product_rule>
</cart_rule_product_rule_value>
<cart_rule_product_rule_value><id_item><![CDATA[17]]></id_item>
<id_product_rule><![CDATA[31]]></id_product_rule>
</cart_rule_product_rule_value>
<cart_rule_product_rule_value><id_item><![CDATA[18]]></id_item>
<id_product_rule><![CDATA[31]]></id_product_rule>
</cart_rule_product_rule_value>
<cart_rule_product_rule_value><id_item><![CDATA[27]]></id_item>
<id_product_rule><![CDATA[31]]></id_product_rule>
</cart_rule_product_rule_value>
<cart_rule_product_rule_value><id_item><![CDATA[28]]></id_item>
<id_product_rule><![CDATA[31]]></id_product_rule>
</cart_rule_product_rule_value>
<cart_rule_product_rule_value><id_item><![CDATA[30]]></id_item>
<id_product_rule><![CDATA[31]]></id_product_rule>
</cart_rule_product_rule_value>
<cart_rule_product_rule_value><id_item><![CDATA[31]]></id_item>
<id_product_rule><![CDATA[31]]></id_product_rule>
</cart_rule_product_rule_value>
<cart_rule_product_rule_value><id_item><![CDATA[32]]></id_item>
<id_product_rule><![CDATA[31]]></id_product_rule>
</cart_rule_product_rule_value>
<cart_rule_product_rule_value><id_item><![CDATA[34]]></id_item>
<id_product_rule><![CDATA[31]]></id_product_rule>
</cart_rule_product_rule_value>
<cart_rule_product_rule_value><id_item><![CDATA[35]]></id_item>
<id_product_rule><![CDATA[31]]></id_product_rule>
</cart_rule_product_rule_value>
<cart_rule_product_rule_value><id_item><![CDATA[38]]></id_item>
<id_product_rule><![CDATA[31]]></id_product_rule>
</cart_rule_product_rule_value>
<cart_rule_product_rule_value><id_item><![CDATA[39]]></id_item>
<id_product_rule><![CDATA[31]]></id_product_rule>
</cart_rule_product_rule_value>
<cart_rule_product_rule_value><id_item><![CDATA[41]]></id_item>
<id_product_rule><![CDATA[31]]></id_product_rule>
</cart_rule_product_rule_value>
<cart_rule_product_rule_value><id_item><![CDATA[43]]></id_item>
<id_product_rule><![CDATA[31]]></id_product_rule>
</cart_rule_product_rule_value>
<cart_rule_product_rule_value><id_item><![CDATA[44]]></id_item>
<id_product_rule><![CDATA[31]]></id_product_rule>
</cart_rule_product_rule_value>
<cart_rule_product_rule_value><id_item><![CDATA[45]]></id_item>
<id_product_rule><![CDATA[31]]></id_product_rule>
</cart_rule_product_rule_value>
<cart_rule_product_rule_value><id_item><![CDATA[80]]></id_item>
<id_product_rule><![CDATA[31]]></id_product_rule>
</cart_rule_product_rule_value>
<cart_rule_product_rule_value><id_item><![CDATA[81]]></id_item>
<id_product_rule><![CDATA[32]]></id_product_rule>
</cart_rule_product_rule_value>
<cart_rule_product_rule_value><id_item><![CDATA[82]]></id_item>
<id_product_rule><![CDATA[32]]></id_product_rule>
</cart_rule_product_rule_value>
<cart_rule_product_rule_value><id_item><![CDATA[83]]></id_item>
<id_product_rule><![CDATA[32]]></id_product_rule>
</cart_rule_product_rule_value>
<cart_rule_product_rule_value><id_item><![CDATA[33]]></id_item>
<id_product_rule><![CDATA[36]]></id_product_rule>
</cart_rule_product_rule_value>
<cart_rule_product_rule_value><id_item><![CDATA[1]]></id_item>
<id_product_rule><![CDATA[37]]></id_product_rule>
</cart_rule_product_rule_value>
<cart_rule_product_rule_value><id_item><![CDATA[5]]></id_item>
<id_product_rule><![CDATA[37]]></id_product_rule>
</cart_rule_product_rule_value>
<cart_rule_product_rule_value><id_item><![CDATA[6]]></id_item>
<id_product_rule><![CDATA[37]]></id_product_rule>
</cart_rule_product_rule_value>
<cart_rule_product_rule_value><id_item><![CDATA[7]]></id_item>
<id_product_rule><![CDATA[37]]></id_product_rule>
</cart_rule_product_rule_value>
<cart_rule_product_rule_value><id_item><![CDATA[9]]></id_item>
<id_product_rule><![CDATA[37]]></id_product_rule>
</cart_rule_product_rule_value>
<cart_rule_product_rule_value><id_item><![CDATA[10]]></id_item>
<id_product_rule><![CDATA[37]]></id_product_rule>
</cart_rule_product_rule_value>
<cart_rule_product_rule_value><id_item><![CDATA[11]]></id_item>
<id_product_rule><![CDATA[37]]></id_product_rule>
</cart_rule_product_rule_value>
<cart_rule_product_rule_value><id_item><![CDATA[13]]></id_item>
<id_product_rule><![CDATA[37]]></id_product_rule>
</cart_rule_product_rule_value>
<cart_rule_product_rule_value><id_item><![CDATA[14]]></id_item>
<id_product_rule><![CDATA[37]]></id_product_rule>
</cart_rule_product_rule_value>
<cart_rule_product_rule_value><id_item><![CDATA[15]]></id_item>
<id_product_rule><![CDATA[37]]></id_product_rule>
</cart_rule_product_rule_value>
<cart_rule_product_rule_value><id_item><![CDATA[16]]></id_item>
<id_product_rule><![CDATA[37]]></id_product_rule>
</cart_rule_product_rule_value>
<cart_rule_product_rule_value><id_item><![CDATA[17]]></id_item>
<id_product_rule><![CDATA[37]]></id_product_rule>
</cart_rule_product_rule_value>
<cart_rule_product_rule_value><id_item><![CDATA[18]]></id_item>
<id_product_rule><![CDATA[37]]></id_product_rule>
</cart_rule_product_rule_value>
<cart_rule_product_rule_value><id_item><![CDATA[27]]></id_item>
<id_product_rule><![CDATA[37]]></id_product_rule>
</cart_rule_product_rule_value>
<cart_rule_product_rule_value><id_item><![CDATA[28]]></id_item>
<id_product_rule><![CDATA[37]]></id_product_rule>
</cart_rule_product_rule_value>
<cart_rule_product_rule_value><id_item><![CDATA[30]]></id_item>
<id_product_rule><![CDATA[37]]></id_product_rule>
</cart_rule_product_rule_value>
<cart_rule_product_rule_value><id_item><![CDATA[31]]></id_item>
<id_product_rule><![CDATA[37]]></id_product_rule>
</cart_rule_product_rule_value>
<cart_rule_product_rule_value><id_item><![CDATA[32]]></id_item>
<id_product_rule><![CDATA[37]]></id_product_rule>
</cart_rule_product_rule_value>
<cart_rule_product_rule_value><id_item><![CDATA[34]]></id_item>
<id_product_rule><![CDATA[37]]></id_product_rule>
</cart_rule_product_rule_value>
<cart_rule_product_rule_value><id_item><![CDATA[35]]></id_item>
<id_product_rule><![CDATA[37]]></id_product_rule>
</cart_rule_product_rule_value>
<cart_rule_product_rule_value><id_item><![CDATA[38]]></id_item>
<id_product_rule><![CDATA[37]]></id_product_rule>
</cart_rule_product_rule_value>
<cart_rule_product_rule_value><id_item><![CDATA[39]]></id_item>
<id_product_rule><![CDATA[37]]></id_product_rule>
</cart_rule_product_rule_value>
<cart_rule_product_rule_value><id_item><![CDATA[41]]></id_item>
<id_product_rule><![CDATA[37]]></id_product_rule>
</cart_rule_product_rule_value>
<cart_rule_product_rule_value><id_item><![CDATA[43]]></id_item>
<id_product_rule><![CDATA[37]]></id_product_rule>
</cart_rule_product_rule_value>
<cart_rule_product_rule_value><id_item><![CDATA[44]]></id_item>
<id_product_rule><![CDATA[37]]></id_product_rule>
</cart_rule_product_rule_value>
<cart_rule_product_rule_value><id_item><![CDATA[45]]></id_item>
<id_product_rule><![CDATA[37]]></id_product_rule>
</cart_rule_product_rule_value>
<cart_rule_product_rule_value><id_item><![CDATA[80]]></id_item>
<id_product_rule><![CDATA[37]]></id_product_rule>
</cart_rule_product_rule_value>
<cart_rule_product_rule_value><id_item><![CDATA[1]]></id_item>
<id_product_rule><![CDATA[38]]></id_product_rule>
</cart_rule_product_rule_value>
<cart_rule_product_rule_value><id_item><![CDATA[5]]></id_item>
<id_product_rule><![CDATA[38]]></id_product_rule>
</cart_rule_product_rule_value>
<cart_rule_product_rule_value><id_item><![CDATA[6]]></id_item>
<id_product_rule><![CDATA[38]]></id_product_rule>
</cart_rule_product_rule_value>
<cart_rule_product_rule_value><id_item><![CDATA[7]]></id_item>
<id_product_rule><![CDATA[38]]></id_product_rule>
</cart_rule_product_rule_value>
<cart_rule_product_rule_value><id_item><![CDATA[9]]></id_item>
<id_product_rule><![CDATA[38]]></id_product_rule>
</cart_rule_product_rule_value>
<cart_rule_product_rule_value><id_item><![CDATA[10]]></id_item>
<id_product_rule><![CDATA[38]]></id_product_rule>
</cart_rule_product_rule_value>
<cart_rule_product_rule_value><id_item><![CDATA[11]]></id_item>
<id_product_rule><![CDATA[38]]></id_product_rule>
</cart_rule_product_rule_value>
<cart_rule_product_rule_value><id_item><![CDATA[13]]></id_item>
<id_product_rule><![CDATA[38]]></id_product_rule>
</cart_rule_product_rule_value>
<cart_rule_product_rule_value><id_item><![CDATA[14]]></id_item>
<id_product_rule><![CDATA[38]]></id_product_rule>
</cart_rule_product_rule_value>
<cart_rule_product_rule_value><id_item><![CDATA[15]]></id_item>
<id_product_rule><![CDATA[38]]></id_product_rule>
</cart_rule_product_rule_value>
<cart_rule_product_rule_value><id_item><![CDATA[16]]></id_item>
<id_product_rule><![CDATA[38]]></id_product_rule>
</cart_rule_product_rule_value>
<cart_rule_product_rule_value><id_item><![CDATA[17]]></id_item>
<id_product_rule><![CDATA[38]]></id_product_rule>
</cart_rule_product_rule_value>
<cart_rule_product_rule_value><id_item><![CDATA[18]]></id_item>
<id_product_rule><![CDATA[38]]></id_product_rule>
</cart_rule_product_rule_value>
<cart_rule_product_rule_value><id_item><![CDATA[27]]></id_item>
<id_product_rule><![CDATA[38]]></id_product_rule>
</cart_rule_product_rule_value>
<cart_rule_product_rule_value><id_item><![CDATA[28]]></id_item>
<id_product_rule><![CDATA[38]]></id_product_rule>
</cart_rule_product_rule_value>
<cart_rule_product_rule_value><id_item><![CDATA[30]]></id_item>
<id_product_rule><![CDATA[38]]></id_product_rule>
</cart_rule_product_rule_value>
<cart_rule_product_rule_value><id_item><![CDATA[31]]></id_item>
<id_product_rule><![CDATA[38]]></id_product_rule>
</cart_rule_product_rule_value>
<cart_rule_product_rule_value><id_item><![CDATA[32]]></id_item>
<id_product_rule><![CDATA[38]]></id_product_rule>
</cart_rule_product_rule_value>
<cart_rule_product_rule_value><id_item><![CDATA[34]]></id_item>
<id_product_rule><![CDATA[38]]></id_product_rule>
</cart_rule_product_rule_value>
<cart_rule_product_rule_value><id_item><![CDATA[35]]></id_item>
<id_product_rule><![CDATA[38]]></id_product_rule>
</cart_rule_product_rule_value>
<cart_rule_product_rule_value><id_item><![CDATA[38]]></id_item>
<id_product_rule><![CDATA[38]]></id_product_rule>
</cart_rule_product_rule_value>
<cart_rule_product_rule_value><id_item><![CDATA[39]]></id_item>
<id_product_rule><![CDATA[38]]></id_product_rule>
</cart_rule_product_rule_value>
<cart_rule_product_rule_value><id_item><![CDATA[41]]></id_item>
<id_product_rule><![CDATA[38]]></id_product_rule>
</cart_rule_product_rule_value>
<cart_rule_product_rule_value><id_item><![CDATA[43]]></id_item>
<id_product_rule><![CDATA[38]]></id_product_rule>
</cart_rule_product_rule_value>
<cart_rule_product_rule_value><id_item><![CDATA[44]]></id_item>
<id_product_rule><![CDATA[38]]></id_product_rule>
</cart_rule_product_rule_value>
<cart_rule_product_rule_value><id_item><![CDATA[45]]></id_item>
<id_product_rule><![CDATA[38]]></id_product_rule>
</cart_rule_product_rule_value>
<cart_rule_product_rule_value><id_item><![CDATA[80]]></id_item>
<id_product_rule><![CDATA[38]]></id_product_rule>
</cart_rule_product_rule_value>
<cart_rule_product_rule_value><id_item><![CDATA[1]]></id_item>
<id_product_rule><![CDATA[39]]></id_product_rule>
</cart_rule_product_rule_value>
<cart_rule_product_rule_value><id_item><![CDATA[5]]></id_item>
<id_product_rule><![CDATA[39]]></id_product_rule>
</cart_rule_product_rule_value>
<cart_rule_product_rule_value><id_item><![CDATA[6]]></id_item>
<id_product_rule><![CDATA[39]]></id_product_rule>
</cart_rule_product_rule_value>
<cart_rule_product_rule_value><id_item><![CDATA[7]]></id_item>
<id_product_rule><![CDATA[39]]></id_product_rule>
</cart_rule_product_rule_value>
<cart_rule_product_rule_value><id_item><![CDATA[9]]></id_item>
<id_product_rule><![CDATA[39]]></id_product_rule>
</cart_rule_product_rule_value>
<cart_rule_product_rule_value><id_item><![CDATA[10]]></id_item>
<id_product_rule><![CDATA[39]]></id_product_rule>
</cart_rule_product_rule_value>
<cart_rule_product_rule_value><id_item><![CDATA[11]]></id_item>
<id_product_rule><![CDATA[39]]></id_product_rule>
</cart_rule_product_rule_value>
<cart_rule_product_rule_value><id_item><![CDATA[13]]></id_item>
<id_product_rule><![CDATA[39]]></id_product_rule>
</cart_rule_product_rule_value>
<cart_rule_product_rule_value><id_item><![CDATA[14]]></id_item>
<id_product_rule><![CDATA[39]]></id_product_rule>
</cart_rule_product_rule_value>
<cart_rule_product_rule_value><id_item><![CDATA[15]]></id_item>
<id_product_rule><![CDATA[39]]></id_product_rule>
</cart_rule_product_rule_value>
<cart_rule_product_rule_value><id_item><![CDATA[16]]></id_item>
<id_product_rule><![CDATA[39]]></id_product_rule>
</cart_rule_product_rule_value>
<cart_rule_product_rule_value><id_item><![CDATA[17]]></id_item>
<id_product_rule><![CDATA[39]]></id_product_rule>
</cart_rule_product_rule_value>
<cart_rule_product_rule_value><id_item><![CDATA[18]]></id_item>
<id_product_rule><![CDATA[39]]></id_product_rule>
</cart_rule_product_rule_value>
<cart_rule_product_rule_value><id_item><![CDATA[27]]></id_item>
<id_product_rule><![CDATA[39]]></id_product_rule>
</cart_rule_product_rule_value>
<cart_rule_product_rule_value><id_item><![CDATA[28]]></id_item>
<id_product_rule><![CDATA[39]]></id_product_rule>
</cart_rule_product_rule_value>
<cart_rule_product_rule_value><id_item><![CDATA[30]]></id_item>
<id_product_rule><![CDATA[39]]></id_product_rule>
</cart_rule_product_rule_value>
<cart_rule_product_rule_value><id_item><![CDATA[31]]></id_item>
<id_product_rule><![CDATA[39]]></id_product_rule>
</cart_rule_product_rule_value>
<cart_rule_product_rule_value><id_item><![CDATA[32]]></id_item>
<id_product_rule><![CDATA[39]]></id_product_rule>
</cart_rule_product_rule_value>
<cart_rule_product_rule_value><id_item><![CDATA[34]]></id_item>
<id_product_rule><![CDATA[39]]></id_product_rule>
</cart_rule_product_rule_value>
<cart_rule_product_rule_value><id_item><![CDATA[35]]></id_item>
<id_product_rule><![CDATA[39]]></id_product_rule>
</cart_rule_product_rule_value>
<cart_rule_product_rule_value><id_item><![CDATA[38]]></id_item>
<id_product_rule><![CDATA[39]]></id_product_rule>
</cart_rule_product_rule_value>
<cart_rule_product_rule_value><id_item><![CDATA[39]]></id_item>
<id_product_rule><![CDATA[39]]></id_product_rule>
</cart_rule_product_rule_value>
<cart_rule_product_rule_value><id_item><![CDATA[41]]></id_item>
<id_product_rule><![CDATA[39]]></id_product_rule>
</cart_rule_product_rule_value>
<cart_rule_product_rule_value><id_item><![CDATA[43]]></id_item>
<id_product_rule><![CDATA[39]]></id_product_rule>
</cart_rule_product_rule_value>
<cart_rule_product_rule_value><id_item><![CDATA[44]]></id_item>
<id_product_rule><![CDATA[39]]></id_product_rule>
</cart_rule_product_rule_value>
<cart_rule_product_rule_value><id_item><![CDATA[45]]></id_item>
<id_product_rule><![CDATA[39]]></id_product_rule>
</cart_rule_product_rule_value>
<cart_rule_product_rule_value><id_item><![CDATA[80]]></id_item>
<id_product_rule><![CDATA[39]]></id_product_rule>
</cart_rule_product_rule_value>
<cart_rule_product_rule_value><id_item><![CDATA[1]]></id_item>
<id_product_rule><![CDATA[40]]></id_product_rule>
</cart_rule_product_rule_value>
<cart_rule_product_rule_value><id_item><![CDATA[5]]></id_item>
<id_product_rule><![CDATA[40]]></id_product_rule>
</cart_rule_product_rule_value>
<cart_rule_product_rule_value><id_item><![CDATA[6]]></id_item>
<id_product_rule><![CDATA[40]]></id_product_rule>
</cart_rule_product_rule_value>
<cart_rule_product_rule_value><id_item><![CDATA[7]]></id_item>
<id_product_rule><![CDATA[40]]></id_product_rule>
</cart_rule_product_rule_value>
<cart_rule_product_rule_value><id_item><![CDATA[9]]></id_item>
<id_product_rule><![CDATA[40]]></id_product_rule>
</cart_rule_product_rule_value>
<cart_rule_product_rule_value><id_item><![CDATA[10]]></id_item>
<id_product_rule><![CDATA[40]]></id_product_rule>
</cart_rule_product_rule_value>
<cart_rule_product_rule_value><id_item><![CDATA[11]]></id_item>
<id_product_rule><![CDATA[40]]></id_product_rule>
</cart_rule_product_rule_value>
<cart_rule_product_rule_value><id_item><![CDATA[13]]></id_item>
<id_product_rule><![CDATA[40]]></id_product_rule>
</cart_rule_product_rule_value>
<cart_rule_product_rule_value><id_item><![CDATA[14]]></id_item>
<id_product_rule><![CDATA[40]]></id_product_rule>
</cart_rule_product_rule_value>
<cart_rule_product_rule_value><id_item><![CDATA[15]]></id_item>
<id_product_rule><![CDATA[40]]></id_product_rule>
</cart_rule_product_rule_value>
<cart_rule_product_rule_value><id_item><![CDATA[16]]></id_item>
<id_product_rule><![CDATA[40]]></id_product_rule>
</cart_rule_product_rule_value>
<cart_rule_product_rule_value><id_item><![CDATA[17]]></id_item>
<id_product_rule><![CDATA[40]]></id_product_rule>
</cart_rule_product_rule_value>
<cart_rule_product_rule_value><id_item><![CDATA[18]]></id_item>
<id_product_rule><![CDATA[40]]></id_product_rule>
</cart_rule_product_rule_value>
<cart_rule_product_rule_value><id_item><![CDATA[27]]></id_item>
<id_product_rule><![CDATA[40]]></id_product_rule>
</cart_rule_product_rule_value>
<cart_rule_product_rule_value><id_item><![CDATA[28]]></id_item>
<id_product_rule><![CDATA[40]]></id_product_rule>
</cart_rule_product_rule_value>
<cart_rule_product_rule_value><id_item><![CDATA[30]]></id_item>
<id_product_rule><![CDATA[40]]></id_product_rule>
</cart_rule_product_rule_value>
<cart_rule_product_rule_value><id_item><![CDATA[31]]></id_item>
<id_product_rule><![CDATA[40]]></id_product_rule>
</cart_rule_product_rule_value>
<cart_rule_product_rule_value><id_item><![CDATA[32]]></id_item>
<id_product_rule><![CDATA[40]]></id_product_rule>
</cart_rule_product_rule_value>
<cart_rule_product_rule_value><id_item><![CDATA[34]]></id_item>
<id_product_rule><![CDATA[40]]></id_product_rule>
</cart_rule_product_rule_value>
<cart_rule_product_rule_value><id_item><![CDATA[35]]></id_item>
<id_product_rule><![CDATA[40]]></id_product_rule>
</cart_rule_product_rule_value>
<cart_rule_product_rule_value><id_item><![CDATA[38]]></id_item>
<id_product_rule><![CDATA[40]]></id_product_rule>
</cart_rule_product_rule_value>
<cart_rule_product_rule_value><id_item><![CDATA[39]]></id_item>
<id_product_rule><![CDATA[40]]></id_product_rule>
</cart_rule_product_rule_value>
<cart_rule_product_rule_value><id_item><![CDATA[41]]></id_item>
<id_product_rule><![CDATA[40]]></id_product_rule>
</cart_rule_product_rule_value>
<cart_rule_product_rule_value><id_item><![CDATA[43]]></id_item>
<id_product_rule><![CDATA[40]]></id_product_rule>
</cart_rule_product_rule_value>
<cart_rule_product_rule_value><id_item><![CDATA[44]]></id_item>
<id_product_rule><![CDATA[40]]></id_product_rule>
</cart_rule_product_rule_value>
<cart_rule_product_rule_value><id_item><![CDATA[45]]></id_item>
<id_product_rule><![CDATA[40]]></id_product_rule>
</cart_rule_product_rule_value>
<cart_rule_product_rule_value><id_item><![CDATA[80]]></id_item>
<id_product_rule><![CDATA[40]]></id_product_rule>
</cart_rule_product_rule_value>
<cart_rule_product_rule_value><id_item><![CDATA[1]]></id_item>
<id_product_rule><![CDATA[41]]></id_product_rule>
</cart_rule_product_rule_value>
<cart_rule_product_rule_value><id_item><![CDATA[5]]></id_item>
<id_product_rule><![CDATA[41]]></id_product_rule>
</cart_rule_product_rule_value>
<cart_rule_product_rule_value><id_item><![CDATA[6]]></id_item>
<id_product_rule><![CDATA[41]]></id_product_rule>
</cart_rule_product_rule_value>
<cart_rule_product_rule_value><id_item><![CDATA[7]]></id_item>
<id_product_rule><![CDATA[41]]></id_product_rule>
</cart_rule_product_rule_value>
<cart_rule_product_rule_value><id_item><![CDATA[9]]></id_item>
<id_product_rule><![CDATA[41]]></id_product_rule>
</cart_rule_product_rule_value>
<cart_rule_product_rule_value><id_item><![CDATA[10]]></id_item>
<id_product_rule><![CDATA[41]]></id_product_rule>
</cart_rule_product_rule_value>
<cart_rule_product_rule_value><id_item><![CDATA[11]]></id_item>
<id_product_rule><![CDATA[41]]></id_product_rule>
</cart_rule_product_rule_value>
<cart_rule_product_rule_value><id_item><![CDATA[13]]></id_item>
<id_product_rule><![CDATA[41]]></id_product_rule>
</cart_rule_product_rule_value>
<cart_rule_product_rule_value><id_item><![CDATA[14]]></id_item>
<id_product_rule><![CDATA[41]]></id_product_rule>
</cart_rule_product_rule_value>
<cart_rule_product_rule_value><id_item><![CDATA[15]]></id_item>
<id_product_rule><![CDATA[41]]></id_product_rule>
</cart_rule_product_rule_value>
<cart_rule_product_rule_value><id_item><![CDATA[16]]></id_item>
<id_product_rule><![CDATA[41]]></id_product_rule>
</cart_rule_product_rule_value>
<cart_rule_product_rule_value><id_item><![CDATA[17]]></id_item>
<id_product_rule><![CDATA[41]]></id_product_rule>
</cart_rule_product_rule_value>
<cart_rule_product_rule_value><id_item><![CDATA[18]]></id_item>
<id_product_rule><![CDATA[41]]></id_product_rule>
</cart_rule_product_rule_value>
<cart_rule_product_rule_value><id_item><![CDATA[27]]></id_item>
<id_product_rule><![CDATA[41]]></id_product_rule>
</cart_rule_product_rule_value>
<cart_rule_product_rule_value><id_item><![CDATA[28]]></id_item>
<id_product_rule><![CDATA[41]]></id_product_rule>
</cart_rule_product_rule_value>
<cart_rule_product_rule_value><id_item><![CDATA[30]]></id_item>
<id_product_rule><![CDATA[41]]></id_product_rule>
</cart_rule_product_rule_value>
<cart_rule_product_rule_value><id_item><![CDATA[31]]></id_item>
<id_product_rule><![CDATA[41]]></id_product_rule>
</cart_rule_product_rule_value>
<cart_rule_product_rule_value><id_item><![CDATA[32]]></id_item>
<id_product_rule><![CDATA[41]]></id_product_rule>
</cart_rule_product_rule_value>
<cart_rule_product_rule_value><id_item><![CDATA[34]]></id_item>
<id_product_rule><![CDATA[41]]></id_product_rule>
</cart_rule_product_rule_value>
<cart_rule_product_rule_value><id_item><![CDATA[35]]></id_item>
<id_product_rule><![CDATA[41]]></id_product_rule>
</cart_rule_product_rule_value>
<cart_rule_product_rule_value><id_item><![CDATA[38]]></id_item>
<id_product_rule><![CDATA[41]]></id_product_rule>
</cart_rule_product_rule_value>
<cart_rule_product_rule_value><id_item><![CDATA[39]]></id_item>
<id_product_rule><![CDATA[41]]></id_product_rule>
</cart_rule_product_rule_value>
<cart_rule_product_rule_value><id_item><![CDATA[41]]></id_item>
<id_product_rule><![CDATA[41]]></id_product_rule>
</cart_rule_product_rule_value>
<cart_rule_product_rule_value><id_item><![CDATA[43]]></id_item>
<id_product_rule><![CDATA[41]]></id_product_rule>
</cart_rule_product_rule_value>
<cart_rule_product_rule_value><id_item><![CDATA[44]]></id_item>
<id_product_rule><![CDATA[41]]></id_product_rule>
</cart_rule_product_rule_value>
<cart_rule_product_rule_value><id_item><![CDATA[45]]></id_item>
<id_product_rule><![CDATA[41]]></id_product_rule>
</cart_rule_product_rule_value>
<cart_rule_product_rule_value><id_item><![CDATA[80]]></id_item>
<id_product_rule><![CDATA[41]]></id_product_rule>
</cart_rule_product_rule_value>
<cart_rule_product_rule_value><id_item><![CDATA[1]]></id_item>
<id_product_rule><![CDATA[43]]></id_product_rule>
</cart_rule_product_rule_value>
<cart_rule_product_rule_value><id_item><![CDATA[5]]></id_item>
<id_product_rule><![CDATA[43]]></id_product_rule>
</cart_rule_product_rule_value>
<cart_rule_product_rule_value><id_item><![CDATA[6]]></id_item>
<id_product_rule><![CDATA[43]]></id_product_rule>
</cart_rule_product_rule_value>
<cart_rule_product_rule_value><id_item><![CDATA[7]]></id_item>
<id_product_rule><![CDATA[43]]></id_product_rule>
</cart_rule_product_rule_value>
<cart_rule_product_rule_value><id_item><![CDATA[9]]></id_item>
<id_product_rule><![CDATA[43]]></id_product_rule>
</cart_rule_product_rule_value>
<cart_rule_product_rule_value><id_item><![CDATA[10]]></id_item>
<id_product_rule><![CDATA[43]]></id_product_rule>
</cart_rule_product_rule_value>
<cart_rule_product_rule_value><id_item><![CDATA[11]]></id_item>
<id_product_rule><![CDATA[43]]></id_product_rule>
</cart_rule_product_rule_value>
<cart_rule_product_rule_value><id_item><![CDATA[13]]></id_item>
<id_product_rule><![CDATA[43]]></id_product_rule>
</cart_rule_product_rule_value>
<cart_rule_product_rule_value><id_item><![CDATA[14]]></id_item>
<id_product_rule><![CDATA[43]]></id_product_rule>
</cart_rule_product_rule_value>
<cart_rule_product_rule_value><id_item><![CDATA[15]]></id_item>
<id_product_rule><![CDATA[43]]></id_product_rule>
</cart_rule_product_rule_value>
<cart_rule_product_rule_value><id_item><![CDATA[16]]></id_item>
<id_product_rule><![CDATA[43]]></id_product_rule>
</cart_rule_product_rule_value>
<cart_rule_product_rule_value><id_item><![CDATA[17]]></id_item>
<id_product_rule><![CDATA[43]]></id_product_rule>
</cart_rule_product_rule_value>
<cart_rule_product_rule_value><id_item><![CDATA[18]]></id_item>
<id_product_rule><![CDATA[43]]></id_product_rule>
</cart_rule_product_rule_value>
<cart_rule_product_rule_value><id_item><![CDATA[25]]></id_item>
<id_product_rule><![CDATA[43]]></id_product_rule>
</cart_rule_product_rule_value>
<cart_rule_product_rule_value><id_item><![CDATA[27]]></id_item>
<id_product_rule><![CDATA[43]]></id_product_rule>
</cart_rule_product_rule_value>
<cart_rule_product_rule_value><id_item><![CDATA[28]]></id_item>
<id_product_rule><![CDATA[43]]></id_product_rule>
</cart_rule_product_rule_value>
<cart_rule_product_rule_value><id_item><![CDATA[30]]></id_item>
<id_product_rule><![CDATA[43]]></id_product_rule>
</cart_rule_product_rule_value>
<cart_rule_product_rule_value><id_item><![CDATA[31]]></id_item>
<id_product_rule><![CDATA[43]]></id_product_rule>
</cart_rule_product_rule_value>
<cart_rule_product_rule_value><id_item><![CDATA[32]]></id_item>
<id_product_rule><![CDATA[43]]></id_product_rule>
</cart_rule_product_rule_value>
<cart_rule_product_rule_value><id_item><![CDATA[34]]></id_item>
<id_product_rule><![CDATA[43]]></id_product_rule>
</cart_rule_product_rule_value>
<cart_rule_product_rule_value><id_item><![CDATA[35]]></id_item>
<id_product_rule><![CDATA[43]]></id_product_rule>
</cart_rule_product_rule_value>
<cart_rule_product_rule_value><id_item><![CDATA[38]]></id_item>
<id_product_rule><![CDATA[43]]></id_product_rule>
</cart_rule_product_rule_value>
<cart_rule_product_rule_value><id_item><![CDATA[39]]></id_item>
<id_product_rule><![CDATA[43]]></id_product_rule>
</cart_rule_product_rule_value>
<cart_rule_product_rule_value><id_item><![CDATA[41]]></id_item>
<id_product_rule><![CDATA[43]]></id_product_rule>
</cart_rule_product_rule_value>
<cart_rule_product_rule_value><id_item><![CDATA[43]]></id_item>
<id_product_rule><![CDATA[43]]></id_product_rule>
</cart_rule_product_rule_value>
<cart_rule_product_rule_value><id_item><![CDATA[44]]></id_item>
<id_product_rule><![CDATA[43]]></id_product_rule>
</cart_rule_product_rule_value>
<cart_rule_product_rule_value><id_item><![CDATA[45]]></id_item>
<id_product_rule><![CDATA[43]]></id_product_rule>
</cart_rule_product_rule_value>
<cart_rule_product_rule_value><id_item><![CDATA[80]]></id_item>
<id_product_rule><![CDATA[43]]></id_product_rule>
</cart_rule_product_rule_value>
<cart_rule_product_rule_value><id_item><![CDATA[1]]></id_item>
<id_product_rule><![CDATA[44]]></id_product_rule>
</cart_rule_product_rule_value>
<cart_rule_product_rule_value><id_item><![CDATA[5]]></id_item>
<id_product_rule><![CDATA[44]]></id_product_rule>
</cart_rule_product_rule_value>
<cart_rule_product_rule_value><id_item><![CDATA[6]]></id_item>
<id_product_rule><![CDATA[44]]></id_product_rule>
</cart_rule_product_rule_value>
<cart_rule_product_rule_value><id_item><![CDATA[7]]></id_item>
<id_product_rule><![CDATA[44]]></id_product_rule>
</cart_rule_product_rule_value>
<cart_rule_product_rule_value><id_item><![CDATA[9]]></id_item>
<id_product_rule><![CDATA[44]]></id_product_rule>
</cart_rule_product_rule_value>
<cart_rule_product_rule_value><id_item><![CDATA[10]]></id_item>
<id_product_rule><![CDATA[44]]></id_product_rule>
</cart_rule_product_rule_value>
<cart_rule_product_rule_value><id_item><![CDATA[11]]></id_item>
<id_product_rule><![CDATA[44]]></id_product_rule>
</cart_rule_product_rule_value>
<cart_rule_product_rule_value><id_item><![CDATA[13]]></id_item>
<id_product_rule><![CDATA[44]]></id_product_rule>
</cart_rule_product_rule_value>
<cart_rule_product_rule_value><id_item><![CDATA[14]]></id_item>
<id_product_rule><![CDATA[44]]></id_product_rule>
</cart_rule_product_rule_value>
<cart_rule_product_rule_value><id_item><![CDATA[15]]></id_item>
<id_product_rule><![CDATA[44]]></id_product_rule>
</cart_rule_product_rule_value>
<cart_rule_product_rule_value><id_item><![CDATA[16]]></id_item>
<id_product_rule><![CDATA[44]]></id_product_rule>
</cart_rule_product_rule_value>
<cart_rule_product_rule_value><id_item><![CDATA[17]]></id_item>
<id_product_rule><![CDATA[44]]></id_product_rule>
</cart_rule_product_rule_value>
<cart_rule_product_rule_value><id_item><![CDATA[18]]></id_item>
<id_product_rule><![CDATA[44]]></id_product_rule>
</cart_rule_product_rule_value>
<cart_rule_product_rule_value><id_item><![CDATA[27]]></id_item>
<id_product_rule><![CDATA[44]]></id_product_rule>
</cart_rule_product_rule_value>
<cart_rule_product_rule_value><id_item><![CDATA[28]]></id_item>
<id_product_rule><![CDATA[44]]></id_product_rule>
</cart_rule_product_rule_value>
<cart_rule_product_rule_value><id_item><![CDATA[30]]></id_item>
<id_product_rule><![CDATA[44]]></id_product_rule>
</cart_rule_product_rule_value>
<cart_rule_product_rule_value><id_item><![CDATA[31]]></id_item>
<id_product_rule><![CDATA[44]]></id_product_rule>
</cart_rule_product_rule_value>
<cart_rule_product_rule_value><id_item><![CDATA[32]]></id_item>
<id_product_rule><![CDATA[44]]></id_product_rule>
</cart_rule_product_rule_value>
<cart_rule_product_rule_value><id_item><![CDATA[34]]></id_item>
<id_product_rule><![CDATA[44]]></id_product_rule>
</cart_rule_product_rule_value>
<cart_rule_product_rule_value><id_item><![CDATA[35]]></id_item>
<id_product_rule><![CDATA[44]]></id_product_rule>
</cart_rule_product_rule_value>
<cart_rule_product_rule_value><id_item><![CDATA[38]]></id_item>
<id_product_rule><![CDATA[44]]></id_product_rule>
</cart_rule_product_rule_value>
<cart_rule_product_rule_value><id_item><![CDATA[39]]></id_item>
<id_product_rule><![CDATA[44]]></id_product_rule>
</cart_rule_product_rule_value>
<cart_rule_product_rule_value><id_item><![CDATA[41]]></id_item>
<id_product_rule><![CDATA[44]]></id_product_rule>
</cart_rule_product_rule_value>
<cart_rule_product_rule_value><id_item><![CDATA[43]]></id_item>
<id_product_rule><![CDATA[44]]></id_product_rule>
</cart_rule_product_rule_value>
<cart_rule_product_rule_value><id_item><![CDATA[44]]></id_item>
<id_product_rule><![CDATA[44]]></id_product_rule>
</cart_rule_product_rule_value>
<cart_rule_product_rule_value><id_item><![CDATA[45]]></id_item>
<id_product_rule><![CDATA[44]]></id_product_rule>
</cart_rule_product_rule_value>
<cart_rule_product_rule_value><id_item><![CDATA[80]]></id_item>
<id_product_rule><![CDATA[44]]></id_product_rule>
</cart_rule_product_rule_value>
<cart_rule_product_rule_value><id_item><![CDATA[1]]></id_item>
<id_product_rule><![CDATA[45]]></id_product_rule>
</cart_rule_product_rule_value>
<cart_rule_product_rule_value><id_item><![CDATA[5]]></id_item>
<id_product_rule><![CDATA[45]]></id_product_rule>
</cart_rule_product_rule_value>
<cart_rule_product_rule_value><id_item><![CDATA[6]]></id_item>
<id_product_rule><![CDATA[45]]></id_product_rule>
</cart_rule_product_rule_value>
<cart_rule_product_rule_value><id_item><![CDATA[7]]></id_item>
<id_product_rule><![CDATA[45]]></id_product_rule>
</cart_rule_product_rule_value>
<cart_rule_product_rule_value><id_item><![CDATA[9]]></id_item>
<id_product_rule><![CDATA[45]]></id_product_rule>
</cart_rule_product_rule_value>
<cart_rule_product_rule_value><id_item><![CDATA[10]]></id_item>
<id_product_rule><![CDATA[45]]></id_product_rule>
</cart_rule_product_rule_value>
<cart_rule_product_rule_value><id_item><![CDATA[11]]></id_item>
<id_product_rule><![CDATA[45]]></id_product_rule>
</cart_rule_product_rule_value>
<cart_rule_product_rule_value><id_item><![CDATA[13]]></id_item>
<id_product_rule><![CDATA[45]]></id_product_rule>
</cart_rule_product_rule_value>
<cart_rule_product_rule_value><id_item><![CDATA[14]]></id_item>
<id_product_rule><![CDATA[45]]></id_product_rule>
</cart_rule_product_rule_value>
<cart_rule_product_rule_value><id_item><![CDATA[15]]></id_item>
<id_product_rule><![CDATA[45]]></id_product_rule>
</cart_rule_product_rule_value>
<cart_rule_product_rule_value><id_item><![CDATA[16]]></id_item>
<id_product_rule><![CDATA[45]]></id_product_rule>
</cart_rule_product_rule_value>
<cart_rule_product_rule_value><id_item><![CDATA[17]]></id_item>
<id_product_rule><![CDATA[45]]></id_product_rule>
</cart_rule_product_rule_value>
<cart_rule_product_rule_value><id_item><![CDATA[18]]></id_item>
<id_product_rule><![CDATA[45]]></id_product_rule>
</cart_rule_product_rule_value>
<cart_rule_product_rule_value><id_item><![CDATA[27]]></id_item>
<id_product_rule><![CDATA[45]]></id_product_rule>
</cart_rule_product_rule_value>
<cart_rule_product_rule_value><id_item><![CDATA[28]]></id_item>
<id_product_rule><![CDATA[45]]></id_product_rule>
</cart_rule_product_rule_value>
<cart_rule_product_rule_value><id_item><![CDATA[30]]></id_item>
<id_product_rule><![CDATA[45]]></id_product_rule>
</cart_rule_product_rule_value>
<cart_rule_product_rule_value><id_item><![CDATA[31]]></id_item>
<id_product_rule><![CDATA[45]]></id_product_rule>
</cart_rule_product_rule_value>
<cart_rule_product_rule_value><id_item><![CDATA[32]]></id_item>
<id_product_rule><![CDATA[45]]></id_product_rule>
</cart_rule_product_rule_value>
<cart_rule_product_rule_value><id_item><![CDATA[34]]></id_item>
<id_product_rule><![CDATA[45]]></id_product_rule>
</cart_rule_product_rule_value>
<cart_rule_product_rule_value><id_item><![CDATA[35]]></id_item>
<id_product_rule><![CDATA[45]]></id_product_rule>
</cart_rule_product_rule_value>
<cart_rule_product_rule_value><id_item><![CDATA[38]]></id_item>
<id_product_rule><![CDATA[45]]></id_product_rule>
</cart_rule_product_rule_value>
<cart_rule_product_rule_value><id_item><![CDATA[39]]></id_item>
<id_product_rule><![CDATA[45]]></id_product_rule>
</cart_rule_product_rule_value>
<cart_rule_product_rule_value><id_item><![CDATA[41]]></id_item>
<id_product_rule><![CDATA[45]]></id_product_rule>
</cart_rule_product_rule_value>
<cart_rule_product_rule_value><id_item><![CDATA[43]]></id_item>
<id_product_rule><![CDATA[45]]></id_product_rule>
</cart_rule_product_rule_value>
<cart_rule_product_rule_value><id_item><![CDATA[44]]></id_item>
<id_product_rule><![CDATA[45]]></id_product_rule>
</cart_rule_product_rule_value>
<cart_rule_product_rule_value><id_item><![CDATA[45]]></id_item>
<id_product_rule><![CDATA[45]]></id_product_rule>
</cart_rule_product_rule_value>
<cart_rule_product_rule_value><id_item><![CDATA[80]]></id_item>
<id_product_rule><![CDATA[45]]></id_product_rule>
</cart_rule_product_rule_value>
<cart_rule_product_rule_value><id_item><![CDATA[115]]></id_item>
<id_product_rule><![CDATA[46]]></id_product_rule>
</cart_rule_product_rule_value>
<cart_rule_product_rule_value><id_item><![CDATA[102]]></id_item>
<id_product_rule><![CDATA[52]]></id_product_rule>
</cart_rule_product_rule_value>
<cart_rule_product_rule_value><id_item><![CDATA[1]]></id_item>
<id_product_rule><![CDATA[53]]></id_product_rule>
</cart_rule_product_rule_value>
<cart_rule_product_rule_value><id_item><![CDATA[5]]></id_item>
<id_product_rule><![CDATA[53]]></id_product_rule>
</cart_rule_product_rule_value>
<cart_rule_product_rule_value><id_item><![CDATA[6]]></id_item>
<id_product_rule><![CDATA[53]]></id_product_rule>
</cart_rule_product_rule_value>
<cart_rule_product_rule_value><id_item><![CDATA[7]]></id_item>
<id_product_rule><![CDATA[53]]></id_product_rule>
</cart_rule_product_rule_value>
<cart_rule_product_rule_value><id_item><![CDATA[9]]></id_item>
<id_product_rule><![CDATA[53]]></id_product_rule>
</cart_rule_product_rule_value>
<cart_rule_product_rule_value><id_item><![CDATA[10]]></id_item>
<id_product_rule><![CDATA[53]]></id_product_rule>
</cart_rule_product_rule_value>
<cart_rule_product_rule_value><id_item><![CDATA[11]]></id_item>
<id_product_rule><![CDATA[53]]></id_product_rule>
</cart_rule_product_rule_value>
<cart_rule_product_rule_value><id_item><![CDATA[13]]></id_item>
<id_product_rule><![CDATA[53]]></id_product_rule>
</cart_rule_product_rule_value>
<cart_rule_product_rule_value><id_item><![CDATA[14]]></id_item>
<id_product_rule><![CDATA[53]]></id_product_rule>
</cart_rule_product_rule_value>
<cart_rule_product_rule_value><id_item><![CDATA[15]]></id_item>
<id_product_rule><![CDATA[53]]></id_product_rule>
</cart_rule_product_rule_value>
<cart_rule_product_rule_value><id_item><![CDATA[16]]></id_item>
<id_product_rule><![CDATA[53]]></id_product_rule>
</cart_rule_product_rule_value>
<cart_rule_product_rule_value><id_item><![CDATA[17]]></id_item>
<id_product_rule><![CDATA[53]]></id_product_rule>
</cart_rule_product_rule_value>
<cart_rule_product_rule_value><id_item><![CDATA[18]]></id_item>
<id_product_rule><![CDATA[53]]></id_product_rule>
</cart_rule_product_rule_value>
<cart_rule_product_rule_value><id_item><![CDATA[27]]></id_item>
<id_product_rule><![CDATA[53]]></id_product_rule>
</cart_rule_product_rule_value>
<cart_rule_product_rule_value><id_item><![CDATA[28]]></id_item>
<id_product_rule><![CDATA[53]]></id_product_rule>
</cart_rule_product_rule_value>
<cart_rule_product_rule_value><id_item><![CDATA[30]]></id_item>
<id_product_rule><![CDATA[53]]></id_product_rule>
</cart_rule_product_rule_value>
<cart_rule_product_rule_value><id_item><![CDATA[31]]></id_item>
<id_product_rule><![CDATA[53]]></id_product_rule>
</cart_rule_product_rule_value>
<cart_rule_product_rule_value><id_item><![CDATA[32]]></id_item>
<id_product_rule><![CDATA[53]]></id_product_rule>
</cart_rule_product_rule_value>
<cart_rule_product_rule_value><id_item><![CDATA[34]]></id_item>
<id_product_rule><![CDATA[53]]></id_product_rule>
</cart_rule_product_rule_value>
<cart_rule_product_rule_value><id_item><![CDATA[35]]></id_item>
<id_product_rule><![CDATA[53]]></id_product_rule>
</cart_rule_product_rule_value>
<cart_rule_product_rule_value><id_item><![CDATA[38]]></id_item>
<id_product_rule><![CDATA[53]]></id_product_rule>
</cart_rule_product_rule_value>
<cart_rule_product_rule_value><id_item><![CDATA[39]]></id_item>
<id_product_rule><![CDATA[53]]></id_product_rule>
</cart_rule_product_rule_value>
<cart_rule_product_rule_value><id_item><![CDATA[41]]></id_item>
<id_product_rule><![CDATA[53]]></id_product_rule>
</cart_rule_product_rule_value>
<cart_rule_product_rule_value><id_item><![CDATA[43]]></id_item>
<id_product_rule><![CDATA[53]]></id_product_rule>
</cart_rule_product_rule_value>
<cart_rule_product_rule_value><id_item><![CDATA[44]]></id_item>
<id_product_rule><![CDATA[53]]></id_product_rule>
</cart_rule_product_rule_value>
<cart_rule_product_rule_value><id_item><![CDATA[45]]></id_item>
<id_product_rule><![CDATA[53]]></id_product_rule>
</cart_rule_product_rule_value>
<cart_rule_product_rule_value><id_item><![CDATA[80]]></id_item>
<id_product_rule><![CDATA[53]]></id_product_rule>
</cart_rule_product_rule_value>
<cart_rule_product_rule_value><id_item><![CDATA[1]]></id_item>
<id_product_rule><![CDATA[55]]></id_product_rule>
</cart_rule_product_rule_value>
<cart_rule_product_rule_value><id_item><![CDATA[5]]></id_item>
<id_product_rule><![CDATA[55]]></id_product_rule>
</cart_rule_product_rule_value>
<cart_rule_product_rule_value><id_item><![CDATA[6]]></id_item>
<id_product_rule><![CDATA[55]]></id_product_rule>
</cart_rule_product_rule_value>
<cart_rule_product_rule_value><id_item><![CDATA[7]]></id_item>
<id_product_rule><![CDATA[55]]></id_product_rule>
</cart_rule_product_rule_value>
<cart_rule_product_rule_value><id_item><![CDATA[9]]></id_item>
<id_product_rule><![CDATA[55]]></id_product_rule>
</cart_rule_product_rule_value>
<cart_rule_product_rule_value><id_item><![CDATA[10]]></id_item>
<id_product_rule><![CDATA[55]]></id_product_rule>
</cart_rule_product_rule_value>
<cart_rule_product_rule_value><id_item><![CDATA[11]]></id_item>
<id_product_rule><![CDATA[55]]></id_product_rule>
</cart_rule_product_rule_value>
<cart_rule_product_rule_value><id_item><![CDATA[13]]></id_item>
<id_product_rule><![CDATA[55]]></id_product_rule>
</cart_rule_product_rule_value>
<cart_rule_product_rule_value><id_item><![CDATA[14]]></id_item>
<id_product_rule><![CDATA[55]]></id_product_rule>
</cart_rule_product_rule_value>
<cart_rule_product_rule_value><id_item><![CDATA[15]]></id_item>
<id_product_rule><![CDATA[55]]></id_product_rule>
</cart_rule_product_rule_value>
<cart_rule_product_rule_value><id_item><![CDATA[16]]></id_item>
<id_product_rule><![CDATA[55]]></id_product_rule>
</cart_rule_product_rule_value>
<cart_rule_product_rule_value><id_item><![CDATA[17]]></id_item>
<id_product_rule><![CDATA[55]]></id_product_rule>
</cart_rule_product_rule_value>
<cart_rule_product_rule_value><id_item><![CDATA[18]]></id_item>
<id_product_rule><![CDATA[55]]></id_product_rule>
</cart_rule_product_rule_value>
<cart_rule_product_rule_value><id_item><![CDATA[27]]></id_item>
<id_product_rule><![CDATA[55]]></id_product_rule>
</cart_rule_product_rule_value>
<cart_rule_product_rule_value><id_item><![CDATA[28]]></id_item>
<id_product_rule><![CDATA[55]]></id_product_rule>
</cart_rule_product_rule_value>
</entity_profile>
