<?xml version="1.0" encoding="UTF-8"?>
<entity_profile>
<cart_rule_combination><id_cart_rule_1><![CDATA[521]]></id_cart_rule_1>
<id_cart_rule_2><![CDATA[626]]></id_cart_rule_2>
</cart_rule_combination>
<cart_rule_combination><id_cart_rule_1><![CDATA[521]]></id_cart_rule_1>
<id_cart_rule_2><![CDATA[627]]></id_cart_rule_2>
</cart_rule_combination>
<cart_rule_combination><id_cart_rule_1><![CDATA[521]]></id_cart_rule_1>
<id_cart_rule_2><![CDATA[628]]></id_cart_rule_2>
</cart_rule_combination>
<cart_rule_combination><id_cart_rule_1><![CDATA[521]]></id_cart_rule_1>
<id_cart_rule_2><![CDATA[629]]></id_cart_rule_2>
</cart_rule_combination>
<cart_rule_combination><id_cart_rule_1><![CDATA[521]]></id_cart_rule_1>
<id_cart_rule_2><![CDATA[630]]></id_cart_rule_2>
</cart_rule_combination>
<cart_rule_combination><id_cart_rule_1><![CDATA[521]]></id_cart_rule_1>
<id_cart_rule_2><![CDATA[631]]></id_cart_rule_2>
</cart_rule_combination>
<cart_rule_combination><id_cart_rule_1><![CDATA[521]]></id_cart_rule_1>
<id_cart_rule_2><![CDATA[633]]></id_cart_rule_2>
</cart_rule_combination>
<cart_rule_combination><id_cart_rule_1><![CDATA[521]]></id_cart_rule_1>
<id_cart_rule_2><![CDATA[636]]></id_cart_rule_2>
</cart_rule_combination>
<cart_rule_combination><id_cart_rule_1><![CDATA[521]]></id_cart_rule_1>
<id_cart_rule_2><![CDATA[641]]></id_cart_rule_2>
</cart_rule_combination>
<cart_rule_combination><id_cart_rule_1><![CDATA[521]]></id_cart_rule_1>
<id_cart_rule_2><![CDATA[642]]></id_cart_rule_2>
</cart_rule_combination>
<cart_rule_combination><id_cart_rule_1><![CDATA[521]]></id_cart_rule_1>
<id_cart_rule_2><![CDATA[644]]></id_cart_rule_2>
</cart_rule_combination>
<cart_rule_combination><id_cart_rule_1><![CDATA[521]]></id_cart_rule_1>
<id_cart_rule_2><![CDATA[645]]></id_cart_rule_2>
</cart_rule_combination>
<cart_rule_combination><id_cart_rule_1><![CDATA[521]]></id_cart_rule_1>
<id_cart_rule_2><![CDATA[648]]></id_cart_rule_2>
</cart_rule_combination>
<cart_rule_combination><id_cart_rule_1><![CDATA[521]]></id_cart_rule_1>
<id_cart_rule_2><![CDATA[653]]></id_cart_rule_2>
</cart_rule_combination>
<cart_rule_combination><id_cart_rule_1><![CDATA[521]]></id_cart_rule_1>
<id_cart_rule_2><![CDATA[662]]></id_cart_rule_2>
</cart_rule_combination>
<cart_rule_combination><id_cart_rule_1><![CDATA[521]]></id_cart_rule_1>
<id_cart_rule_2><![CDATA[666]]></id_cart_rule_2>
</cart_rule_combination>
<cart_rule_combination><id_cart_rule_1><![CDATA[521]]></id_cart_rule_1>
<id_cart_rule_2><![CDATA[667]]></id_cart_rule_2>
</cart_rule_combination>
<cart_rule_combination><id_cart_rule_1><![CDATA[521]]></id_cart_rule_1>
<id_cart_rule_2><![CDATA[668]]></id_cart_rule_2>
</cart_rule_combination>
<cart_rule_combination><id_cart_rule_1><![CDATA[521]]></id_cart_rule_1>
<id_cart_rule_2><![CDATA[669]]></id_cart_rule_2>
</cart_rule_combination>
<cart_rule_combination><id_cart_rule_1><![CDATA[521]]></id_cart_rule_1>
<id_cart_rule_2><![CDATA[679]]></id_cart_rule_2>
</cart_rule_combination>
<cart_rule_combination><id_cart_rule_1><![CDATA[521]]></id_cart_rule_1>
<id_cart_rule_2><![CDATA[694]]></id_cart_rule_2>
</cart_rule_combination>
<cart_rule_combination><id_cart_rule_1><![CDATA[521]]></id_cart_rule_1>
<id_cart_rule_2><![CDATA[699]]></id_cart_rule_2>
</cart_rule_combination>
<cart_rule_combination><id_cart_rule_1><![CDATA[521]]></id_cart_rule_1>
<id_cart_rule_2><![CDATA[700]]></id_cart_rule_2>
</cart_rule_combination>
<cart_rule_combination><id_cart_rule_1><![CDATA[521]]></id_cart_rule_1>
<id_cart_rule_2><![CDATA[701]]></id_cart_rule_2>
</cart_rule_combination>
<cart_rule_combination><id_cart_rule_1><![CDATA[521]]></id_cart_rule_1>
<id_cart_rule_2><![CDATA[703]]></id_cart_rule_2>
</cart_rule_combination>
<cart_rule_combination><id_cart_rule_1><![CDATA[521]]></id_cart_rule_1>
<id_cart_rule_2><![CDATA[704]]></id_cart_rule_2>
</cart_rule_combination>
<cart_rule_combination><id_cart_rule_1><![CDATA[521]]></id_cart_rule_1>
<id_cart_rule_2><![CDATA[705]]></id_cart_rule_2>
</cart_rule_combination>
<cart_rule_combination><id_cart_rule_1><![CDATA[521]]></id_cart_rule_1>
<id_cart_rule_2><![CDATA[706]]></id_cart_rule_2>
</cart_rule_combination>
<cart_rule_combination><id_cart_rule_1><![CDATA[521]]></id_cart_rule_1>
<id_cart_rule_2><![CDATA[712]]></id_cart_rule_2>
</cart_rule_combination>
<cart_rule_combination><id_cart_rule_1><![CDATA[521]]></id_cart_rule_1>
<id_cart_rule_2><![CDATA[733]]></id_cart_rule_2>
</cart_rule_combination>
<cart_rule_combination><id_cart_rule_1><![CDATA[521]]></id_cart_rule_1>
<id_cart_rule_2><![CDATA[736]]></id_cart_rule_2>
</cart_rule_combination>
<cart_rule_combination><id_cart_rule_1><![CDATA[521]]></id_cart_rule_1>
<id_cart_rule_2><![CDATA[742]]></id_cart_rule_2>
</cart_rule_combination>
<cart_rule_combination><id_cart_rule_1><![CDATA[521]]></id_cart_rule_1>
<id_cart_rule_2><![CDATA[747]]></id_cart_rule_2>
</cart_rule_combination>
<cart_rule_combination><id_cart_rule_1><![CDATA[521]]></id_cart_rule_1>
<id_cart_rule_2><![CDATA[750]]></id_cart_rule_2>
</cart_rule_combination>
<cart_rule_combination><id_cart_rule_1><![CDATA[521]]></id_cart_rule_1>
<id_cart_rule_2><![CDATA[752]]></id_cart_rule_2>
</cart_rule_combination>
<cart_rule_combination><id_cart_rule_1><![CDATA[521]]></id_cart_rule_1>
<id_cart_rule_2><![CDATA[756]]></id_cart_rule_2>
</cart_rule_combination>
<cart_rule_combination><id_cart_rule_1><![CDATA[521]]></id_cart_rule_1>
<id_cart_rule_2><![CDATA[761]]></id_cart_rule_2>
</cart_rule_combination>
<cart_rule_combination><id_cart_rule_1><![CDATA[521]]></id_cart_rule_1>
<id_cart_rule_2><![CDATA[765]]></id_cart_rule_2>
</cart_rule_combination>
<cart_rule_combination><id_cart_rule_1><![CDATA[521]]></id_cart_rule_1>
<id_cart_rule_2><![CDATA[766]]></id_cart_rule_2>
</cart_rule_combination>
<cart_rule_combination><id_cart_rule_1><![CDATA[521]]></id_cart_rule_1>
<id_cart_rule_2><![CDATA[767]]></id_cart_rule_2>
</cart_rule_combination>
<cart_rule_combination><id_cart_rule_1><![CDATA[521]]></id_cart_rule_1>
<id_cart_rule_2><![CDATA[769]]></id_cart_rule_2>
</cart_rule_combination>
<cart_rule_combination><id_cart_rule_1><![CDATA[521]]></id_cart_rule_1>
<id_cart_rule_2><![CDATA[770]]></id_cart_rule_2>
</cart_rule_combination>
<cart_rule_combination><id_cart_rule_1><![CDATA[521]]></id_cart_rule_1>
<id_cart_rule_2><![CDATA[771]]></id_cart_rule_2>
</cart_rule_combination>
<cart_rule_combination><id_cart_rule_1><![CDATA[521]]></id_cart_rule_1>
<id_cart_rule_2><![CDATA[774]]></id_cart_rule_2>
</cart_rule_combination>
<cart_rule_combination><id_cart_rule_1><![CDATA[521]]></id_cart_rule_1>
<id_cart_rule_2><![CDATA[783]]></id_cart_rule_2>
</cart_rule_combination>
<cart_rule_combination><id_cart_rule_1><![CDATA[521]]></id_cart_rule_1>
<id_cart_rule_2><![CDATA[784]]></id_cart_rule_2>
</cart_rule_combination>
<cart_rule_combination><id_cart_rule_1><![CDATA[521]]></id_cart_rule_1>
<id_cart_rule_2><![CDATA[796]]></id_cart_rule_2>
</cart_rule_combination>
<cart_rule_combination><id_cart_rule_1><![CDATA[521]]></id_cart_rule_1>
<id_cart_rule_2><![CDATA[798]]></id_cart_rule_2>
</cart_rule_combination>
<cart_rule_combination><id_cart_rule_1><![CDATA[521]]></id_cart_rule_1>
<id_cart_rule_2><![CDATA[801]]></id_cart_rule_2>
</cart_rule_combination>
<cart_rule_combination><id_cart_rule_1><![CDATA[521]]></id_cart_rule_1>
<id_cart_rule_2><![CDATA[804]]></id_cart_rule_2>
</cart_rule_combination>
<cart_rule_combination><id_cart_rule_1><![CDATA[521]]></id_cart_rule_1>
<id_cart_rule_2><![CDATA[805]]></id_cart_rule_2>
</cart_rule_combination>
<cart_rule_combination><id_cart_rule_1><![CDATA[521]]></id_cart_rule_1>
<id_cart_rule_2><![CDATA[806]]></id_cart_rule_2>
</cart_rule_combination>
<cart_rule_combination><id_cart_rule_1><![CDATA[521]]></id_cart_rule_1>
<id_cart_rule_2><![CDATA[807]]></id_cart_rule_2>
</cart_rule_combination>
<cart_rule_combination><id_cart_rule_1><![CDATA[521]]></id_cart_rule_1>
<id_cart_rule_2><![CDATA[809]]></id_cart_rule_2>
</cart_rule_combination>
<cart_rule_combination><id_cart_rule_1><![CDATA[521]]></id_cart_rule_1>
<id_cart_rule_2><![CDATA[810]]></id_cart_rule_2>
</cart_rule_combination>
<cart_rule_combination><id_cart_rule_1><![CDATA[521]]></id_cart_rule_1>
<id_cart_rule_2><![CDATA[814]]></id_cart_rule_2>
</cart_rule_combination>
<cart_rule_combination><id_cart_rule_1><![CDATA[521]]></id_cart_rule_1>
<id_cart_rule_2><![CDATA[817]]></id_cart_rule_2>
</cart_rule_combination>
<cart_rule_combination><id_cart_rule_1><![CDATA[521]]></id_cart_rule_1>
<id_cart_rule_2><![CDATA[819]]></id_cart_rule_2>
</cart_rule_combination>
<cart_rule_combination><id_cart_rule_1><![CDATA[521]]></id_cart_rule_1>
<id_cart_rule_2><![CDATA[821]]></id_cart_rule_2>
</cart_rule_combination>
<cart_rule_combination><id_cart_rule_1><![CDATA[521]]></id_cart_rule_1>
<id_cart_rule_2><![CDATA[828]]></id_cart_rule_2>
</cart_rule_combination>
<cart_rule_combination><id_cart_rule_1><![CDATA[521]]></id_cart_rule_1>
<id_cart_rule_2><![CDATA[832]]></id_cart_rule_2>
</cart_rule_combination>
<cart_rule_combination><id_cart_rule_1><![CDATA[521]]></id_cart_rule_1>
<id_cart_rule_2><![CDATA[833]]></id_cart_rule_2>
</cart_rule_combination>
<cart_rule_combination><id_cart_rule_1><![CDATA[521]]></id_cart_rule_1>
<id_cart_rule_2><![CDATA[835]]></id_cart_rule_2>
</cart_rule_combination>
<cart_rule_combination><id_cart_rule_1><![CDATA[521]]></id_cart_rule_1>
<id_cart_rule_2><![CDATA[838]]></id_cart_rule_2>
</cart_rule_combination>
<cart_rule_combination><id_cart_rule_1><![CDATA[521]]></id_cart_rule_1>
<id_cart_rule_2><![CDATA[839]]></id_cart_rule_2>
</cart_rule_combination>
<cart_rule_combination><id_cart_rule_1><![CDATA[521]]></id_cart_rule_1>
<id_cart_rule_2><![CDATA[840]]></id_cart_rule_2>
</cart_rule_combination>
<cart_rule_combination><id_cart_rule_1><![CDATA[521]]></id_cart_rule_1>
<id_cart_rule_2><![CDATA[846]]></id_cart_rule_2>
</cart_rule_combination>
<cart_rule_combination><id_cart_rule_1><![CDATA[521]]></id_cart_rule_1>
<id_cart_rule_2><![CDATA[848]]></id_cart_rule_2>
</cart_rule_combination>
<cart_rule_combination><id_cart_rule_1><![CDATA[521]]></id_cart_rule_1>
<id_cart_rule_2><![CDATA[849]]></id_cart_rule_2>
</cart_rule_combination>
<cart_rule_combination><id_cart_rule_1><![CDATA[521]]></id_cart_rule_1>
<id_cart_rule_2><![CDATA[850]]></id_cart_rule_2>
</cart_rule_combination>
<cart_rule_combination><id_cart_rule_1><![CDATA[521]]></id_cart_rule_1>
<id_cart_rule_2><![CDATA[865]]></id_cart_rule_2>
</cart_rule_combination>
<cart_rule_combination><id_cart_rule_1><![CDATA[521]]></id_cart_rule_1>
<id_cart_rule_2><![CDATA[866]]></id_cart_rule_2>
</cart_rule_combination>
<cart_rule_combination><id_cart_rule_1><![CDATA[521]]></id_cart_rule_1>
<id_cart_rule_2><![CDATA[867]]></id_cart_rule_2>
</cart_rule_combination>
<cart_rule_combination><id_cart_rule_1><![CDATA[521]]></id_cart_rule_1>
<id_cart_rule_2><![CDATA[868]]></id_cart_rule_2>
</cart_rule_combination>
<cart_rule_combination><id_cart_rule_1><![CDATA[521]]></id_cart_rule_1>
<id_cart_rule_2><![CDATA[871]]></id_cart_rule_2>
</cart_rule_combination>
<cart_rule_combination><id_cart_rule_1><![CDATA[521]]></id_cart_rule_1>
<id_cart_rule_2><![CDATA[872]]></id_cart_rule_2>
</cart_rule_combination>
<cart_rule_combination><id_cart_rule_1><![CDATA[521]]></id_cart_rule_1>
<id_cart_rule_2><![CDATA[889]]></id_cart_rule_2>
</cart_rule_combination>
<cart_rule_combination><id_cart_rule_1><![CDATA[521]]></id_cart_rule_1>
<id_cart_rule_2><![CDATA[899]]></id_cart_rule_2>
</cart_rule_combination>
<cart_rule_combination><id_cart_rule_1><![CDATA[521]]></id_cart_rule_1>
<id_cart_rule_2><![CDATA[908]]></id_cart_rule_2>
</cart_rule_combination>
<cart_rule_combination><id_cart_rule_1><![CDATA[521]]></id_cart_rule_1>
<id_cart_rule_2><![CDATA[909]]></id_cart_rule_2>
</cart_rule_combination>
<cart_rule_combination><id_cart_rule_1><![CDATA[521]]></id_cart_rule_1>
<id_cart_rule_2><![CDATA[914]]></id_cart_rule_2>
</cart_rule_combination>
<cart_rule_combination><id_cart_rule_1><![CDATA[521]]></id_cart_rule_1>
<id_cart_rule_2><![CDATA[915]]></id_cart_rule_2>
</cart_rule_combination>
<cart_rule_combination><id_cart_rule_1><![CDATA[521]]></id_cart_rule_1>
<id_cart_rule_2><![CDATA[916]]></id_cart_rule_2>
</cart_rule_combination>
<cart_rule_combination><id_cart_rule_1><![CDATA[521]]></id_cart_rule_1>
<id_cart_rule_2><![CDATA[917]]></id_cart_rule_2>
</cart_rule_combination>
<cart_rule_combination><id_cart_rule_1><![CDATA[521]]></id_cart_rule_1>
<id_cart_rule_2><![CDATA[922]]></id_cart_rule_2>
</cart_rule_combination>
<cart_rule_combination><id_cart_rule_1><![CDATA[521]]></id_cart_rule_1>
<id_cart_rule_2><![CDATA[924]]></id_cart_rule_2>
</cart_rule_combination>
<cart_rule_combination><id_cart_rule_1><![CDATA[521]]></id_cart_rule_1>
<id_cart_rule_2><![CDATA[927]]></id_cart_rule_2>
</cart_rule_combination>
<cart_rule_combination><id_cart_rule_1><![CDATA[521]]></id_cart_rule_1>
<id_cart_rule_2><![CDATA[933]]></id_cart_rule_2>
</cart_rule_combination>
<cart_rule_combination><id_cart_rule_1><![CDATA[521]]></id_cart_rule_1>
<id_cart_rule_2><![CDATA[943]]></id_cart_rule_2>
</cart_rule_combination>
<cart_rule_combination><id_cart_rule_1><![CDATA[521]]></id_cart_rule_1>
<id_cart_rule_2><![CDATA[944]]></id_cart_rule_2>
</cart_rule_combination>
<cart_rule_combination><id_cart_rule_1><![CDATA[521]]></id_cart_rule_1>
<id_cart_rule_2><![CDATA[950]]></id_cart_rule_2>
</cart_rule_combination>
<cart_rule_combination><id_cart_rule_1><![CDATA[521]]></id_cart_rule_1>
<id_cart_rule_2><![CDATA[966]]></id_cart_rule_2>
</cart_rule_combination>
<cart_rule_combination><id_cart_rule_1><![CDATA[521]]></id_cart_rule_1>
<id_cart_rule_2><![CDATA[975]]></id_cart_rule_2>
</cart_rule_combination>
<cart_rule_combination><id_cart_rule_1><![CDATA[521]]></id_cart_rule_1>
<id_cart_rule_2><![CDATA[976]]></id_cart_rule_2>
</cart_rule_combination>
<cart_rule_combination><id_cart_rule_1><![CDATA[521]]></id_cart_rule_1>
<id_cart_rule_2><![CDATA[977]]></id_cart_rule_2>
</cart_rule_combination>
<cart_rule_combination><id_cart_rule_1><![CDATA[521]]></id_cart_rule_1>
<id_cart_rule_2><![CDATA[978]]></id_cart_rule_2>
</cart_rule_combination>
<cart_rule_combination><id_cart_rule_1><![CDATA[521]]></id_cart_rule_1>
<id_cart_rule_2><![CDATA[982]]></id_cart_rule_2>
</cart_rule_combination>
<cart_rule_combination><id_cart_rule_1><![CDATA[521]]></id_cart_rule_1>
<id_cart_rule_2><![CDATA[983]]></id_cart_rule_2>
</cart_rule_combination>
<cart_rule_combination><id_cart_rule_1><![CDATA[521]]></id_cart_rule_1>
<id_cart_rule_2><![CDATA[986]]></id_cart_rule_2>
</cart_rule_combination>
<cart_rule_combination><id_cart_rule_1><![CDATA[521]]></id_cart_rule_1>
<id_cart_rule_2><![CDATA[1008]]></id_cart_rule_2>
</cart_rule_combination>
<cart_rule_combination><id_cart_rule_1><![CDATA[521]]></id_cart_rule_1>
<id_cart_rule_2><![CDATA[1009]]></id_cart_rule_2>
</cart_rule_combination>
<cart_rule_combination><id_cart_rule_1><![CDATA[522]]></id_cart_rule_1>
<id_cart_rule_2><![CDATA[33]]></id_cart_rule_2>
</cart_rule_combination>
<cart_rule_combination><id_cart_rule_1><![CDATA[522]]></id_cart_rule_1>
<id_cart_rule_2><![CDATA[331]]></id_cart_rule_2>
</cart_rule_combination>
<cart_rule_combination><id_cart_rule_1><![CDATA[522]]></id_cart_rule_1>
<id_cart_rule_2><![CDATA[444]]></id_cart_rule_2>
</cart_rule_combination>
<cart_rule_combination><id_cart_rule_1><![CDATA[522]]></id_cart_rule_1>
<id_cart_rule_2><![CDATA[445]]></id_cart_rule_2>
</cart_rule_combination>
<cart_rule_combination><id_cart_rule_1><![CDATA[522]]></id_cart_rule_1>
<id_cart_rule_2><![CDATA[448]]></id_cart_rule_2>
</cart_rule_combination>
<cart_rule_combination><id_cart_rule_1><![CDATA[522]]></id_cart_rule_1>
<id_cart_rule_2><![CDATA[450]]></id_cart_rule_2>
</cart_rule_combination>
<cart_rule_combination><id_cart_rule_1><![CDATA[522]]></id_cart_rule_1>
<id_cart_rule_2><![CDATA[451]]></id_cart_rule_2>
</cart_rule_combination>
<cart_rule_combination><id_cart_rule_1><![CDATA[522]]></id_cart_rule_1>
<id_cart_rule_2><![CDATA[455]]></id_cart_rule_2>
</cart_rule_combination>
<cart_rule_combination><id_cart_rule_1><![CDATA[522]]></id_cart_rule_1>
<id_cart_rule_2><![CDATA[457]]></id_cart_rule_2>
</cart_rule_combination>
<cart_rule_combination><id_cart_rule_1><![CDATA[522]]></id_cart_rule_1>
<id_cart_rule_2><![CDATA[459]]></id_cart_rule_2>
</cart_rule_combination>
<cart_rule_combination><id_cart_rule_1><![CDATA[522]]></id_cart_rule_1>
<id_cart_rule_2><![CDATA[461]]></id_cart_rule_2>
</cart_rule_combination>
<cart_rule_combination><id_cart_rule_1><![CDATA[522]]></id_cart_rule_1>
<id_cart_rule_2><![CDATA[615]]></id_cart_rule_2>
</cart_rule_combination>
<cart_rule_combination><id_cart_rule_1><![CDATA[522]]></id_cart_rule_1>
<id_cart_rule_2><![CDATA[622]]></id_cart_rule_2>
</cart_rule_combination>
<cart_rule_combination><id_cart_rule_1><![CDATA[522]]></id_cart_rule_1>
<id_cart_rule_2><![CDATA[624]]></id_cart_rule_2>
</cart_rule_combination>
<cart_rule_combination><id_cart_rule_1><![CDATA[522]]></id_cart_rule_1>
<id_cart_rule_2><![CDATA[626]]></id_cart_rule_2>
</cart_rule_combination>
<cart_rule_combination><id_cart_rule_1><![CDATA[522]]></id_cart_rule_1>
<id_cart_rule_2><![CDATA[627]]></id_cart_rule_2>
</cart_rule_combination>
<cart_rule_combination><id_cart_rule_1><![CDATA[522]]></id_cart_rule_1>
<id_cart_rule_2><![CDATA[628]]></id_cart_rule_2>
</cart_rule_combination>
<cart_rule_combination><id_cart_rule_1><![CDATA[522]]></id_cart_rule_1>
<id_cart_rule_2><![CDATA[629]]></id_cart_rule_2>
</cart_rule_combination>
<cart_rule_combination><id_cart_rule_1><![CDATA[522]]></id_cart_rule_1>
<id_cart_rule_2><![CDATA[630]]></id_cart_rule_2>
</cart_rule_combination>
<cart_rule_combination><id_cart_rule_1><![CDATA[522]]></id_cart_rule_1>
<id_cart_rule_2><![CDATA[631]]></id_cart_rule_2>
</cart_rule_combination>
<cart_rule_combination><id_cart_rule_1><![CDATA[522]]></id_cart_rule_1>
<id_cart_rule_2><![CDATA[633]]></id_cart_rule_2>
</cart_rule_combination>
<cart_rule_combination><id_cart_rule_1><![CDATA[522]]></id_cart_rule_1>
<id_cart_rule_2><![CDATA[636]]></id_cart_rule_2>
</cart_rule_combination>
<cart_rule_combination><id_cart_rule_1><![CDATA[522]]></id_cart_rule_1>
<id_cart_rule_2><![CDATA[641]]></id_cart_rule_2>
</cart_rule_combination>
<cart_rule_combination><id_cart_rule_1><![CDATA[522]]></id_cart_rule_1>
<id_cart_rule_2><![CDATA[642]]></id_cart_rule_2>
</cart_rule_combination>
<cart_rule_combination><id_cart_rule_1><![CDATA[522]]></id_cart_rule_1>
<id_cart_rule_2><![CDATA[644]]></id_cart_rule_2>
</cart_rule_combination>
<cart_rule_combination><id_cart_rule_1><![CDATA[522]]></id_cart_rule_1>
<id_cart_rule_2><![CDATA[645]]></id_cart_rule_2>
</cart_rule_combination>
<cart_rule_combination><id_cart_rule_1><![CDATA[522]]></id_cart_rule_1>
<id_cart_rule_2><![CDATA[648]]></id_cart_rule_2>
</cart_rule_combination>
<cart_rule_combination><id_cart_rule_1><![CDATA[522]]></id_cart_rule_1>
<id_cart_rule_2><![CDATA[653]]></id_cart_rule_2>
</cart_rule_combination>
<cart_rule_combination><id_cart_rule_1><![CDATA[522]]></id_cart_rule_1>
<id_cart_rule_2><![CDATA[662]]></id_cart_rule_2>
</cart_rule_combination>
<cart_rule_combination><id_cart_rule_1><![CDATA[522]]></id_cart_rule_1>
<id_cart_rule_2><![CDATA[666]]></id_cart_rule_2>
</cart_rule_combination>
<cart_rule_combination><id_cart_rule_1><![CDATA[522]]></id_cart_rule_1>
<id_cart_rule_2><![CDATA[667]]></id_cart_rule_2>
</cart_rule_combination>
<cart_rule_combination><id_cart_rule_1><![CDATA[522]]></id_cart_rule_1>
<id_cart_rule_2><![CDATA[668]]></id_cart_rule_2>
</cart_rule_combination>
<cart_rule_combination><id_cart_rule_1><![CDATA[522]]></id_cart_rule_1>
<id_cart_rule_2><![CDATA[669]]></id_cart_rule_2>
</cart_rule_combination>
<cart_rule_combination><id_cart_rule_1><![CDATA[522]]></id_cart_rule_1>
<id_cart_rule_2><![CDATA[679]]></id_cart_rule_2>
</cart_rule_combination>
<cart_rule_combination><id_cart_rule_1><![CDATA[522]]></id_cart_rule_1>
<id_cart_rule_2><![CDATA[694]]></id_cart_rule_2>
</cart_rule_combination>
<cart_rule_combination><id_cart_rule_1><![CDATA[522]]></id_cart_rule_1>
<id_cart_rule_2><![CDATA[699]]></id_cart_rule_2>
</cart_rule_combination>
<cart_rule_combination><id_cart_rule_1><![CDATA[522]]></id_cart_rule_1>
<id_cart_rule_2><![CDATA[700]]></id_cart_rule_2>
</cart_rule_combination>
<cart_rule_combination><id_cart_rule_1><![CDATA[522]]></id_cart_rule_1>
<id_cart_rule_2><![CDATA[701]]></id_cart_rule_2>
</cart_rule_combination>
<cart_rule_combination><id_cart_rule_1><![CDATA[522]]></id_cart_rule_1>
<id_cart_rule_2><![CDATA[703]]></id_cart_rule_2>
</cart_rule_combination>
<cart_rule_combination><id_cart_rule_1><![CDATA[522]]></id_cart_rule_1>
<id_cart_rule_2><![CDATA[704]]></id_cart_rule_2>
</cart_rule_combination>
<cart_rule_combination><id_cart_rule_1><![CDATA[522]]></id_cart_rule_1>
<id_cart_rule_2><![CDATA[705]]></id_cart_rule_2>
</cart_rule_combination>
<cart_rule_combination><id_cart_rule_1><![CDATA[522]]></id_cart_rule_1>
<id_cart_rule_2><![CDATA[706]]></id_cart_rule_2>
</cart_rule_combination>
<cart_rule_combination><id_cart_rule_1><![CDATA[522]]></id_cart_rule_1>
<id_cart_rule_2><![CDATA[712]]></id_cart_rule_2>
</cart_rule_combination>
<cart_rule_combination><id_cart_rule_1><![CDATA[522]]></id_cart_rule_1>
<id_cart_rule_2><![CDATA[733]]></id_cart_rule_2>
</cart_rule_combination>
<cart_rule_combination><id_cart_rule_1><![CDATA[522]]></id_cart_rule_1>
<id_cart_rule_2><![CDATA[736]]></id_cart_rule_2>
</cart_rule_combination>
<cart_rule_combination><id_cart_rule_1><![CDATA[522]]></id_cart_rule_1>
<id_cart_rule_2><![CDATA[742]]></id_cart_rule_2>
</cart_rule_combination>
<cart_rule_combination><id_cart_rule_1><![CDATA[522]]></id_cart_rule_1>
<id_cart_rule_2><![CDATA[747]]></id_cart_rule_2>
</cart_rule_combination>
<cart_rule_combination><id_cart_rule_1><![CDATA[522]]></id_cart_rule_1>
<id_cart_rule_2><![CDATA[750]]></id_cart_rule_2>
</cart_rule_combination>
<cart_rule_combination><id_cart_rule_1><![CDATA[522]]></id_cart_rule_1>
<id_cart_rule_2><![CDATA[752]]></id_cart_rule_2>
</cart_rule_combination>
<cart_rule_combination><id_cart_rule_1><![CDATA[522]]></id_cart_rule_1>
<id_cart_rule_2><![CDATA[756]]></id_cart_rule_2>
</cart_rule_combination>
<cart_rule_combination><id_cart_rule_1><![CDATA[522]]></id_cart_rule_1>
<id_cart_rule_2><![CDATA[761]]></id_cart_rule_2>
</cart_rule_combination>
<cart_rule_combination><id_cart_rule_1><![CDATA[522]]></id_cart_rule_1>
<id_cart_rule_2><![CDATA[765]]></id_cart_rule_2>
</cart_rule_combination>
<cart_rule_combination><id_cart_rule_1><![CDATA[522]]></id_cart_rule_1>
<id_cart_rule_2><![CDATA[766]]></id_cart_rule_2>
</cart_rule_combination>
<cart_rule_combination><id_cart_rule_1><![CDATA[522]]></id_cart_rule_1>
<id_cart_rule_2><![CDATA[767]]></id_cart_rule_2>
</cart_rule_combination>
<cart_rule_combination><id_cart_rule_1><![CDATA[522]]></id_cart_rule_1>
<id_cart_rule_2><![CDATA[769]]></id_cart_rule_2>
</cart_rule_combination>
<cart_rule_combination><id_cart_rule_1><![CDATA[522]]></id_cart_rule_1>
<id_cart_rule_2><![CDATA[770]]></id_cart_rule_2>
</cart_rule_combination>
<cart_rule_combination><id_cart_rule_1><![CDATA[522]]></id_cart_rule_1>
<id_cart_rule_2><![CDATA[771]]></id_cart_rule_2>
</cart_rule_combination>
<cart_rule_combination><id_cart_rule_1><![CDATA[522]]></id_cart_rule_1>
<id_cart_rule_2><![CDATA[774]]></id_cart_rule_2>
</cart_rule_combination>
<cart_rule_combination><id_cart_rule_1><![CDATA[522]]></id_cart_rule_1>
<id_cart_rule_2><![CDATA[783]]></id_cart_rule_2>
</cart_rule_combination>
<cart_rule_combination><id_cart_rule_1><![CDATA[522]]></id_cart_rule_1>
<id_cart_rule_2><![CDATA[784]]></id_cart_rule_2>
</cart_rule_combination>
<cart_rule_combination><id_cart_rule_1><![CDATA[522]]></id_cart_rule_1>
<id_cart_rule_2><![CDATA[796]]></id_cart_rule_2>
</cart_rule_combination>
<cart_rule_combination><id_cart_rule_1><![CDATA[522]]></id_cart_rule_1>
<id_cart_rule_2><![CDATA[798]]></id_cart_rule_2>
</cart_rule_combination>
<cart_rule_combination><id_cart_rule_1><![CDATA[522]]></id_cart_rule_1>
<id_cart_rule_2><![CDATA[801]]></id_cart_rule_2>
</cart_rule_combination>
<cart_rule_combination><id_cart_rule_1><![CDATA[522]]></id_cart_rule_1>
<id_cart_rule_2><![CDATA[804]]></id_cart_rule_2>
</cart_rule_combination>
<cart_rule_combination><id_cart_rule_1><![CDATA[522]]></id_cart_rule_1>
<id_cart_rule_2><![CDATA[805]]></id_cart_rule_2>
</cart_rule_combination>
<cart_rule_combination><id_cart_rule_1><![CDATA[522]]></id_cart_rule_1>
<id_cart_rule_2><![CDATA[806]]></id_cart_rule_2>
</cart_rule_combination>
<cart_rule_combination><id_cart_rule_1><![CDATA[522]]></id_cart_rule_1>
<id_cart_rule_2><![CDATA[807]]></id_cart_rule_2>
</cart_rule_combination>
<cart_rule_combination><id_cart_rule_1><![CDATA[522]]></id_cart_rule_1>
<id_cart_rule_2><![CDATA[809]]></id_cart_rule_2>
</cart_rule_combination>
<cart_rule_combination><id_cart_rule_1><![CDATA[522]]></id_cart_rule_1>
<id_cart_rule_2><![CDATA[810]]></id_cart_rule_2>
</cart_rule_combination>
<cart_rule_combination><id_cart_rule_1><![CDATA[522]]></id_cart_rule_1>
<id_cart_rule_2><![CDATA[814]]></id_cart_rule_2>
</cart_rule_combination>
<cart_rule_combination><id_cart_rule_1><![CDATA[522]]></id_cart_rule_1>
<id_cart_rule_2><![CDATA[817]]></id_cart_rule_2>
</cart_rule_combination>
<cart_rule_combination><id_cart_rule_1><![CDATA[522]]></id_cart_rule_1>
<id_cart_rule_2><![CDATA[819]]></id_cart_rule_2>
</cart_rule_combination>
<cart_rule_combination><id_cart_rule_1><![CDATA[522]]></id_cart_rule_1>
<id_cart_rule_2><![CDATA[821]]></id_cart_rule_2>
</cart_rule_combination>
<cart_rule_combination><id_cart_rule_1><![CDATA[522]]></id_cart_rule_1>
<id_cart_rule_2><![CDATA[828]]></id_cart_rule_2>
</cart_rule_combination>
<cart_rule_combination><id_cart_rule_1><![CDATA[522]]></id_cart_rule_1>
<id_cart_rule_2><![CDATA[832]]></id_cart_rule_2>
</cart_rule_combination>
<cart_rule_combination><id_cart_rule_1><![CDATA[522]]></id_cart_rule_1>
<id_cart_rule_2><![CDATA[833]]></id_cart_rule_2>
</cart_rule_combination>
<cart_rule_combination><id_cart_rule_1><![CDATA[522]]></id_cart_rule_1>
<id_cart_rule_2><![CDATA[835]]></id_cart_rule_2>
</cart_rule_combination>
<cart_rule_combination><id_cart_rule_1><![CDATA[522]]></id_cart_rule_1>
<id_cart_rule_2><![CDATA[838]]></id_cart_rule_2>
</cart_rule_combination>
<cart_rule_combination><id_cart_rule_1><![CDATA[522]]></id_cart_rule_1>
<id_cart_rule_2><![CDATA[839]]></id_cart_rule_2>
</cart_rule_combination>
<cart_rule_combination><id_cart_rule_1><![CDATA[522]]></id_cart_rule_1>
<id_cart_rule_2><![CDATA[840]]></id_cart_rule_2>
</cart_rule_combination>
<cart_rule_combination><id_cart_rule_1><![CDATA[522]]></id_cart_rule_1>
<id_cart_rule_2><![CDATA[846]]></id_cart_rule_2>
</cart_rule_combination>
<cart_rule_combination><id_cart_rule_1><![CDATA[522]]></id_cart_rule_1>
<id_cart_rule_2><![CDATA[848]]></id_cart_rule_2>
</cart_rule_combination>
<cart_rule_combination><id_cart_rule_1><![CDATA[522]]></id_cart_rule_1>
<id_cart_rule_2><![CDATA[849]]></id_cart_rule_2>
</cart_rule_combination>
<cart_rule_combination><id_cart_rule_1><![CDATA[522]]></id_cart_rule_1>
<id_cart_rule_2><![CDATA[850]]></id_cart_rule_2>
</cart_rule_combination>
<cart_rule_combination><id_cart_rule_1><![CDATA[522]]></id_cart_rule_1>
<id_cart_rule_2><![CDATA[865]]></id_cart_rule_2>
</cart_rule_combination>
<cart_rule_combination><id_cart_rule_1><![CDATA[522]]></id_cart_rule_1>
<id_cart_rule_2><![CDATA[866]]></id_cart_rule_2>
</cart_rule_combination>
<cart_rule_combination><id_cart_rule_1><![CDATA[522]]></id_cart_rule_1>
<id_cart_rule_2><![CDATA[867]]></id_cart_rule_2>
</cart_rule_combination>
<cart_rule_combination><id_cart_rule_1><![CDATA[522]]></id_cart_rule_1>
<id_cart_rule_2><![CDATA[868]]></id_cart_rule_2>
</cart_rule_combination>
<cart_rule_combination><id_cart_rule_1><![CDATA[522]]></id_cart_rule_1>
<id_cart_rule_2><![CDATA[871]]></id_cart_rule_2>
</cart_rule_combination>
<cart_rule_combination><id_cart_rule_1><![CDATA[522]]></id_cart_rule_1>
<id_cart_rule_2><![CDATA[872]]></id_cart_rule_2>
</cart_rule_combination>
<cart_rule_combination><id_cart_rule_1><![CDATA[522]]></id_cart_rule_1>
<id_cart_rule_2><![CDATA[889]]></id_cart_rule_2>
</cart_rule_combination>
<cart_rule_combination><id_cart_rule_1><![CDATA[522]]></id_cart_rule_1>
<id_cart_rule_2><![CDATA[899]]></id_cart_rule_2>
</cart_rule_combination>
<cart_rule_combination><id_cart_rule_1><![CDATA[522]]></id_cart_rule_1>
<id_cart_rule_2><![CDATA[908]]></id_cart_rule_2>
</cart_rule_combination>
<cart_rule_combination><id_cart_rule_1><![CDATA[522]]></id_cart_rule_1>
<id_cart_rule_2><![CDATA[909]]></id_cart_rule_2>
</cart_rule_combination>
<cart_rule_combination><id_cart_rule_1><![CDATA[522]]></id_cart_rule_1>
<id_cart_rule_2><![CDATA[914]]></id_cart_rule_2>
</cart_rule_combination>
<cart_rule_combination><id_cart_rule_1><![CDATA[522]]></id_cart_rule_1>
<id_cart_rule_2><![CDATA[915]]></id_cart_rule_2>
</cart_rule_combination>
<cart_rule_combination><id_cart_rule_1><![CDATA[522]]></id_cart_rule_1>
<id_cart_rule_2><![CDATA[916]]></id_cart_rule_2>
</cart_rule_combination>
<cart_rule_combination><id_cart_rule_1><![CDATA[522]]></id_cart_rule_1>
<id_cart_rule_2><![CDATA[917]]></id_cart_rule_2>
</cart_rule_combination>
<cart_rule_combination><id_cart_rule_1><![CDATA[522]]></id_cart_rule_1>
<id_cart_rule_2><![CDATA[922]]></id_cart_rule_2>
</cart_rule_combination>
<cart_rule_combination><id_cart_rule_1><![CDATA[522]]></id_cart_rule_1>
<id_cart_rule_2><![CDATA[924]]></id_cart_rule_2>
</cart_rule_combination>
<cart_rule_combination><id_cart_rule_1><![CDATA[522]]></id_cart_rule_1>
<id_cart_rule_2><![CDATA[927]]></id_cart_rule_2>
</cart_rule_combination>
<cart_rule_combination><id_cart_rule_1><![CDATA[522]]></id_cart_rule_1>
<id_cart_rule_2><![CDATA[933]]></id_cart_rule_2>
</cart_rule_combination>
<cart_rule_combination><id_cart_rule_1><![CDATA[522]]></id_cart_rule_1>
<id_cart_rule_2><![CDATA[943]]></id_cart_rule_2>
</cart_rule_combination>
<cart_rule_combination><id_cart_rule_1><![CDATA[522]]></id_cart_rule_1>
<id_cart_rule_2><![CDATA[944]]></id_cart_rule_2>
</cart_rule_combination>
<cart_rule_combination><id_cart_rule_1><![CDATA[522]]></id_cart_rule_1>
<id_cart_rule_2><![CDATA[950]]></id_cart_rule_2>
</cart_rule_combination>
<cart_rule_combination><id_cart_rule_1><![CDATA[522]]></id_cart_rule_1>
<id_cart_rule_2><![CDATA[966]]></id_cart_rule_2>
</cart_rule_combination>
<cart_rule_combination><id_cart_rule_1><![CDATA[522]]></id_cart_rule_1>
<id_cart_rule_2><![CDATA[975]]></id_cart_rule_2>
</cart_rule_combination>
<cart_rule_combination><id_cart_rule_1><![CDATA[522]]></id_cart_rule_1>
<id_cart_rule_2><![CDATA[976]]></id_cart_rule_2>
</cart_rule_combination>
<cart_rule_combination><id_cart_rule_1><![CDATA[522]]></id_cart_rule_1>
<id_cart_rule_2><![CDATA[977]]></id_cart_rule_2>
</cart_rule_combination>
<cart_rule_combination><id_cart_rule_1><![CDATA[522]]></id_cart_rule_1>
<id_cart_rule_2><![CDATA[978]]></id_cart_rule_2>
</cart_rule_combination>
<cart_rule_combination><id_cart_rule_1><![CDATA[522]]></id_cart_rule_1>
<id_cart_rule_2><![CDATA[982]]></id_cart_rule_2>
</cart_rule_combination>
<cart_rule_combination><id_cart_rule_1><![CDATA[522]]></id_cart_rule_1>
<id_cart_rule_2><![CDATA[983]]></id_cart_rule_2>
</cart_rule_combination>
<cart_rule_combination><id_cart_rule_1><![CDATA[522]]></id_cart_rule_1>
<id_cart_rule_2><![CDATA[986]]></id_cart_rule_2>
</cart_rule_combination>
<cart_rule_combination><id_cart_rule_1><![CDATA[522]]></id_cart_rule_1>
<id_cart_rule_2><![CDATA[1008]]></id_cart_rule_2>
</cart_rule_combination>
<cart_rule_combination><id_cart_rule_1><![CDATA[522]]></id_cart_rule_1>
<id_cart_rule_2><![CDATA[1009]]></id_cart_rule_2>
</cart_rule_combination>
<cart_rule_combination><id_cart_rule_1><![CDATA[523]]></id_cart_rule_1>
<id_cart_rule_2><![CDATA[33]]></id_cart_rule_2>
</cart_rule_combination>
<cart_rule_combination><id_cart_rule_1><![CDATA[523]]></id_cart_rule_1>
<id_cart_rule_2><![CDATA[331]]></id_cart_rule_2>
</cart_rule_combination>
<cart_rule_combination><id_cart_rule_1><![CDATA[523]]></id_cart_rule_1>
<id_cart_rule_2><![CDATA[444]]></id_cart_rule_2>
</cart_rule_combination>
<cart_rule_combination><id_cart_rule_1><![CDATA[523]]></id_cart_rule_1>
<id_cart_rule_2><![CDATA[445]]></id_cart_rule_2>
</cart_rule_combination>
<cart_rule_combination><id_cart_rule_1><![CDATA[523]]></id_cart_rule_1>
<id_cart_rule_2><![CDATA[448]]></id_cart_rule_2>
</cart_rule_combination>
<cart_rule_combination><id_cart_rule_1><![CDATA[523]]></id_cart_rule_1>
<id_cart_rule_2><![CDATA[450]]></id_cart_rule_2>
</cart_rule_combination>
<cart_rule_combination><id_cart_rule_1><![CDATA[523]]></id_cart_rule_1>
<id_cart_rule_2><![CDATA[451]]></id_cart_rule_2>
</cart_rule_combination>
<cart_rule_combination><id_cart_rule_1><![CDATA[523]]></id_cart_rule_1>
<id_cart_rule_2><![CDATA[455]]></id_cart_rule_2>
</cart_rule_combination>
<cart_rule_combination><id_cart_rule_1><![CDATA[523]]></id_cart_rule_1>
<id_cart_rule_2><![CDATA[457]]></id_cart_rule_2>
</cart_rule_combination>
<cart_rule_combination><id_cart_rule_1><![CDATA[523]]></id_cart_rule_1>
<id_cart_rule_2><![CDATA[459]]></id_cart_rule_2>
</cart_rule_combination>
<cart_rule_combination><id_cart_rule_1><![CDATA[523]]></id_cart_rule_1>
<id_cart_rule_2><![CDATA[461]]></id_cart_rule_2>
</cart_rule_combination>
<cart_rule_combination><id_cart_rule_1><![CDATA[523]]></id_cart_rule_1>
<id_cart_rule_2><![CDATA[615]]></id_cart_rule_2>
</cart_rule_combination>
<cart_rule_combination><id_cart_rule_1><![CDATA[523]]></id_cart_rule_1>
<id_cart_rule_2><![CDATA[622]]></id_cart_rule_2>
</cart_rule_combination>
<cart_rule_combination><id_cart_rule_1><![CDATA[523]]></id_cart_rule_1>
<id_cart_rule_2><![CDATA[624]]></id_cart_rule_2>
</cart_rule_combination>
<cart_rule_combination><id_cart_rule_1><![CDATA[523]]></id_cart_rule_1>
<id_cart_rule_2><![CDATA[626]]></id_cart_rule_2>
</cart_rule_combination>
<cart_rule_combination><id_cart_rule_1><![CDATA[523]]></id_cart_rule_1>
<id_cart_rule_2><![CDATA[627]]></id_cart_rule_2>
</cart_rule_combination>
<cart_rule_combination><id_cart_rule_1><![CDATA[523]]></id_cart_rule_1>
<id_cart_rule_2><![CDATA[628]]></id_cart_rule_2>
</cart_rule_combination>
<cart_rule_combination><id_cart_rule_1><![CDATA[523]]></id_cart_rule_1>
<id_cart_rule_2><![CDATA[629]]></id_cart_rule_2>
</cart_rule_combination>
<cart_rule_combination><id_cart_rule_1><![CDATA[523]]></id_cart_rule_1>
<id_cart_rule_2><![CDATA[630]]></id_cart_rule_2>
</cart_rule_combination>
<cart_rule_combination><id_cart_rule_1><![CDATA[523]]></id_cart_rule_1>
<id_cart_rule_2><![CDATA[631]]></id_cart_rule_2>
</cart_rule_combination>
<cart_rule_combination><id_cart_rule_1><![CDATA[523]]></id_cart_rule_1>
<id_cart_rule_2><![CDATA[633]]></id_cart_rule_2>
</cart_rule_combination>
<cart_rule_combination><id_cart_rule_1><![CDATA[523]]></id_cart_rule_1>
<id_cart_rule_2><![CDATA[636]]></id_cart_rule_2>
</cart_rule_combination>
<cart_rule_combination><id_cart_rule_1><![CDATA[523]]></id_cart_rule_1>
<id_cart_rule_2><![CDATA[641]]></id_cart_rule_2>
</cart_rule_combination>
<cart_rule_combination><id_cart_rule_1><![CDATA[523]]></id_cart_rule_1>
<id_cart_rule_2><![CDATA[642]]></id_cart_rule_2>
</cart_rule_combination>
<cart_rule_combination><id_cart_rule_1><![CDATA[523]]></id_cart_rule_1>
<id_cart_rule_2><![CDATA[644]]></id_cart_rule_2>
</cart_rule_combination>
<cart_rule_combination><id_cart_rule_1><![CDATA[523]]></id_cart_rule_1>
<id_cart_rule_2><![CDATA[645]]></id_cart_rule_2>
</cart_rule_combination>
<cart_rule_combination><id_cart_rule_1><![CDATA[523]]></id_cart_rule_1>
<id_cart_rule_2><![CDATA[648]]></id_cart_rule_2>
</cart_rule_combination>
<cart_rule_combination><id_cart_rule_1><![CDATA[523]]></id_cart_rule_1>
<id_cart_rule_2><![CDATA[653]]></id_cart_rule_2>
</cart_rule_combination>
<cart_rule_combination><id_cart_rule_1><![CDATA[523]]></id_cart_rule_1>
<id_cart_rule_2><![CDATA[662]]></id_cart_rule_2>
</cart_rule_combination>
<cart_rule_combination><id_cart_rule_1><![CDATA[523]]></id_cart_rule_1>
<id_cart_rule_2><![CDATA[666]]></id_cart_rule_2>
</cart_rule_combination>
<cart_rule_combination><id_cart_rule_1><![CDATA[523]]></id_cart_rule_1>
<id_cart_rule_2><![CDATA[667]]></id_cart_rule_2>
</cart_rule_combination>
<cart_rule_combination><id_cart_rule_1><![CDATA[523]]></id_cart_rule_1>
<id_cart_rule_2><![CDATA[668]]></id_cart_rule_2>
</cart_rule_combination>
<cart_rule_combination><id_cart_rule_1><![CDATA[523]]></id_cart_rule_1>
<id_cart_rule_2><![CDATA[669]]></id_cart_rule_2>
</cart_rule_combination>
<cart_rule_combination><id_cart_rule_1><![CDATA[523]]></id_cart_rule_1>
<id_cart_rule_2><![CDATA[679]]></id_cart_rule_2>
</cart_rule_combination>
<cart_rule_combination><id_cart_rule_1><![CDATA[523]]></id_cart_rule_1>
<id_cart_rule_2><![CDATA[694]]></id_cart_rule_2>
</cart_rule_combination>
<cart_rule_combination><id_cart_rule_1><![CDATA[523]]></id_cart_rule_1>
<id_cart_rule_2><![CDATA[699]]></id_cart_rule_2>
</cart_rule_combination>
<cart_rule_combination><id_cart_rule_1><![CDATA[523]]></id_cart_rule_1>
<id_cart_rule_2><![CDATA[700]]></id_cart_rule_2>
</cart_rule_combination>
<cart_rule_combination><id_cart_rule_1><![CDATA[523]]></id_cart_rule_1>
<id_cart_rule_2><![CDATA[701]]></id_cart_rule_2>
</cart_rule_combination>
<cart_rule_combination><id_cart_rule_1><![CDATA[523]]></id_cart_rule_1>
<id_cart_rule_2><![CDATA[703]]></id_cart_rule_2>
</cart_rule_combination>
<cart_rule_combination><id_cart_rule_1><![CDATA[523]]></id_cart_rule_1>
<id_cart_rule_2><![CDATA[704]]></id_cart_rule_2>
</cart_rule_combination>
<cart_rule_combination><id_cart_rule_1><![CDATA[523]]></id_cart_rule_1>
<id_cart_rule_2><![CDATA[705]]></id_cart_rule_2>
</cart_rule_combination>
<cart_rule_combination><id_cart_rule_1><![CDATA[523]]></id_cart_rule_1>
<id_cart_rule_2><![CDATA[706]]></id_cart_rule_2>
</cart_rule_combination>
<cart_rule_combination><id_cart_rule_1><![CDATA[523]]></id_cart_rule_1>
<id_cart_rule_2><![CDATA[712]]></id_cart_rule_2>
</cart_rule_combination>
<cart_rule_combination><id_cart_rule_1><![CDATA[523]]></id_cart_rule_1>
<id_cart_rule_2><![CDATA[733]]></id_cart_rule_2>
</cart_rule_combination>
<cart_rule_combination><id_cart_rule_1><![CDATA[523]]></id_cart_rule_1>
<id_cart_rule_2><![CDATA[736]]></id_cart_rule_2>
</cart_rule_combination>
<cart_rule_combination><id_cart_rule_1><![CDATA[523]]></id_cart_rule_1>
<id_cart_rule_2><![CDATA[742]]></id_cart_rule_2>
</cart_rule_combination>
<cart_rule_combination><id_cart_rule_1><![CDATA[523]]></id_cart_rule_1>
<id_cart_rule_2><![CDATA[747]]></id_cart_rule_2>
</cart_rule_combination>
<cart_rule_combination><id_cart_rule_1><![CDATA[523]]></id_cart_rule_1>
<id_cart_rule_2><![CDATA[750]]></id_cart_rule_2>
</cart_rule_combination>
<cart_rule_combination><id_cart_rule_1><![CDATA[523]]></id_cart_rule_1>
<id_cart_rule_2><![CDATA[752]]></id_cart_rule_2>
</cart_rule_combination>
<cart_rule_combination><id_cart_rule_1><![CDATA[523]]></id_cart_rule_1>
<id_cart_rule_2><![CDATA[756]]></id_cart_rule_2>
</cart_rule_combination>
<cart_rule_combination><id_cart_rule_1><![CDATA[523]]></id_cart_rule_1>
<id_cart_rule_2><![CDATA[761]]></id_cart_rule_2>
</cart_rule_combination>
<cart_rule_combination><id_cart_rule_1><![CDATA[523]]></id_cart_rule_1>
<id_cart_rule_2><![CDATA[765]]></id_cart_rule_2>
</cart_rule_combination>
<cart_rule_combination><id_cart_rule_1><![CDATA[523]]></id_cart_rule_1>
<id_cart_rule_2><![CDATA[766]]></id_cart_rule_2>
</cart_rule_combination>
<cart_rule_combination><id_cart_rule_1><![CDATA[523]]></id_cart_rule_1>
<id_cart_rule_2><![CDATA[767]]></id_cart_rule_2>
</cart_rule_combination>
<cart_rule_combination><id_cart_rule_1><![CDATA[523]]></id_cart_rule_1>
<id_cart_rule_2><![CDATA[769]]></id_cart_rule_2>
</cart_rule_combination>
<cart_rule_combination><id_cart_rule_1><![CDATA[523]]></id_cart_rule_1>
<id_cart_rule_2><![CDATA[770]]></id_cart_rule_2>
</cart_rule_combination>
<cart_rule_combination><id_cart_rule_1><![CDATA[523]]></id_cart_rule_1>
<id_cart_rule_2><![CDATA[771]]></id_cart_rule_2>
</cart_rule_combination>
<cart_rule_combination><id_cart_rule_1><![CDATA[523]]></id_cart_rule_1>
<id_cart_rule_2><![CDATA[774]]></id_cart_rule_2>
</cart_rule_combination>
<cart_rule_combination><id_cart_rule_1><![CDATA[523]]></id_cart_rule_1>
<id_cart_rule_2><![CDATA[783]]></id_cart_rule_2>
</cart_rule_combination>
<cart_rule_combination><id_cart_rule_1><![CDATA[523]]></id_cart_rule_1>
<id_cart_rule_2><![CDATA[784]]></id_cart_rule_2>
</cart_rule_combination>
<cart_rule_combination><id_cart_rule_1><![CDATA[523]]></id_cart_rule_1>
<id_cart_rule_2><![CDATA[796]]></id_cart_rule_2>
</cart_rule_combination>
<cart_rule_combination><id_cart_rule_1><![CDATA[523]]></id_cart_rule_1>
<id_cart_rule_2><![CDATA[798]]></id_cart_rule_2>
</cart_rule_combination>
<cart_rule_combination><id_cart_rule_1><![CDATA[523]]></id_cart_rule_1>
<id_cart_rule_2><![CDATA[801]]></id_cart_rule_2>
</cart_rule_combination>
<cart_rule_combination><id_cart_rule_1><![CDATA[523]]></id_cart_rule_1>
<id_cart_rule_2><![CDATA[804]]></id_cart_rule_2>
</cart_rule_combination>
<cart_rule_combination><id_cart_rule_1><![CDATA[523]]></id_cart_rule_1>
<id_cart_rule_2><![CDATA[805]]></id_cart_rule_2>
</cart_rule_combination>
<cart_rule_combination><id_cart_rule_1><![CDATA[523]]></id_cart_rule_1>
<id_cart_rule_2><![CDATA[806]]></id_cart_rule_2>
</cart_rule_combination>
<cart_rule_combination><id_cart_rule_1><![CDATA[523]]></id_cart_rule_1>
<id_cart_rule_2><![CDATA[807]]></id_cart_rule_2>
</cart_rule_combination>
<cart_rule_combination><id_cart_rule_1><![CDATA[523]]></id_cart_rule_1>
<id_cart_rule_2><![CDATA[809]]></id_cart_rule_2>
</cart_rule_combination>
<cart_rule_combination><id_cart_rule_1><![CDATA[523]]></id_cart_rule_1>
<id_cart_rule_2><![CDATA[810]]></id_cart_rule_2>
</cart_rule_combination>
<cart_rule_combination><id_cart_rule_1><![CDATA[523]]></id_cart_rule_1>
<id_cart_rule_2><![CDATA[814]]></id_cart_rule_2>
</cart_rule_combination>
<cart_rule_combination><id_cart_rule_1><![CDATA[523]]></id_cart_rule_1>
<id_cart_rule_2><![CDATA[817]]></id_cart_rule_2>
</cart_rule_combination>
<cart_rule_combination><id_cart_rule_1><![CDATA[523]]></id_cart_rule_1>
<id_cart_rule_2><![CDATA[819]]></id_cart_rule_2>
</cart_rule_combination>
<cart_rule_combination><id_cart_rule_1><![CDATA[523]]></id_cart_rule_1>
<id_cart_rule_2><![CDATA[821]]></id_cart_rule_2>
</cart_rule_combination>
<cart_rule_combination><id_cart_rule_1><![CDATA[523]]></id_cart_rule_1>
<id_cart_rule_2><![CDATA[828]]></id_cart_rule_2>
</cart_rule_combination>
<cart_rule_combination><id_cart_rule_1><![CDATA[523]]></id_cart_rule_1>
<id_cart_rule_2><![CDATA[832]]></id_cart_rule_2>
</cart_rule_combination>
<cart_rule_combination><id_cart_rule_1><![CDATA[523]]></id_cart_rule_1>
<id_cart_rule_2><![CDATA[833]]></id_cart_rule_2>
</cart_rule_combination>
<cart_rule_combination><id_cart_rule_1><![CDATA[523]]></id_cart_rule_1>
<id_cart_rule_2><![CDATA[835]]></id_cart_rule_2>
</cart_rule_combination>
<cart_rule_combination><id_cart_rule_1><![CDATA[523]]></id_cart_rule_1>
<id_cart_rule_2><![CDATA[838]]></id_cart_rule_2>
</cart_rule_combination>
<cart_rule_combination><id_cart_rule_1><![CDATA[523]]></id_cart_rule_1>
<id_cart_rule_2><![CDATA[839]]></id_cart_rule_2>
</cart_rule_combination>
<cart_rule_combination><id_cart_rule_1><![CDATA[523]]></id_cart_rule_1>
<id_cart_rule_2><![CDATA[840]]></id_cart_rule_2>
</cart_rule_combination>
<cart_rule_combination><id_cart_rule_1><![CDATA[523]]></id_cart_rule_1>
<id_cart_rule_2><![CDATA[846]]></id_cart_rule_2>
</cart_rule_combination>
<cart_rule_combination><id_cart_rule_1><![CDATA[523]]></id_cart_rule_1>
<id_cart_rule_2><![CDATA[848]]></id_cart_rule_2>
</cart_rule_combination>
<cart_rule_combination><id_cart_rule_1><![CDATA[523]]></id_cart_rule_1>
<id_cart_rule_2><![CDATA[849]]></id_cart_rule_2>
</cart_rule_combination>
<cart_rule_combination><id_cart_rule_1><![CDATA[523]]></id_cart_rule_1>
<id_cart_rule_2><![CDATA[850]]></id_cart_rule_2>
</cart_rule_combination>
<cart_rule_combination><id_cart_rule_1><![CDATA[523]]></id_cart_rule_1>
<id_cart_rule_2><![CDATA[865]]></id_cart_rule_2>
</cart_rule_combination>
<cart_rule_combination><id_cart_rule_1><![CDATA[523]]></id_cart_rule_1>
<id_cart_rule_2><![CDATA[866]]></id_cart_rule_2>
</cart_rule_combination>
<cart_rule_combination><id_cart_rule_1><![CDATA[523]]></id_cart_rule_1>
<id_cart_rule_2><![CDATA[867]]></id_cart_rule_2>
</cart_rule_combination>
<cart_rule_combination><id_cart_rule_1><![CDATA[523]]></id_cart_rule_1>
<id_cart_rule_2><![CDATA[868]]></id_cart_rule_2>
</cart_rule_combination>
<cart_rule_combination><id_cart_rule_1><![CDATA[523]]></id_cart_rule_1>
<id_cart_rule_2><![CDATA[871]]></id_cart_rule_2>
</cart_rule_combination>
<cart_rule_combination><id_cart_rule_1><![CDATA[523]]></id_cart_rule_1>
<id_cart_rule_2><![CDATA[872]]></id_cart_rule_2>
</cart_rule_combination>
<cart_rule_combination><id_cart_rule_1><![CDATA[523]]></id_cart_rule_1>
<id_cart_rule_2><![CDATA[889]]></id_cart_rule_2>
</cart_rule_combination>
<cart_rule_combination><id_cart_rule_1><![CDATA[523]]></id_cart_rule_1>
<id_cart_rule_2><![CDATA[899]]></id_cart_rule_2>
</cart_rule_combination>
<cart_rule_combination><id_cart_rule_1><![CDATA[523]]></id_cart_rule_1>
<id_cart_rule_2><![CDATA[908]]></id_cart_rule_2>
</cart_rule_combination>
<cart_rule_combination><id_cart_rule_1><![CDATA[523]]></id_cart_rule_1>
<id_cart_rule_2><![CDATA[909]]></id_cart_rule_2>
</cart_rule_combination>
<cart_rule_combination><id_cart_rule_1><![CDATA[523]]></id_cart_rule_1>
<id_cart_rule_2><![CDATA[914]]></id_cart_rule_2>
</cart_rule_combination>
<cart_rule_combination><id_cart_rule_1><![CDATA[523]]></id_cart_rule_1>
<id_cart_rule_2><![CDATA[915]]></id_cart_rule_2>
</cart_rule_combination>
<cart_rule_combination><id_cart_rule_1><![CDATA[523]]></id_cart_rule_1>
<id_cart_rule_2><![CDATA[916]]></id_cart_rule_2>
</cart_rule_combination>
<cart_rule_combination><id_cart_rule_1><![CDATA[523]]></id_cart_rule_1>
<id_cart_rule_2><![CDATA[917]]></id_cart_rule_2>
</cart_rule_combination>
<cart_rule_combination><id_cart_rule_1><![CDATA[523]]></id_cart_rule_1>
<id_cart_rule_2><![CDATA[922]]></id_cart_rule_2>
</cart_rule_combination>
<cart_rule_combination><id_cart_rule_1><![CDATA[523]]></id_cart_rule_1>
<id_cart_rule_2><![CDATA[924]]></id_cart_rule_2>
</cart_rule_combination>
<cart_rule_combination><id_cart_rule_1><![CDATA[523]]></id_cart_rule_1>
<id_cart_rule_2><![CDATA[927]]></id_cart_rule_2>
</cart_rule_combination>
<cart_rule_combination><id_cart_rule_1><![CDATA[523]]></id_cart_rule_1>
<id_cart_rule_2><![CDATA[933]]></id_cart_rule_2>
</cart_rule_combination>
<cart_rule_combination><id_cart_rule_1><![CDATA[523]]></id_cart_rule_1>
<id_cart_rule_2><![CDATA[943]]></id_cart_rule_2>
</cart_rule_combination>
<cart_rule_combination><id_cart_rule_1><![CDATA[523]]></id_cart_rule_1>
<id_cart_rule_2><![CDATA[944]]></id_cart_rule_2>
</cart_rule_combination>
<cart_rule_combination><id_cart_rule_1><![CDATA[523]]></id_cart_rule_1>
<id_cart_rule_2><![CDATA[950]]></id_cart_rule_2>
</cart_rule_combination>
<cart_rule_combination><id_cart_rule_1><![CDATA[523]]></id_cart_rule_1>
<id_cart_rule_2><![CDATA[966]]></id_cart_rule_2>
</cart_rule_combination>
<cart_rule_combination><id_cart_rule_1><![CDATA[523]]></id_cart_rule_1>
<id_cart_rule_2><![CDATA[975]]></id_cart_rule_2>
</cart_rule_combination>
<cart_rule_combination><id_cart_rule_1><![CDATA[523]]></id_cart_rule_1>
<id_cart_rule_2><![CDATA[976]]></id_cart_rule_2>
</cart_rule_combination>
<cart_rule_combination><id_cart_rule_1><![CDATA[523]]></id_cart_rule_1>
<id_cart_rule_2><![CDATA[977]]></id_cart_rule_2>
</cart_rule_combination>
<cart_rule_combination><id_cart_rule_1><![CDATA[523]]></id_cart_rule_1>
<id_cart_rule_2><![CDATA[978]]></id_cart_rule_2>
</cart_rule_combination>
<cart_rule_combination><id_cart_rule_1><![CDATA[523]]></id_cart_rule_1>
<id_cart_rule_2><![CDATA[982]]></id_cart_rule_2>
</cart_rule_combination>
<cart_rule_combination><id_cart_rule_1><![CDATA[523]]></id_cart_rule_1>
<id_cart_rule_2><![CDATA[983]]></id_cart_rule_2>
</cart_rule_combination>
<cart_rule_combination><id_cart_rule_1><![CDATA[523]]></id_cart_rule_1>
<id_cart_rule_2><![CDATA[986]]></id_cart_rule_2>
</cart_rule_combination>
<cart_rule_combination><id_cart_rule_1><![CDATA[523]]></id_cart_rule_1>
<id_cart_rule_2><![CDATA[1008]]></id_cart_rule_2>
</cart_rule_combination>
<cart_rule_combination><id_cart_rule_1><![CDATA[523]]></id_cart_rule_1>
<id_cart_rule_2><![CDATA[1009]]></id_cart_rule_2>
</cart_rule_combination>
<cart_rule_combination><id_cart_rule_1><![CDATA[524]]></id_cart_rule_1>
<id_cart_rule_2><![CDATA[33]]></id_cart_rule_2>
</cart_rule_combination>
<cart_rule_combination><id_cart_rule_1><![CDATA[524]]></id_cart_rule_1>
<id_cart_rule_2><![CDATA[331]]></id_cart_rule_2>
</cart_rule_combination>
<cart_rule_combination><id_cart_rule_1><![CDATA[524]]></id_cart_rule_1>
<id_cart_rule_2><![CDATA[444]]></id_cart_rule_2>
</cart_rule_combination>
<cart_rule_combination><id_cart_rule_1><![CDATA[524]]></id_cart_rule_1>
<id_cart_rule_2><![CDATA[445]]></id_cart_rule_2>
</cart_rule_combination>
<cart_rule_combination><id_cart_rule_1><![CDATA[524]]></id_cart_rule_1>
<id_cart_rule_2><![CDATA[448]]></id_cart_rule_2>
</cart_rule_combination>
<cart_rule_combination><id_cart_rule_1><![CDATA[524]]></id_cart_rule_1>
<id_cart_rule_2><![CDATA[450]]></id_cart_rule_2>
</cart_rule_combination>
<cart_rule_combination><id_cart_rule_1><![CDATA[524]]></id_cart_rule_1>
<id_cart_rule_2><![CDATA[451]]></id_cart_rule_2>
</cart_rule_combination>
<cart_rule_combination><id_cart_rule_1><![CDATA[524]]></id_cart_rule_1>
<id_cart_rule_2><![CDATA[455]]></id_cart_rule_2>
</cart_rule_combination>
<cart_rule_combination><id_cart_rule_1><![CDATA[524]]></id_cart_rule_1>
<id_cart_rule_2><![CDATA[457]]></id_cart_rule_2>
</cart_rule_combination>
<cart_rule_combination><id_cart_rule_1><![CDATA[524]]></id_cart_rule_1>
<id_cart_rule_2><![CDATA[459]]></id_cart_rule_2>
</cart_rule_combination>
<cart_rule_combination><id_cart_rule_1><![CDATA[524]]></id_cart_rule_1>
<id_cart_rule_2><![CDATA[461]]></id_cart_rule_2>
</cart_rule_combination>
<cart_rule_combination><id_cart_rule_1><![CDATA[524]]></id_cart_rule_1>
<id_cart_rule_2><![CDATA[615]]></id_cart_rule_2>
</cart_rule_combination>
<cart_rule_combination><id_cart_rule_1><![CDATA[524]]></id_cart_rule_1>
<id_cart_rule_2><![CDATA[622]]></id_cart_rule_2>
</cart_rule_combination>
<cart_rule_combination><id_cart_rule_1><![CDATA[524]]></id_cart_rule_1>
<id_cart_rule_2><![CDATA[624]]></id_cart_rule_2>
</cart_rule_combination>
<cart_rule_combination><id_cart_rule_1><![CDATA[524]]></id_cart_rule_1>
<id_cart_rule_2><![CDATA[626]]></id_cart_rule_2>
</cart_rule_combination>
<cart_rule_combination><id_cart_rule_1><![CDATA[524]]></id_cart_rule_1>
<id_cart_rule_2><![CDATA[627]]></id_cart_rule_2>
</cart_rule_combination>
<cart_rule_combination><id_cart_rule_1><![CDATA[524]]></id_cart_rule_1>
<id_cart_rule_2><![CDATA[628]]></id_cart_rule_2>
</cart_rule_combination>
<cart_rule_combination><id_cart_rule_1><![CDATA[524]]></id_cart_rule_1>
<id_cart_rule_2><![CDATA[629]]></id_cart_rule_2>
</cart_rule_combination>
<cart_rule_combination><id_cart_rule_1><![CDATA[524]]></id_cart_rule_1>
<id_cart_rule_2><![CDATA[630]]></id_cart_rule_2>
</cart_rule_combination>
<cart_rule_combination><id_cart_rule_1><![CDATA[524]]></id_cart_rule_1>
<id_cart_rule_2><![CDATA[631]]></id_cart_rule_2>
</cart_rule_combination>
<cart_rule_combination><id_cart_rule_1><![CDATA[524]]></id_cart_rule_1>
<id_cart_rule_2><![CDATA[633]]></id_cart_rule_2>
</cart_rule_combination>
<cart_rule_combination><id_cart_rule_1><![CDATA[524]]></id_cart_rule_1>
<id_cart_rule_2><![CDATA[636]]></id_cart_rule_2>
</cart_rule_combination>
<cart_rule_combination><id_cart_rule_1><![CDATA[524]]></id_cart_rule_1>
<id_cart_rule_2><![CDATA[641]]></id_cart_rule_2>
</cart_rule_combination>
<cart_rule_combination><id_cart_rule_1><![CDATA[524]]></id_cart_rule_1>
<id_cart_rule_2><![CDATA[642]]></id_cart_rule_2>
</cart_rule_combination>
<cart_rule_combination><id_cart_rule_1><![CDATA[524]]></id_cart_rule_1>
<id_cart_rule_2><![CDATA[644]]></id_cart_rule_2>
</cart_rule_combination>
<cart_rule_combination><id_cart_rule_1><![CDATA[524]]></id_cart_rule_1>
<id_cart_rule_2><![CDATA[645]]></id_cart_rule_2>
</cart_rule_combination>
<cart_rule_combination><id_cart_rule_1><![CDATA[524]]></id_cart_rule_1>
<id_cart_rule_2><![CDATA[648]]></id_cart_rule_2>
</cart_rule_combination>
<cart_rule_combination><id_cart_rule_1><![CDATA[524]]></id_cart_rule_1>
<id_cart_rule_2><![CDATA[653]]></id_cart_rule_2>
</cart_rule_combination>
<cart_rule_combination><id_cart_rule_1><![CDATA[524]]></id_cart_rule_1>
<id_cart_rule_2><![CDATA[662]]></id_cart_rule_2>
</cart_rule_combination>
<cart_rule_combination><id_cart_rule_1><![CDATA[524]]></id_cart_rule_1>
<id_cart_rule_2><![CDATA[666]]></id_cart_rule_2>
</cart_rule_combination>
<cart_rule_combination><id_cart_rule_1><![CDATA[524]]></id_cart_rule_1>
<id_cart_rule_2><![CDATA[667]]></id_cart_rule_2>
</cart_rule_combination>
<cart_rule_combination><id_cart_rule_1><![CDATA[524]]></id_cart_rule_1>
<id_cart_rule_2><![CDATA[668]]></id_cart_rule_2>
</cart_rule_combination>
<cart_rule_combination><id_cart_rule_1><![CDATA[524]]></id_cart_rule_1>
<id_cart_rule_2><![CDATA[669]]></id_cart_rule_2>
</cart_rule_combination>
<cart_rule_combination><id_cart_rule_1><![CDATA[524]]></id_cart_rule_1>
<id_cart_rule_2><![CDATA[679]]></id_cart_rule_2>
</cart_rule_combination>
<cart_rule_combination><id_cart_rule_1><![CDATA[524]]></id_cart_rule_1>
<id_cart_rule_2><![CDATA[694]]></id_cart_rule_2>
</cart_rule_combination>
<cart_rule_combination><id_cart_rule_1><![CDATA[524]]></id_cart_rule_1>
<id_cart_rule_2><![CDATA[699]]></id_cart_rule_2>
</cart_rule_combination>
<cart_rule_combination><id_cart_rule_1><![CDATA[524]]></id_cart_rule_1>
<id_cart_rule_2><![CDATA[700]]></id_cart_rule_2>
</cart_rule_combination>
<cart_rule_combination><id_cart_rule_1><![CDATA[524]]></id_cart_rule_1>
<id_cart_rule_2><![CDATA[701]]></id_cart_rule_2>
</cart_rule_combination>
<cart_rule_combination><id_cart_rule_1><![CDATA[524]]></id_cart_rule_1>
<id_cart_rule_2><![CDATA[703]]></id_cart_rule_2>
</cart_rule_combination>
<cart_rule_combination><id_cart_rule_1><![CDATA[524]]></id_cart_rule_1>
<id_cart_rule_2><![CDATA[704]]></id_cart_rule_2>
</cart_rule_combination>
<cart_rule_combination><id_cart_rule_1><![CDATA[524]]></id_cart_rule_1>
<id_cart_rule_2><![CDATA[705]]></id_cart_rule_2>
</cart_rule_combination>
<cart_rule_combination><id_cart_rule_1><![CDATA[524]]></id_cart_rule_1>
<id_cart_rule_2><![CDATA[706]]></id_cart_rule_2>
</cart_rule_combination>
<cart_rule_combination><id_cart_rule_1><![CDATA[524]]></id_cart_rule_1>
<id_cart_rule_2><![CDATA[712]]></id_cart_rule_2>
</cart_rule_combination>
<cart_rule_combination><id_cart_rule_1><![CDATA[524]]></id_cart_rule_1>
<id_cart_rule_2><![CDATA[733]]></id_cart_rule_2>
</cart_rule_combination>
<cart_rule_combination><id_cart_rule_1><![CDATA[524]]></id_cart_rule_1>
<id_cart_rule_2><![CDATA[736]]></id_cart_rule_2>
</cart_rule_combination>
<cart_rule_combination><id_cart_rule_1><![CDATA[524]]></id_cart_rule_1>
<id_cart_rule_2><![CDATA[742]]></id_cart_rule_2>
</cart_rule_combination>
<cart_rule_combination><id_cart_rule_1><![CDATA[524]]></id_cart_rule_1>
<id_cart_rule_2><![CDATA[747]]></id_cart_rule_2>
</cart_rule_combination>
<cart_rule_combination><id_cart_rule_1><![CDATA[524]]></id_cart_rule_1>
<id_cart_rule_2><![CDATA[750]]></id_cart_rule_2>
</cart_rule_combination>
<cart_rule_combination><id_cart_rule_1><![CDATA[524]]></id_cart_rule_1>
<id_cart_rule_2><![CDATA[752]]></id_cart_rule_2>
</cart_rule_combination>
<cart_rule_combination><id_cart_rule_1><![CDATA[524]]></id_cart_rule_1>
<id_cart_rule_2><![CDATA[756]]></id_cart_rule_2>
</cart_rule_combination>
<cart_rule_combination><id_cart_rule_1><![CDATA[524]]></id_cart_rule_1>
<id_cart_rule_2><![CDATA[761]]></id_cart_rule_2>
</cart_rule_combination>
<cart_rule_combination><id_cart_rule_1><![CDATA[524]]></id_cart_rule_1>
<id_cart_rule_2><![CDATA[765]]></id_cart_rule_2>
</cart_rule_combination>
<cart_rule_combination><id_cart_rule_1><![CDATA[524]]></id_cart_rule_1>
<id_cart_rule_2><![CDATA[766]]></id_cart_rule_2>
</cart_rule_combination>
<cart_rule_combination><id_cart_rule_1><![CDATA[524]]></id_cart_rule_1>
<id_cart_rule_2><![CDATA[767]]></id_cart_rule_2>
</cart_rule_combination>
<cart_rule_combination><id_cart_rule_1><![CDATA[524]]></id_cart_rule_1>
<id_cart_rule_2><![CDATA[769]]></id_cart_rule_2>
</cart_rule_combination>
<cart_rule_combination><id_cart_rule_1><![CDATA[524]]></id_cart_rule_1>
<id_cart_rule_2><![CDATA[770]]></id_cart_rule_2>
</cart_rule_combination>
<cart_rule_combination><id_cart_rule_1><![CDATA[524]]></id_cart_rule_1>
<id_cart_rule_2><![CDATA[771]]></id_cart_rule_2>
</cart_rule_combination>
<cart_rule_combination><id_cart_rule_1><![CDATA[524]]></id_cart_rule_1>
<id_cart_rule_2><![CDATA[774]]></id_cart_rule_2>
</cart_rule_combination>
<cart_rule_combination><id_cart_rule_1><![CDATA[524]]></id_cart_rule_1>
<id_cart_rule_2><![CDATA[783]]></id_cart_rule_2>
</cart_rule_combination>
<cart_rule_combination><id_cart_rule_1><![CDATA[524]]></id_cart_rule_1>
<id_cart_rule_2><![CDATA[784]]></id_cart_rule_2>
</cart_rule_combination>
<cart_rule_combination><id_cart_rule_1><![CDATA[524]]></id_cart_rule_1>
<id_cart_rule_2><![CDATA[796]]></id_cart_rule_2>
</cart_rule_combination>
<cart_rule_combination><id_cart_rule_1><![CDATA[524]]></id_cart_rule_1>
<id_cart_rule_2><![CDATA[798]]></id_cart_rule_2>
</cart_rule_combination>
<cart_rule_combination><id_cart_rule_1><![CDATA[524]]></id_cart_rule_1>
<id_cart_rule_2><![CDATA[801]]></id_cart_rule_2>
</cart_rule_combination>
<cart_rule_combination><id_cart_rule_1><![CDATA[524]]></id_cart_rule_1>
<id_cart_rule_2><![CDATA[804]]></id_cart_rule_2>
</cart_rule_combination>
<cart_rule_combination><id_cart_rule_1><![CDATA[524]]></id_cart_rule_1>
<id_cart_rule_2><![CDATA[805]]></id_cart_rule_2>
</cart_rule_combination>
<cart_rule_combination><id_cart_rule_1><![CDATA[524]]></id_cart_rule_1>
<id_cart_rule_2><![CDATA[806]]></id_cart_rule_2>
</cart_rule_combination>
<cart_rule_combination><id_cart_rule_1><![CDATA[524]]></id_cart_rule_1>
<id_cart_rule_2><![CDATA[807]]></id_cart_rule_2>
</cart_rule_combination>
<cart_rule_combination><id_cart_rule_1><![CDATA[524]]></id_cart_rule_1>
<id_cart_rule_2><![CDATA[809]]></id_cart_rule_2>
</cart_rule_combination>
<cart_rule_combination><id_cart_rule_1><![CDATA[524]]></id_cart_rule_1>
<id_cart_rule_2><![CDATA[810]]></id_cart_rule_2>
</cart_rule_combination>
<cart_rule_combination><id_cart_rule_1><![CDATA[524]]></id_cart_rule_1>
<id_cart_rule_2><![CDATA[814]]></id_cart_rule_2>
</cart_rule_combination>
<cart_rule_combination><id_cart_rule_1><![CDATA[524]]></id_cart_rule_1>
<id_cart_rule_2><![CDATA[817]]></id_cart_rule_2>
</cart_rule_combination>
<cart_rule_combination><id_cart_rule_1><![CDATA[524]]></id_cart_rule_1>
<id_cart_rule_2><![CDATA[819]]></id_cart_rule_2>
</cart_rule_combination>
<cart_rule_combination><id_cart_rule_1><![CDATA[524]]></id_cart_rule_1>
<id_cart_rule_2><![CDATA[821]]></id_cart_rule_2>
</cart_rule_combination>
<cart_rule_combination><id_cart_rule_1><![CDATA[524]]></id_cart_rule_1>
<id_cart_rule_2><![CDATA[828]]></id_cart_rule_2>
</cart_rule_combination>
<cart_rule_combination><id_cart_rule_1><![CDATA[524]]></id_cart_rule_1>
<id_cart_rule_2><![CDATA[832]]></id_cart_rule_2>
</cart_rule_combination>
<cart_rule_combination><id_cart_rule_1><![CDATA[524]]></id_cart_rule_1>
<id_cart_rule_2><![CDATA[833]]></id_cart_rule_2>
</cart_rule_combination>
<cart_rule_combination><id_cart_rule_1><![CDATA[524]]></id_cart_rule_1>
<id_cart_rule_2><![CDATA[835]]></id_cart_rule_2>
</cart_rule_combination>
<cart_rule_combination><id_cart_rule_1><![CDATA[524]]></id_cart_rule_1>
<id_cart_rule_2><![CDATA[838]]></id_cart_rule_2>
</cart_rule_combination>
<cart_rule_combination><id_cart_rule_1><![CDATA[524]]></id_cart_rule_1>
<id_cart_rule_2><![CDATA[839]]></id_cart_rule_2>
</cart_rule_combination>
<cart_rule_combination><id_cart_rule_1><![CDATA[524]]></id_cart_rule_1>
<id_cart_rule_2><![CDATA[840]]></id_cart_rule_2>
</cart_rule_combination>
<cart_rule_combination><id_cart_rule_1><![CDATA[524]]></id_cart_rule_1>
<id_cart_rule_2><![CDATA[846]]></id_cart_rule_2>
</cart_rule_combination>
<cart_rule_combination><id_cart_rule_1><![CDATA[524]]></id_cart_rule_1>
<id_cart_rule_2><![CDATA[848]]></id_cart_rule_2>
</cart_rule_combination>
<cart_rule_combination><id_cart_rule_1><![CDATA[524]]></id_cart_rule_1>
<id_cart_rule_2><![CDATA[849]]></id_cart_rule_2>
</cart_rule_combination>
<cart_rule_combination><id_cart_rule_1><![CDATA[524]]></id_cart_rule_1>
<id_cart_rule_2><![CDATA[850]]></id_cart_rule_2>
</cart_rule_combination>
<cart_rule_combination><id_cart_rule_1><![CDATA[524]]></id_cart_rule_1>
<id_cart_rule_2><![CDATA[865]]></id_cart_rule_2>
</cart_rule_combination>
<cart_rule_combination><id_cart_rule_1><![CDATA[524]]></id_cart_rule_1>
<id_cart_rule_2><![CDATA[866]]></id_cart_rule_2>
</cart_rule_combination>
<cart_rule_combination><id_cart_rule_1><![CDATA[524]]></id_cart_rule_1>
<id_cart_rule_2><![CDATA[867]]></id_cart_rule_2>
</cart_rule_combination>
<cart_rule_combination><id_cart_rule_1><![CDATA[524]]></id_cart_rule_1>
<id_cart_rule_2><![CDATA[868]]></id_cart_rule_2>
</cart_rule_combination>
<cart_rule_combination><id_cart_rule_1><![CDATA[524]]></id_cart_rule_1>
<id_cart_rule_2><![CDATA[871]]></id_cart_rule_2>
</cart_rule_combination>
<cart_rule_combination><id_cart_rule_1><![CDATA[524]]></id_cart_rule_1>
<id_cart_rule_2><![CDATA[872]]></id_cart_rule_2>
</cart_rule_combination>
<cart_rule_combination><id_cart_rule_1><![CDATA[524]]></id_cart_rule_1>
<id_cart_rule_2><![CDATA[889]]></id_cart_rule_2>
</cart_rule_combination>
<cart_rule_combination><id_cart_rule_1><![CDATA[524]]></id_cart_rule_1>
<id_cart_rule_2><![CDATA[899]]></id_cart_rule_2>
</cart_rule_combination>
<cart_rule_combination><id_cart_rule_1><![CDATA[524]]></id_cart_rule_1>
<id_cart_rule_2><![CDATA[908]]></id_cart_rule_2>
</cart_rule_combination>
<cart_rule_combination><id_cart_rule_1><![CDATA[524]]></id_cart_rule_1>
<id_cart_rule_2><![CDATA[909]]></id_cart_rule_2>
</cart_rule_combination>
<cart_rule_combination><id_cart_rule_1><![CDATA[524]]></id_cart_rule_1>
<id_cart_rule_2><![CDATA[914]]></id_cart_rule_2>
</cart_rule_combination>
<cart_rule_combination><id_cart_rule_1><![CDATA[524]]></id_cart_rule_1>
<id_cart_rule_2><![CDATA[915]]></id_cart_rule_2>
</cart_rule_combination>
<cart_rule_combination><id_cart_rule_1><![CDATA[524]]></id_cart_rule_1>
<id_cart_rule_2><![CDATA[916]]></id_cart_rule_2>
</cart_rule_combination>
<cart_rule_combination><id_cart_rule_1><![CDATA[524]]></id_cart_rule_1>
<id_cart_rule_2><![CDATA[917]]></id_cart_rule_2>
</cart_rule_combination>
<cart_rule_combination><id_cart_rule_1><![CDATA[524]]></id_cart_rule_1>
<id_cart_rule_2><![CDATA[922]]></id_cart_rule_2>
</cart_rule_combination>
<cart_rule_combination><id_cart_rule_1><![CDATA[524]]></id_cart_rule_1>
<id_cart_rule_2><![CDATA[924]]></id_cart_rule_2>
</cart_rule_combination>
<cart_rule_combination><id_cart_rule_1><![CDATA[524]]></id_cart_rule_1>
<id_cart_rule_2><![CDATA[927]]></id_cart_rule_2>
</cart_rule_combination>
<cart_rule_combination><id_cart_rule_1><![CDATA[524]]></id_cart_rule_1>
<id_cart_rule_2><![CDATA[933]]></id_cart_rule_2>
</cart_rule_combination>
<cart_rule_combination><id_cart_rule_1><![CDATA[524]]></id_cart_rule_1>
<id_cart_rule_2><![CDATA[943]]></id_cart_rule_2>
</cart_rule_combination>
<cart_rule_combination><id_cart_rule_1><![CDATA[524]]></id_cart_rule_1>
<id_cart_rule_2><![CDATA[944]]></id_cart_rule_2>
</cart_rule_combination>
<cart_rule_combination><id_cart_rule_1><![CDATA[524]]></id_cart_rule_1>
<id_cart_rule_2><![CDATA[950]]></id_cart_rule_2>
</cart_rule_combination>
<cart_rule_combination><id_cart_rule_1><![CDATA[524]]></id_cart_rule_1>
<id_cart_rule_2><![CDATA[966]]></id_cart_rule_2>
</cart_rule_combination>
<cart_rule_combination><id_cart_rule_1><![CDATA[524]]></id_cart_rule_1>
<id_cart_rule_2><![CDATA[975]]></id_cart_rule_2>
</cart_rule_combination>
<cart_rule_combination><id_cart_rule_1><![CDATA[524]]></id_cart_rule_1>
<id_cart_rule_2><![CDATA[976]]></id_cart_rule_2>
</cart_rule_combination>
<cart_rule_combination><id_cart_rule_1><![CDATA[524]]></id_cart_rule_1>
<id_cart_rule_2><![CDATA[977]]></id_cart_rule_2>
</cart_rule_combination>
<cart_rule_combination><id_cart_rule_1><![CDATA[524]]></id_cart_rule_1>
<id_cart_rule_2><![CDATA[978]]></id_cart_rule_2>
</cart_rule_combination>
<cart_rule_combination><id_cart_rule_1><![CDATA[524]]></id_cart_rule_1>
<id_cart_rule_2><![CDATA[982]]></id_cart_rule_2>
</cart_rule_combination>
<cart_rule_combination><id_cart_rule_1><![CDATA[524]]></id_cart_rule_1>
<id_cart_rule_2><![CDATA[983]]></id_cart_rule_2>
</cart_rule_combination>
<cart_rule_combination><id_cart_rule_1><![CDATA[524]]></id_cart_rule_1>
<id_cart_rule_2><![CDATA[986]]></id_cart_rule_2>
</cart_rule_combination>
<cart_rule_combination><id_cart_rule_1><![CDATA[524]]></id_cart_rule_1>
<id_cart_rule_2><![CDATA[1008]]></id_cart_rule_2>
</cart_rule_combination>
<cart_rule_combination><id_cart_rule_1><![CDATA[524]]></id_cart_rule_1>
<id_cart_rule_2><![CDATA[1009]]></id_cart_rule_2>
</cart_rule_combination>
<cart_rule_combination><id_cart_rule_1><![CDATA[525]]></id_cart_rule_1>
<id_cart_rule_2><![CDATA[33]]></id_cart_rule_2>
</cart_rule_combination>
<cart_rule_combination><id_cart_rule_1><![CDATA[525]]></id_cart_rule_1>
<id_cart_rule_2><![CDATA[331]]></id_cart_rule_2>
</cart_rule_combination>
<cart_rule_combination><id_cart_rule_1><![CDATA[525]]></id_cart_rule_1>
<id_cart_rule_2><![CDATA[444]]></id_cart_rule_2>
</cart_rule_combination>
<cart_rule_combination><id_cart_rule_1><![CDATA[525]]></id_cart_rule_1>
<id_cart_rule_2><![CDATA[445]]></id_cart_rule_2>
</cart_rule_combination>
<cart_rule_combination><id_cart_rule_1><![CDATA[525]]></id_cart_rule_1>
<id_cart_rule_2><![CDATA[448]]></id_cart_rule_2>
</cart_rule_combination>
<cart_rule_combination><id_cart_rule_1><![CDATA[525]]></id_cart_rule_1>
<id_cart_rule_2><![CDATA[450]]></id_cart_rule_2>
</cart_rule_combination>
<cart_rule_combination><id_cart_rule_1><![CDATA[525]]></id_cart_rule_1>
<id_cart_rule_2><![CDATA[451]]></id_cart_rule_2>
</cart_rule_combination>
<cart_rule_combination><id_cart_rule_1><![CDATA[525]]></id_cart_rule_1>
<id_cart_rule_2><![CDATA[455]]></id_cart_rule_2>
</cart_rule_combination>
<cart_rule_combination><id_cart_rule_1><![CDATA[525]]></id_cart_rule_1>
<id_cart_rule_2><![CDATA[457]]></id_cart_rule_2>
</cart_rule_combination>
<cart_rule_combination><id_cart_rule_1><![CDATA[525]]></id_cart_rule_1>
<id_cart_rule_2><![CDATA[459]]></id_cart_rule_2>
</cart_rule_combination>
<cart_rule_combination><id_cart_rule_1><![CDATA[525]]></id_cart_rule_1>
<id_cart_rule_2><![CDATA[461]]></id_cart_rule_2>
</cart_rule_combination>
<cart_rule_combination><id_cart_rule_1><![CDATA[525]]></id_cart_rule_1>
<id_cart_rule_2><![CDATA[615]]></id_cart_rule_2>
</cart_rule_combination>
<cart_rule_combination><id_cart_rule_1><![CDATA[525]]></id_cart_rule_1>
<id_cart_rule_2><![CDATA[622]]></id_cart_rule_2>
</cart_rule_combination>
<cart_rule_combination><id_cart_rule_1><![CDATA[525]]></id_cart_rule_1>
<id_cart_rule_2><![CDATA[624]]></id_cart_rule_2>
</cart_rule_combination>
<cart_rule_combination><id_cart_rule_1><![CDATA[525]]></id_cart_rule_1>
<id_cart_rule_2><![CDATA[626]]></id_cart_rule_2>
</cart_rule_combination>
<cart_rule_combination><id_cart_rule_1><![CDATA[525]]></id_cart_rule_1>
<id_cart_rule_2><![CDATA[627]]></id_cart_rule_2>
</cart_rule_combination>
<cart_rule_combination><id_cart_rule_1><![CDATA[525]]></id_cart_rule_1>
<id_cart_rule_2><![CDATA[628]]></id_cart_rule_2>
</cart_rule_combination>
<cart_rule_combination><id_cart_rule_1><![CDATA[525]]></id_cart_rule_1>
<id_cart_rule_2><![CDATA[629]]></id_cart_rule_2>
</cart_rule_combination>
<cart_rule_combination><id_cart_rule_1><![CDATA[525]]></id_cart_rule_1>
<id_cart_rule_2><![CDATA[630]]></id_cart_rule_2>
</cart_rule_combination>
<cart_rule_combination><id_cart_rule_1><![CDATA[525]]></id_cart_rule_1>
<id_cart_rule_2><![CDATA[631]]></id_cart_rule_2>
</cart_rule_combination>
<cart_rule_combination><id_cart_rule_1><![CDATA[525]]></id_cart_rule_1>
<id_cart_rule_2><![CDATA[633]]></id_cart_rule_2>
</cart_rule_combination>
<cart_rule_combination><id_cart_rule_1><![CDATA[525]]></id_cart_rule_1>
<id_cart_rule_2><![CDATA[636]]></id_cart_rule_2>
</cart_rule_combination>
<cart_rule_combination><id_cart_rule_1><![CDATA[525]]></id_cart_rule_1>
<id_cart_rule_2><![CDATA[641]]></id_cart_rule_2>
</cart_rule_combination>
<cart_rule_combination><id_cart_rule_1><![CDATA[525]]></id_cart_rule_1>
<id_cart_rule_2><![CDATA[642]]></id_cart_rule_2>
</cart_rule_combination>
<cart_rule_combination><id_cart_rule_1><![CDATA[525]]></id_cart_rule_1>
<id_cart_rule_2><![CDATA[644]]></id_cart_rule_2>
</cart_rule_combination>
<cart_rule_combination><id_cart_rule_1><![CDATA[525]]></id_cart_rule_1>
<id_cart_rule_2><![CDATA[645]]></id_cart_rule_2>
</cart_rule_combination>
<cart_rule_combination><id_cart_rule_1><![CDATA[525]]></id_cart_rule_1>
<id_cart_rule_2><![CDATA[648]]></id_cart_rule_2>
</cart_rule_combination>
<cart_rule_combination><id_cart_rule_1><![CDATA[525]]></id_cart_rule_1>
<id_cart_rule_2><![CDATA[653]]></id_cart_rule_2>
</cart_rule_combination>
<cart_rule_combination><id_cart_rule_1><![CDATA[525]]></id_cart_rule_1>
<id_cart_rule_2><![CDATA[662]]></id_cart_rule_2>
</cart_rule_combination>
<cart_rule_combination><id_cart_rule_1><![CDATA[525]]></id_cart_rule_1>
<id_cart_rule_2><![CDATA[666]]></id_cart_rule_2>
</cart_rule_combination>
<cart_rule_combination><id_cart_rule_1><![CDATA[525]]></id_cart_rule_1>
<id_cart_rule_2><![CDATA[667]]></id_cart_rule_2>
</cart_rule_combination>
<cart_rule_combination><id_cart_rule_1><![CDATA[525]]></id_cart_rule_1>
<id_cart_rule_2><![CDATA[668]]></id_cart_rule_2>
</cart_rule_combination>
<cart_rule_combination><id_cart_rule_1><![CDATA[525]]></id_cart_rule_1>
<id_cart_rule_2><![CDATA[669]]></id_cart_rule_2>
</cart_rule_combination>
<cart_rule_combination><id_cart_rule_1><![CDATA[525]]></id_cart_rule_1>
<id_cart_rule_2><![CDATA[679]]></id_cart_rule_2>
</cart_rule_combination>
<cart_rule_combination><id_cart_rule_1><![CDATA[525]]></id_cart_rule_1>
<id_cart_rule_2><![CDATA[694]]></id_cart_rule_2>
</cart_rule_combination>
<cart_rule_combination><id_cart_rule_1><![CDATA[525]]></id_cart_rule_1>
<id_cart_rule_2><![CDATA[699]]></id_cart_rule_2>
</cart_rule_combination>
<cart_rule_combination><id_cart_rule_1><![CDATA[525]]></id_cart_rule_1>
<id_cart_rule_2><![CDATA[700]]></id_cart_rule_2>
</cart_rule_combination>
<cart_rule_combination><id_cart_rule_1><![CDATA[525]]></id_cart_rule_1>
<id_cart_rule_2><![CDATA[701]]></id_cart_rule_2>
</cart_rule_combination>
<cart_rule_combination><id_cart_rule_1><![CDATA[525]]></id_cart_rule_1>
<id_cart_rule_2><![CDATA[703]]></id_cart_rule_2>
</cart_rule_combination>
<cart_rule_combination><id_cart_rule_1><![CDATA[525]]></id_cart_rule_1>
<id_cart_rule_2><![CDATA[704]]></id_cart_rule_2>
</cart_rule_combination>
<cart_rule_combination><id_cart_rule_1><![CDATA[525]]></id_cart_rule_1>
<id_cart_rule_2><![CDATA[705]]></id_cart_rule_2>
</cart_rule_combination>
<cart_rule_combination><id_cart_rule_1><![CDATA[525]]></id_cart_rule_1>
<id_cart_rule_2><![CDATA[706]]></id_cart_rule_2>
</cart_rule_combination>
<cart_rule_combination><id_cart_rule_1><![CDATA[525]]></id_cart_rule_1>
<id_cart_rule_2><![CDATA[712]]></id_cart_rule_2>
</cart_rule_combination>
<cart_rule_combination><id_cart_rule_1><![CDATA[525]]></id_cart_rule_1>
<id_cart_rule_2><![CDATA[733]]></id_cart_rule_2>
</cart_rule_combination>
<cart_rule_combination><id_cart_rule_1><![CDATA[525]]></id_cart_rule_1>
<id_cart_rule_2><![CDATA[736]]></id_cart_rule_2>
</cart_rule_combination>
<cart_rule_combination><id_cart_rule_1><![CDATA[525]]></id_cart_rule_1>
<id_cart_rule_2><![CDATA[742]]></id_cart_rule_2>
</cart_rule_combination>
<cart_rule_combination><id_cart_rule_1><![CDATA[525]]></id_cart_rule_1>
<id_cart_rule_2><![CDATA[747]]></id_cart_rule_2>
</cart_rule_combination>
<cart_rule_combination><id_cart_rule_1><![CDATA[525]]></id_cart_rule_1>
<id_cart_rule_2><![CDATA[750]]></id_cart_rule_2>
</cart_rule_combination>
<cart_rule_combination><id_cart_rule_1><![CDATA[525]]></id_cart_rule_1>
<id_cart_rule_2><![CDATA[752]]></id_cart_rule_2>
</cart_rule_combination>
<cart_rule_combination><id_cart_rule_1><![CDATA[525]]></id_cart_rule_1>
<id_cart_rule_2><![CDATA[756]]></id_cart_rule_2>
</cart_rule_combination>
<cart_rule_combination><id_cart_rule_1><![CDATA[525]]></id_cart_rule_1>
<id_cart_rule_2><![CDATA[761]]></id_cart_rule_2>
</cart_rule_combination>
<cart_rule_combination><id_cart_rule_1><![CDATA[525]]></id_cart_rule_1>
<id_cart_rule_2><![CDATA[765]]></id_cart_rule_2>
</cart_rule_combination>
<cart_rule_combination><id_cart_rule_1><![CDATA[525]]></id_cart_rule_1>
<id_cart_rule_2><![CDATA[766]]></id_cart_rule_2>
</cart_rule_combination>
<cart_rule_combination><id_cart_rule_1><![CDATA[525]]></id_cart_rule_1>
<id_cart_rule_2><![CDATA[767]]></id_cart_rule_2>
</cart_rule_combination>
</entity_profile>
