<?xml version="1.0" encoding="UTF-8"?>
<entity_profile>
<cart_rule_product_rule_value><id_item><![CDATA[13]]></id_item>
<id_product_rule><![CDATA[293]]></id_product_rule>
</cart_rule_product_rule_value>
<cart_rule_product_rule_value><id_item><![CDATA[14]]></id_item>
<id_product_rule><![CDATA[293]]></id_product_rule>
</cart_rule_product_rule_value>
<cart_rule_product_rule_value><id_item><![CDATA[15]]></id_item>
<id_product_rule><![CDATA[293]]></id_product_rule>
</cart_rule_product_rule_value>
<cart_rule_product_rule_value><id_item><![CDATA[16]]></id_item>
<id_product_rule><![CDATA[293]]></id_product_rule>
</cart_rule_product_rule_value>
<cart_rule_product_rule_value><id_item><![CDATA[17]]></id_item>
<id_product_rule><![CDATA[293]]></id_product_rule>
</cart_rule_product_rule_value>
<cart_rule_product_rule_value><id_item><![CDATA[18]]></id_item>
<id_product_rule><![CDATA[293]]></id_product_rule>
</cart_rule_product_rule_value>
<cart_rule_product_rule_value><id_item><![CDATA[25]]></id_item>
<id_product_rule><![CDATA[293]]></id_product_rule>
</cart_rule_product_rule_value>
<cart_rule_product_rule_value><id_item><![CDATA[27]]></id_item>
<id_product_rule><![CDATA[293]]></id_product_rule>
</cart_rule_product_rule_value>
<cart_rule_product_rule_value><id_item><![CDATA[28]]></id_item>
<id_product_rule><![CDATA[293]]></id_product_rule>
</cart_rule_product_rule_value>
<cart_rule_product_rule_value><id_item><![CDATA[30]]></id_item>
<id_product_rule><![CDATA[293]]></id_product_rule>
</cart_rule_product_rule_value>
<cart_rule_product_rule_value><id_item><![CDATA[31]]></id_item>
<id_product_rule><![CDATA[293]]></id_product_rule>
</cart_rule_product_rule_value>
<cart_rule_product_rule_value><id_item><![CDATA[32]]></id_item>
<id_product_rule><![CDATA[293]]></id_product_rule>
</cart_rule_product_rule_value>
<cart_rule_product_rule_value><id_item><![CDATA[34]]></id_item>
<id_product_rule><![CDATA[293]]></id_product_rule>
</cart_rule_product_rule_value>
<cart_rule_product_rule_value><id_item><![CDATA[35]]></id_item>
<id_product_rule><![CDATA[293]]></id_product_rule>
</cart_rule_product_rule_value>
<cart_rule_product_rule_value><id_item><![CDATA[38]]></id_item>
<id_product_rule><![CDATA[293]]></id_product_rule>
</cart_rule_product_rule_value>
<cart_rule_product_rule_value><id_item><![CDATA[39]]></id_item>
<id_product_rule><![CDATA[293]]></id_product_rule>
</cart_rule_product_rule_value>
<cart_rule_product_rule_value><id_item><![CDATA[41]]></id_item>
<id_product_rule><![CDATA[293]]></id_product_rule>
</cart_rule_product_rule_value>
<cart_rule_product_rule_value><id_item><![CDATA[43]]></id_item>
<id_product_rule><![CDATA[293]]></id_product_rule>
</cart_rule_product_rule_value>
<cart_rule_product_rule_value><id_item><![CDATA[44]]></id_item>
<id_product_rule><![CDATA[293]]></id_product_rule>
</cart_rule_product_rule_value>
<cart_rule_product_rule_value><id_item><![CDATA[45]]></id_item>
<id_product_rule><![CDATA[293]]></id_product_rule>
</cart_rule_product_rule_value>
<cart_rule_product_rule_value><id_item><![CDATA[80]]></id_item>
<id_product_rule><![CDATA[293]]></id_product_rule>
</cart_rule_product_rule_value>
<cart_rule_product_rule_value><id_item><![CDATA[1]]></id_item>
<id_product_rule><![CDATA[295]]></id_product_rule>
</cart_rule_product_rule_value>
<cart_rule_product_rule_value><id_item><![CDATA[10]]></id_item>
<id_product_rule><![CDATA[295]]></id_product_rule>
</cart_rule_product_rule_value>
<cart_rule_product_rule_value><id_item><![CDATA[11]]></id_item>
<id_product_rule><![CDATA[295]]></id_product_rule>
</cart_rule_product_rule_value>
<cart_rule_product_rule_value><id_item><![CDATA[27]]></id_item>
<id_product_rule><![CDATA[295]]></id_product_rule>
</cart_rule_product_rule_value>
<cart_rule_product_rule_value><id_item><![CDATA[28]]></id_item>
<id_product_rule><![CDATA[295]]></id_product_rule>
</cart_rule_product_rule_value>
<cart_rule_product_rule_value><id_item><![CDATA[38]]></id_item>
<id_product_rule><![CDATA[295]]></id_product_rule>
</cart_rule_product_rule_value>
<cart_rule_product_rule_value><id_item><![CDATA[43]]></id_item>
<id_product_rule><![CDATA[295]]></id_product_rule>
</cart_rule_product_rule_value>
<cart_rule_product_rule_value><id_item><![CDATA[44]]></id_item>
<id_product_rule><![CDATA[295]]></id_product_rule>
</cart_rule_product_rule_value>
<cart_rule_product_rule_value><id_item><![CDATA[1]]></id_item>
<id_product_rule><![CDATA[296]]></id_product_rule>
</cart_rule_product_rule_value>
<cart_rule_product_rule_value><id_item><![CDATA[5]]></id_item>
<id_product_rule><![CDATA[296]]></id_product_rule>
</cart_rule_product_rule_value>
<cart_rule_product_rule_value><id_item><![CDATA[6]]></id_item>
<id_product_rule><![CDATA[296]]></id_product_rule>
</cart_rule_product_rule_value>
<cart_rule_product_rule_value><id_item><![CDATA[7]]></id_item>
<id_product_rule><![CDATA[296]]></id_product_rule>
</cart_rule_product_rule_value>
<cart_rule_product_rule_value><id_item><![CDATA[9]]></id_item>
<id_product_rule><![CDATA[296]]></id_product_rule>
</cart_rule_product_rule_value>
<cart_rule_product_rule_value><id_item><![CDATA[10]]></id_item>
<id_product_rule><![CDATA[296]]></id_product_rule>
</cart_rule_product_rule_value>
<cart_rule_product_rule_value><id_item><![CDATA[11]]></id_item>
<id_product_rule><![CDATA[296]]></id_product_rule>
</cart_rule_product_rule_value>
<cart_rule_product_rule_value><id_item><![CDATA[13]]></id_item>
<id_product_rule><![CDATA[296]]></id_product_rule>
</cart_rule_product_rule_value>
<cart_rule_product_rule_value><id_item><![CDATA[14]]></id_item>
<id_product_rule><![CDATA[296]]></id_product_rule>
</cart_rule_product_rule_value>
<cart_rule_product_rule_value><id_item><![CDATA[15]]></id_item>
<id_product_rule><![CDATA[296]]></id_product_rule>
</cart_rule_product_rule_value>
<cart_rule_product_rule_value><id_item><![CDATA[16]]></id_item>
<id_product_rule><![CDATA[296]]></id_product_rule>
</cart_rule_product_rule_value>
<cart_rule_product_rule_value><id_item><![CDATA[17]]></id_item>
<id_product_rule><![CDATA[296]]></id_product_rule>
</cart_rule_product_rule_value>
<cart_rule_product_rule_value><id_item><![CDATA[18]]></id_item>
<id_product_rule><![CDATA[296]]></id_product_rule>
</cart_rule_product_rule_value>
<cart_rule_product_rule_value><id_item><![CDATA[25]]></id_item>
<id_product_rule><![CDATA[296]]></id_product_rule>
</cart_rule_product_rule_value>
<cart_rule_product_rule_value><id_item><![CDATA[27]]></id_item>
<id_product_rule><![CDATA[296]]></id_product_rule>
</cart_rule_product_rule_value>
<cart_rule_product_rule_value><id_item><![CDATA[28]]></id_item>
<id_product_rule><![CDATA[296]]></id_product_rule>
</cart_rule_product_rule_value>
<cart_rule_product_rule_value><id_item><![CDATA[30]]></id_item>
<id_product_rule><![CDATA[296]]></id_product_rule>
</cart_rule_product_rule_value>
<cart_rule_product_rule_value><id_item><![CDATA[31]]></id_item>
<id_product_rule><![CDATA[296]]></id_product_rule>
</cart_rule_product_rule_value>
<cart_rule_product_rule_value><id_item><![CDATA[32]]></id_item>
<id_product_rule><![CDATA[296]]></id_product_rule>
</cart_rule_product_rule_value>
<cart_rule_product_rule_value><id_item><![CDATA[34]]></id_item>
<id_product_rule><![CDATA[296]]></id_product_rule>
</cart_rule_product_rule_value>
<cart_rule_product_rule_value><id_item><![CDATA[35]]></id_item>
<id_product_rule><![CDATA[296]]></id_product_rule>
</cart_rule_product_rule_value>
<cart_rule_product_rule_value><id_item><![CDATA[38]]></id_item>
<id_product_rule><![CDATA[296]]></id_product_rule>
</cart_rule_product_rule_value>
<cart_rule_product_rule_value><id_item><![CDATA[39]]></id_item>
<id_product_rule><![CDATA[296]]></id_product_rule>
</cart_rule_product_rule_value>
<cart_rule_product_rule_value><id_item><![CDATA[41]]></id_item>
<id_product_rule><![CDATA[296]]></id_product_rule>
</cart_rule_product_rule_value>
<cart_rule_product_rule_value><id_item><![CDATA[43]]></id_item>
<id_product_rule><![CDATA[296]]></id_product_rule>
</cart_rule_product_rule_value>
<cart_rule_product_rule_value><id_item><![CDATA[44]]></id_item>
<id_product_rule><![CDATA[296]]></id_product_rule>
</cart_rule_product_rule_value>
<cart_rule_product_rule_value><id_item><![CDATA[45]]></id_item>
<id_product_rule><![CDATA[296]]></id_product_rule>
</cart_rule_product_rule_value>
<cart_rule_product_rule_value><id_item><![CDATA[80]]></id_item>
<id_product_rule><![CDATA[296]]></id_product_rule>
</cart_rule_product_rule_value>
<cart_rule_product_rule_value><id_item><![CDATA[26]]></id_item>
<id_product_rule><![CDATA[297]]></id_product_rule>
</cart_rule_product_rule_value>
<cart_rule_product_rule_value><id_item><![CDATA[50]]></id_item>
<id_product_rule><![CDATA[297]]></id_product_rule>
</cart_rule_product_rule_value>
<cart_rule_product_rule_value><id_item><![CDATA[1]]></id_item>
<id_product_rule><![CDATA[298]]></id_product_rule>
</cart_rule_product_rule_value>
<cart_rule_product_rule_value><id_item><![CDATA[5]]></id_item>
<id_product_rule><![CDATA[298]]></id_product_rule>
</cart_rule_product_rule_value>
<cart_rule_product_rule_value><id_item><![CDATA[6]]></id_item>
<id_product_rule><![CDATA[298]]></id_product_rule>
</cart_rule_product_rule_value>
<cart_rule_product_rule_value><id_item><![CDATA[7]]></id_item>
<id_product_rule><![CDATA[298]]></id_product_rule>
</cart_rule_product_rule_value>
<cart_rule_product_rule_value><id_item><![CDATA[9]]></id_item>
<id_product_rule><![CDATA[298]]></id_product_rule>
</cart_rule_product_rule_value>
<cart_rule_product_rule_value><id_item><![CDATA[10]]></id_item>
<id_product_rule><![CDATA[298]]></id_product_rule>
</cart_rule_product_rule_value>
<cart_rule_product_rule_value><id_item><![CDATA[11]]></id_item>
<id_product_rule><![CDATA[298]]></id_product_rule>
</cart_rule_product_rule_value>
<cart_rule_product_rule_value><id_item><![CDATA[13]]></id_item>
<id_product_rule><![CDATA[298]]></id_product_rule>
</cart_rule_product_rule_value>
<cart_rule_product_rule_value><id_item><![CDATA[14]]></id_item>
<id_product_rule><![CDATA[298]]></id_product_rule>
</cart_rule_product_rule_value>
<cart_rule_product_rule_value><id_item><![CDATA[15]]></id_item>
<id_product_rule><![CDATA[298]]></id_product_rule>
</cart_rule_product_rule_value>
<cart_rule_product_rule_value><id_item><![CDATA[16]]></id_item>
<id_product_rule><![CDATA[298]]></id_product_rule>
</cart_rule_product_rule_value>
<cart_rule_product_rule_value><id_item><![CDATA[17]]></id_item>
<id_product_rule><![CDATA[298]]></id_product_rule>
</cart_rule_product_rule_value>
<cart_rule_product_rule_value><id_item><![CDATA[18]]></id_item>
<id_product_rule><![CDATA[298]]></id_product_rule>
</cart_rule_product_rule_value>
<cart_rule_product_rule_value><id_item><![CDATA[25]]></id_item>
<id_product_rule><![CDATA[298]]></id_product_rule>
</cart_rule_product_rule_value>
<cart_rule_product_rule_value><id_item><![CDATA[27]]></id_item>
<id_product_rule><![CDATA[298]]></id_product_rule>
</cart_rule_product_rule_value>
<cart_rule_product_rule_value><id_item><![CDATA[28]]></id_item>
<id_product_rule><![CDATA[298]]></id_product_rule>
</cart_rule_product_rule_value>
<cart_rule_product_rule_value><id_item><![CDATA[30]]></id_item>
<id_product_rule><![CDATA[298]]></id_product_rule>
</cart_rule_product_rule_value>
<cart_rule_product_rule_value><id_item><![CDATA[31]]></id_item>
<id_product_rule><![CDATA[298]]></id_product_rule>
</cart_rule_product_rule_value>
<cart_rule_product_rule_value><id_item><![CDATA[32]]></id_item>
<id_product_rule><![CDATA[298]]></id_product_rule>
</cart_rule_product_rule_value>
<cart_rule_product_rule_value><id_item><![CDATA[34]]></id_item>
<id_product_rule><![CDATA[298]]></id_product_rule>
</cart_rule_product_rule_value>
<cart_rule_product_rule_value><id_item><![CDATA[35]]></id_item>
<id_product_rule><![CDATA[298]]></id_product_rule>
</cart_rule_product_rule_value>
<cart_rule_product_rule_value><id_item><![CDATA[38]]></id_item>
<id_product_rule><![CDATA[298]]></id_product_rule>
</cart_rule_product_rule_value>
<cart_rule_product_rule_value><id_item><![CDATA[39]]></id_item>
<id_product_rule><![CDATA[298]]></id_product_rule>
</cart_rule_product_rule_value>
<cart_rule_product_rule_value><id_item><![CDATA[41]]></id_item>
<id_product_rule><![CDATA[298]]></id_product_rule>
</cart_rule_product_rule_value>
<cart_rule_product_rule_value><id_item><![CDATA[43]]></id_item>
<id_product_rule><![CDATA[298]]></id_product_rule>
</cart_rule_product_rule_value>
<cart_rule_product_rule_value><id_item><![CDATA[44]]></id_item>
<id_product_rule><![CDATA[298]]></id_product_rule>
</cart_rule_product_rule_value>
<cart_rule_product_rule_value><id_item><![CDATA[45]]></id_item>
<id_product_rule><![CDATA[298]]></id_product_rule>
</cart_rule_product_rule_value>
<cart_rule_product_rule_value><id_item><![CDATA[80]]></id_item>
<id_product_rule><![CDATA[298]]></id_product_rule>
</cart_rule_product_rule_value>
<cart_rule_product_rule_value><id_item><![CDATA[1]]></id_item>
<id_product_rule><![CDATA[299]]></id_product_rule>
</cart_rule_product_rule_value>
<cart_rule_product_rule_value><id_item><![CDATA[5]]></id_item>
<id_product_rule><![CDATA[299]]></id_product_rule>
</cart_rule_product_rule_value>
<cart_rule_product_rule_value><id_item><![CDATA[6]]></id_item>
<id_product_rule><![CDATA[299]]></id_product_rule>
</cart_rule_product_rule_value>
<cart_rule_product_rule_value><id_item><![CDATA[7]]></id_item>
<id_product_rule><![CDATA[299]]></id_product_rule>
</cart_rule_product_rule_value>
<cart_rule_product_rule_value><id_item><![CDATA[9]]></id_item>
<id_product_rule><![CDATA[299]]></id_product_rule>
</cart_rule_product_rule_value>
<cart_rule_product_rule_value><id_item><![CDATA[10]]></id_item>
<id_product_rule><![CDATA[299]]></id_product_rule>
</cart_rule_product_rule_value>
<cart_rule_product_rule_value><id_item><![CDATA[11]]></id_item>
<id_product_rule><![CDATA[299]]></id_product_rule>
</cart_rule_product_rule_value>
<cart_rule_product_rule_value><id_item><![CDATA[13]]></id_item>
<id_product_rule><![CDATA[299]]></id_product_rule>
</cart_rule_product_rule_value>
<cart_rule_product_rule_value><id_item><![CDATA[14]]></id_item>
<id_product_rule><![CDATA[299]]></id_product_rule>
</cart_rule_product_rule_value>
<cart_rule_product_rule_value><id_item><![CDATA[15]]></id_item>
<id_product_rule><![CDATA[299]]></id_product_rule>
</cart_rule_product_rule_value>
<cart_rule_product_rule_value><id_item><![CDATA[16]]></id_item>
<id_product_rule><![CDATA[299]]></id_product_rule>
</cart_rule_product_rule_value>
<cart_rule_product_rule_value><id_item><![CDATA[17]]></id_item>
<id_product_rule><![CDATA[299]]></id_product_rule>
</cart_rule_product_rule_value>
<cart_rule_product_rule_value><id_item><![CDATA[18]]></id_item>
<id_product_rule><![CDATA[299]]></id_product_rule>
</cart_rule_product_rule_value>
<cart_rule_product_rule_value><id_item><![CDATA[25]]></id_item>
<id_product_rule><![CDATA[299]]></id_product_rule>
</cart_rule_product_rule_value>
<cart_rule_product_rule_value><id_item><![CDATA[27]]></id_item>
<id_product_rule><![CDATA[299]]></id_product_rule>
</cart_rule_product_rule_value>
<cart_rule_product_rule_value><id_item><![CDATA[28]]></id_item>
<id_product_rule><![CDATA[299]]></id_product_rule>
</cart_rule_product_rule_value>
<cart_rule_product_rule_value><id_item><![CDATA[30]]></id_item>
<id_product_rule><![CDATA[299]]></id_product_rule>
</cart_rule_product_rule_value>
<cart_rule_product_rule_value><id_item><![CDATA[31]]></id_item>
<id_product_rule><![CDATA[299]]></id_product_rule>
</cart_rule_product_rule_value>
<cart_rule_product_rule_value><id_item><![CDATA[32]]></id_item>
<id_product_rule><![CDATA[299]]></id_product_rule>
</cart_rule_product_rule_value>
<cart_rule_product_rule_value><id_item><![CDATA[34]]></id_item>
<id_product_rule><![CDATA[299]]></id_product_rule>
</cart_rule_product_rule_value>
<cart_rule_product_rule_value><id_item><![CDATA[35]]></id_item>
<id_product_rule><![CDATA[299]]></id_product_rule>
</cart_rule_product_rule_value>
<cart_rule_product_rule_value><id_item><![CDATA[38]]></id_item>
<id_product_rule><![CDATA[299]]></id_product_rule>
</cart_rule_product_rule_value>
<cart_rule_product_rule_value><id_item><![CDATA[39]]></id_item>
<id_product_rule><![CDATA[299]]></id_product_rule>
</cart_rule_product_rule_value>
<cart_rule_product_rule_value><id_item><![CDATA[41]]></id_item>
<id_product_rule><![CDATA[299]]></id_product_rule>
</cart_rule_product_rule_value>
<cart_rule_product_rule_value><id_item><![CDATA[43]]></id_item>
<id_product_rule><![CDATA[299]]></id_product_rule>
</cart_rule_product_rule_value>
<cart_rule_product_rule_value><id_item><![CDATA[44]]></id_item>
<id_product_rule><![CDATA[299]]></id_product_rule>
</cart_rule_product_rule_value>
<cart_rule_product_rule_value><id_item><![CDATA[45]]></id_item>
<id_product_rule><![CDATA[299]]></id_product_rule>
</cart_rule_product_rule_value>
<cart_rule_product_rule_value><id_item><![CDATA[80]]></id_item>
<id_product_rule><![CDATA[299]]></id_product_rule>
</cart_rule_product_rule_value>
<cart_rule_product_rule_value><id_item><![CDATA[1]]></id_item>
<id_product_rule><![CDATA[300]]></id_product_rule>
</cart_rule_product_rule_value>
<cart_rule_product_rule_value><id_item><![CDATA[5]]></id_item>
<id_product_rule><![CDATA[300]]></id_product_rule>
</cart_rule_product_rule_value>
<cart_rule_product_rule_value><id_item><![CDATA[6]]></id_item>
<id_product_rule><![CDATA[300]]></id_product_rule>
</cart_rule_product_rule_value>
<cart_rule_product_rule_value><id_item><![CDATA[7]]></id_item>
<id_product_rule><![CDATA[300]]></id_product_rule>
</cart_rule_product_rule_value>
<cart_rule_product_rule_value><id_item><![CDATA[9]]></id_item>
<id_product_rule><![CDATA[300]]></id_product_rule>
</cart_rule_product_rule_value>
<cart_rule_product_rule_value><id_item><![CDATA[10]]></id_item>
<id_product_rule><![CDATA[300]]></id_product_rule>
</cart_rule_product_rule_value>
<cart_rule_product_rule_value><id_item><![CDATA[11]]></id_item>
<id_product_rule><![CDATA[300]]></id_product_rule>
</cart_rule_product_rule_value>
<cart_rule_product_rule_value><id_item><![CDATA[13]]></id_item>
<id_product_rule><![CDATA[300]]></id_product_rule>
</cart_rule_product_rule_value>
<cart_rule_product_rule_value><id_item><![CDATA[14]]></id_item>
<id_product_rule><![CDATA[300]]></id_product_rule>
</cart_rule_product_rule_value>
<cart_rule_product_rule_value><id_item><![CDATA[15]]></id_item>
<id_product_rule><![CDATA[300]]></id_product_rule>
</cart_rule_product_rule_value>
<cart_rule_product_rule_value><id_item><![CDATA[16]]></id_item>
<id_product_rule><![CDATA[300]]></id_product_rule>
</cart_rule_product_rule_value>
<cart_rule_product_rule_value><id_item><![CDATA[17]]></id_item>
<id_product_rule><![CDATA[300]]></id_product_rule>
</cart_rule_product_rule_value>
<cart_rule_product_rule_value><id_item><![CDATA[18]]></id_item>
<id_product_rule><![CDATA[300]]></id_product_rule>
</cart_rule_product_rule_value>
<cart_rule_product_rule_value><id_item><![CDATA[25]]></id_item>
<id_product_rule><![CDATA[300]]></id_product_rule>
</cart_rule_product_rule_value>
<cart_rule_product_rule_value><id_item><![CDATA[27]]></id_item>
<id_product_rule><![CDATA[300]]></id_product_rule>
</cart_rule_product_rule_value>
<cart_rule_product_rule_value><id_item><![CDATA[28]]></id_item>
<id_product_rule><![CDATA[300]]></id_product_rule>
</cart_rule_product_rule_value>
<cart_rule_product_rule_value><id_item><![CDATA[30]]></id_item>
<id_product_rule><![CDATA[300]]></id_product_rule>
</cart_rule_product_rule_value>
<cart_rule_product_rule_value><id_item><![CDATA[31]]></id_item>
<id_product_rule><![CDATA[300]]></id_product_rule>
</cart_rule_product_rule_value>
<cart_rule_product_rule_value><id_item><![CDATA[32]]></id_item>
<id_product_rule><![CDATA[300]]></id_product_rule>
</cart_rule_product_rule_value>
<cart_rule_product_rule_value><id_item><![CDATA[34]]></id_item>
<id_product_rule><![CDATA[300]]></id_product_rule>
</cart_rule_product_rule_value>
<cart_rule_product_rule_value><id_item><![CDATA[35]]></id_item>
<id_product_rule><![CDATA[300]]></id_product_rule>
</cart_rule_product_rule_value>
<cart_rule_product_rule_value><id_item><![CDATA[38]]></id_item>
<id_product_rule><![CDATA[300]]></id_product_rule>
</cart_rule_product_rule_value>
<cart_rule_product_rule_value><id_item><![CDATA[39]]></id_item>
<id_product_rule><![CDATA[300]]></id_product_rule>
</cart_rule_product_rule_value>
<cart_rule_product_rule_value><id_item><![CDATA[41]]></id_item>
<id_product_rule><![CDATA[300]]></id_product_rule>
</cart_rule_product_rule_value>
<cart_rule_product_rule_value><id_item><![CDATA[43]]></id_item>
<id_product_rule><![CDATA[300]]></id_product_rule>
</cart_rule_product_rule_value>
<cart_rule_product_rule_value><id_item><![CDATA[44]]></id_item>
<id_product_rule><![CDATA[300]]></id_product_rule>
</cart_rule_product_rule_value>
<cart_rule_product_rule_value><id_item><![CDATA[45]]></id_item>
<id_product_rule><![CDATA[300]]></id_product_rule>
</cart_rule_product_rule_value>
<cart_rule_product_rule_value><id_item><![CDATA[80]]></id_item>
<id_product_rule><![CDATA[300]]></id_product_rule>
</cart_rule_product_rule_value>
<cart_rule_product_rule_value><id_item><![CDATA[1]]></id_item>
<id_product_rule><![CDATA[301]]></id_product_rule>
</cart_rule_product_rule_value>
<cart_rule_product_rule_value><id_item><![CDATA[5]]></id_item>
<id_product_rule><![CDATA[301]]></id_product_rule>
</cart_rule_product_rule_value>
<cart_rule_product_rule_value><id_item><![CDATA[6]]></id_item>
<id_product_rule><![CDATA[301]]></id_product_rule>
</cart_rule_product_rule_value>
<cart_rule_product_rule_value><id_item><![CDATA[7]]></id_item>
<id_product_rule><![CDATA[301]]></id_product_rule>
</cart_rule_product_rule_value>
<cart_rule_product_rule_value><id_item><![CDATA[9]]></id_item>
<id_product_rule><![CDATA[301]]></id_product_rule>
</cart_rule_product_rule_value>
<cart_rule_product_rule_value><id_item><![CDATA[10]]></id_item>
<id_product_rule><![CDATA[301]]></id_product_rule>
</cart_rule_product_rule_value>
<cart_rule_product_rule_value><id_item><![CDATA[11]]></id_item>
<id_product_rule><![CDATA[301]]></id_product_rule>
</cart_rule_product_rule_value>
<cart_rule_product_rule_value><id_item><![CDATA[13]]></id_item>
<id_product_rule><![CDATA[301]]></id_product_rule>
</cart_rule_product_rule_value>
<cart_rule_product_rule_value><id_item><![CDATA[14]]></id_item>
<id_product_rule><![CDATA[301]]></id_product_rule>
</cart_rule_product_rule_value>
<cart_rule_product_rule_value><id_item><![CDATA[15]]></id_item>
<id_product_rule><![CDATA[301]]></id_product_rule>
</cart_rule_product_rule_value>
<cart_rule_product_rule_value><id_item><![CDATA[16]]></id_item>
<id_product_rule><![CDATA[301]]></id_product_rule>
</cart_rule_product_rule_value>
<cart_rule_product_rule_value><id_item><![CDATA[17]]></id_item>
<id_product_rule><![CDATA[301]]></id_product_rule>
</cart_rule_product_rule_value>
<cart_rule_product_rule_value><id_item><![CDATA[18]]></id_item>
<id_product_rule><![CDATA[301]]></id_product_rule>
</cart_rule_product_rule_value>
<cart_rule_product_rule_value><id_item><![CDATA[25]]></id_item>
<id_product_rule><![CDATA[301]]></id_product_rule>
</cart_rule_product_rule_value>
<cart_rule_product_rule_value><id_item><![CDATA[27]]></id_item>
<id_product_rule><![CDATA[301]]></id_product_rule>
</cart_rule_product_rule_value>
<cart_rule_product_rule_value><id_item><![CDATA[28]]></id_item>
<id_product_rule><![CDATA[301]]></id_product_rule>
</cart_rule_product_rule_value>
<cart_rule_product_rule_value><id_item><![CDATA[30]]></id_item>
<id_product_rule><![CDATA[301]]></id_product_rule>
</cart_rule_product_rule_value>
<cart_rule_product_rule_value><id_item><![CDATA[31]]></id_item>
<id_product_rule><![CDATA[301]]></id_product_rule>
</cart_rule_product_rule_value>
<cart_rule_product_rule_value><id_item><![CDATA[32]]></id_item>
<id_product_rule><![CDATA[301]]></id_product_rule>
</cart_rule_product_rule_value>
<cart_rule_product_rule_value><id_item><![CDATA[34]]></id_item>
<id_product_rule><![CDATA[301]]></id_product_rule>
</cart_rule_product_rule_value>
<cart_rule_product_rule_value><id_item><![CDATA[35]]></id_item>
<id_product_rule><![CDATA[301]]></id_product_rule>
</cart_rule_product_rule_value>
<cart_rule_product_rule_value><id_item><![CDATA[38]]></id_item>
<id_product_rule><![CDATA[301]]></id_product_rule>
</cart_rule_product_rule_value>
<cart_rule_product_rule_value><id_item><![CDATA[39]]></id_item>
<id_product_rule><![CDATA[301]]></id_product_rule>
</cart_rule_product_rule_value>
<cart_rule_product_rule_value><id_item><![CDATA[41]]></id_item>
<id_product_rule><![CDATA[301]]></id_product_rule>
</cart_rule_product_rule_value>
<cart_rule_product_rule_value><id_item><![CDATA[43]]></id_item>
<id_product_rule><![CDATA[301]]></id_product_rule>
</cart_rule_product_rule_value>
<cart_rule_product_rule_value><id_item><![CDATA[44]]></id_item>
<id_product_rule><![CDATA[301]]></id_product_rule>
</cart_rule_product_rule_value>
<cart_rule_product_rule_value><id_item><![CDATA[45]]></id_item>
<id_product_rule><![CDATA[301]]></id_product_rule>
</cart_rule_product_rule_value>
<cart_rule_product_rule_value><id_item><![CDATA[80]]></id_item>
<id_product_rule><![CDATA[301]]></id_product_rule>
</cart_rule_product_rule_value>
<cart_rule_product_rule_value><id_item><![CDATA[1]]></id_item>
<id_product_rule><![CDATA[302]]></id_product_rule>
</cart_rule_product_rule_value>
<cart_rule_product_rule_value><id_item><![CDATA[5]]></id_item>
<id_product_rule><![CDATA[302]]></id_product_rule>
</cart_rule_product_rule_value>
<cart_rule_product_rule_value><id_item><![CDATA[6]]></id_item>
<id_product_rule><![CDATA[302]]></id_product_rule>
</cart_rule_product_rule_value>
<cart_rule_product_rule_value><id_item><![CDATA[7]]></id_item>
<id_product_rule><![CDATA[302]]></id_product_rule>
</cart_rule_product_rule_value>
<cart_rule_product_rule_value><id_item><![CDATA[9]]></id_item>
<id_product_rule><![CDATA[302]]></id_product_rule>
</cart_rule_product_rule_value>
<cart_rule_product_rule_value><id_item><![CDATA[10]]></id_item>
<id_product_rule><![CDATA[302]]></id_product_rule>
</cart_rule_product_rule_value>
<cart_rule_product_rule_value><id_item><![CDATA[11]]></id_item>
<id_product_rule><![CDATA[302]]></id_product_rule>
</cart_rule_product_rule_value>
<cart_rule_product_rule_value><id_item><![CDATA[13]]></id_item>
<id_product_rule><![CDATA[302]]></id_product_rule>
</cart_rule_product_rule_value>
<cart_rule_product_rule_value><id_item><![CDATA[14]]></id_item>
<id_product_rule><![CDATA[302]]></id_product_rule>
</cart_rule_product_rule_value>
<cart_rule_product_rule_value><id_item><![CDATA[15]]></id_item>
<id_product_rule><![CDATA[302]]></id_product_rule>
</cart_rule_product_rule_value>
<cart_rule_product_rule_value><id_item><![CDATA[16]]></id_item>
<id_product_rule><![CDATA[302]]></id_product_rule>
</cart_rule_product_rule_value>
<cart_rule_product_rule_value><id_item><![CDATA[17]]></id_item>
<id_product_rule><![CDATA[302]]></id_product_rule>
</cart_rule_product_rule_value>
<cart_rule_product_rule_value><id_item><![CDATA[18]]></id_item>
<id_product_rule><![CDATA[302]]></id_product_rule>
</cart_rule_product_rule_value>
<cart_rule_product_rule_value><id_item><![CDATA[25]]></id_item>
<id_product_rule><![CDATA[302]]></id_product_rule>
</cart_rule_product_rule_value>
<cart_rule_product_rule_value><id_item><![CDATA[27]]></id_item>
<id_product_rule><![CDATA[302]]></id_product_rule>
</cart_rule_product_rule_value>
<cart_rule_product_rule_value><id_item><![CDATA[28]]></id_item>
<id_product_rule><![CDATA[302]]></id_product_rule>
</cart_rule_product_rule_value>
<cart_rule_product_rule_value><id_item><![CDATA[30]]></id_item>
<id_product_rule><![CDATA[302]]></id_product_rule>
</cart_rule_product_rule_value>
<cart_rule_product_rule_value><id_item><![CDATA[31]]></id_item>
<id_product_rule><![CDATA[302]]></id_product_rule>
</cart_rule_product_rule_value>
<cart_rule_product_rule_value><id_item><![CDATA[32]]></id_item>
<id_product_rule><![CDATA[302]]></id_product_rule>
</cart_rule_product_rule_value>
<cart_rule_product_rule_value><id_item><![CDATA[34]]></id_item>
<id_product_rule><![CDATA[302]]></id_product_rule>
</cart_rule_product_rule_value>
<cart_rule_product_rule_value><id_item><![CDATA[35]]></id_item>
<id_product_rule><![CDATA[302]]></id_product_rule>
</cart_rule_product_rule_value>
<cart_rule_product_rule_value><id_item><![CDATA[38]]></id_item>
<id_product_rule><![CDATA[302]]></id_product_rule>
</cart_rule_product_rule_value>
<cart_rule_product_rule_value><id_item><![CDATA[39]]></id_item>
<id_product_rule><![CDATA[302]]></id_product_rule>
</cart_rule_product_rule_value>
<cart_rule_product_rule_value><id_item><![CDATA[41]]></id_item>
<id_product_rule><![CDATA[302]]></id_product_rule>
</cart_rule_product_rule_value>
<cart_rule_product_rule_value><id_item><![CDATA[43]]></id_item>
<id_product_rule><![CDATA[302]]></id_product_rule>
</cart_rule_product_rule_value>
<cart_rule_product_rule_value><id_item><![CDATA[44]]></id_item>
<id_product_rule><![CDATA[302]]></id_product_rule>
</cart_rule_product_rule_value>
<cart_rule_product_rule_value><id_item><![CDATA[45]]></id_item>
<id_product_rule><![CDATA[302]]></id_product_rule>
</cart_rule_product_rule_value>
<cart_rule_product_rule_value><id_item><![CDATA[80]]></id_item>
<id_product_rule><![CDATA[302]]></id_product_rule>
</cart_rule_product_rule_value>
<cart_rule_product_rule_value><id_item><![CDATA[1]]></id_item>
<id_product_rule><![CDATA[303]]></id_product_rule>
</cart_rule_product_rule_value>
<cart_rule_product_rule_value><id_item><![CDATA[5]]></id_item>
<id_product_rule><![CDATA[303]]></id_product_rule>
</cart_rule_product_rule_value>
<cart_rule_product_rule_value><id_item><![CDATA[6]]></id_item>
<id_product_rule><![CDATA[303]]></id_product_rule>
</cart_rule_product_rule_value>
<cart_rule_product_rule_value><id_item><![CDATA[7]]></id_item>
<id_product_rule><![CDATA[303]]></id_product_rule>
</cart_rule_product_rule_value>
<cart_rule_product_rule_value><id_item><![CDATA[9]]></id_item>
<id_product_rule><![CDATA[303]]></id_product_rule>
</cart_rule_product_rule_value>
<cart_rule_product_rule_value><id_item><![CDATA[10]]></id_item>
<id_product_rule><![CDATA[303]]></id_product_rule>
</cart_rule_product_rule_value>
<cart_rule_product_rule_value><id_item><![CDATA[11]]></id_item>
<id_product_rule><![CDATA[303]]></id_product_rule>
</cart_rule_product_rule_value>
<cart_rule_product_rule_value><id_item><![CDATA[13]]></id_item>
<id_product_rule><![CDATA[303]]></id_product_rule>
</cart_rule_product_rule_value>
<cart_rule_product_rule_value><id_item><![CDATA[14]]></id_item>
<id_product_rule><![CDATA[303]]></id_product_rule>
</cart_rule_product_rule_value>
<cart_rule_product_rule_value><id_item><![CDATA[15]]></id_item>
<id_product_rule><![CDATA[303]]></id_product_rule>
</cart_rule_product_rule_value>
<cart_rule_product_rule_value><id_item><![CDATA[16]]></id_item>
<id_product_rule><![CDATA[303]]></id_product_rule>
</cart_rule_product_rule_value>
<cart_rule_product_rule_value><id_item><![CDATA[17]]></id_item>
<id_product_rule><![CDATA[303]]></id_product_rule>
</cart_rule_product_rule_value>
<cart_rule_product_rule_value><id_item><![CDATA[18]]></id_item>
<id_product_rule><![CDATA[303]]></id_product_rule>
</cart_rule_product_rule_value>
<cart_rule_product_rule_value><id_item><![CDATA[25]]></id_item>
<id_product_rule><![CDATA[303]]></id_product_rule>
</cart_rule_product_rule_value>
<cart_rule_product_rule_value><id_item><![CDATA[27]]></id_item>
<id_product_rule><![CDATA[303]]></id_product_rule>
</cart_rule_product_rule_value>
<cart_rule_product_rule_value><id_item><![CDATA[28]]></id_item>
<id_product_rule><![CDATA[303]]></id_product_rule>
</cart_rule_product_rule_value>
<cart_rule_product_rule_value><id_item><![CDATA[30]]></id_item>
<id_product_rule><![CDATA[303]]></id_product_rule>
</cart_rule_product_rule_value>
<cart_rule_product_rule_value><id_item><![CDATA[31]]></id_item>
<id_product_rule><![CDATA[303]]></id_product_rule>
</cart_rule_product_rule_value>
<cart_rule_product_rule_value><id_item><![CDATA[32]]></id_item>
<id_product_rule><![CDATA[303]]></id_product_rule>
</cart_rule_product_rule_value>
<cart_rule_product_rule_value><id_item><![CDATA[34]]></id_item>
<id_product_rule><![CDATA[303]]></id_product_rule>
</cart_rule_product_rule_value>
<cart_rule_product_rule_value><id_item><![CDATA[35]]></id_item>
<id_product_rule><![CDATA[303]]></id_product_rule>
</cart_rule_product_rule_value>
<cart_rule_product_rule_value><id_item><![CDATA[38]]></id_item>
<id_product_rule><![CDATA[303]]></id_product_rule>
</cart_rule_product_rule_value>
<cart_rule_product_rule_value><id_item><![CDATA[39]]></id_item>
<id_product_rule><![CDATA[303]]></id_product_rule>
</cart_rule_product_rule_value>
<cart_rule_product_rule_value><id_item><![CDATA[41]]></id_item>
<id_product_rule><![CDATA[303]]></id_product_rule>
</cart_rule_product_rule_value>
<cart_rule_product_rule_value><id_item><![CDATA[43]]></id_item>
<id_product_rule><![CDATA[303]]></id_product_rule>
</cart_rule_product_rule_value>
<cart_rule_product_rule_value><id_item><![CDATA[44]]></id_item>
<id_product_rule><![CDATA[303]]></id_product_rule>
</cart_rule_product_rule_value>
<cart_rule_product_rule_value><id_item><![CDATA[45]]></id_item>
<id_product_rule><![CDATA[303]]></id_product_rule>
</cart_rule_product_rule_value>
<cart_rule_product_rule_value><id_item><![CDATA[80]]></id_item>
<id_product_rule><![CDATA[303]]></id_product_rule>
</cart_rule_product_rule_value>
<cart_rule_product_rule_value><id_item><![CDATA[1]]></id_item>
<id_product_rule><![CDATA[304]]></id_product_rule>
</cart_rule_product_rule_value>
<cart_rule_product_rule_value><id_item><![CDATA[5]]></id_item>
<id_product_rule><![CDATA[304]]></id_product_rule>
</cart_rule_product_rule_value>
<cart_rule_product_rule_value><id_item><![CDATA[6]]></id_item>
<id_product_rule><![CDATA[304]]></id_product_rule>
</cart_rule_product_rule_value>
<cart_rule_product_rule_value><id_item><![CDATA[7]]></id_item>
<id_product_rule><![CDATA[304]]></id_product_rule>
</cart_rule_product_rule_value>
<cart_rule_product_rule_value><id_item><![CDATA[9]]></id_item>
<id_product_rule><![CDATA[304]]></id_product_rule>
</cart_rule_product_rule_value>
<cart_rule_product_rule_value><id_item><![CDATA[10]]></id_item>
<id_product_rule><![CDATA[304]]></id_product_rule>
</cart_rule_product_rule_value>
<cart_rule_product_rule_value><id_item><![CDATA[11]]></id_item>
<id_product_rule><![CDATA[304]]></id_product_rule>
</cart_rule_product_rule_value>
<cart_rule_product_rule_value><id_item><![CDATA[13]]></id_item>
<id_product_rule><![CDATA[304]]></id_product_rule>
</cart_rule_product_rule_value>
<cart_rule_product_rule_value><id_item><![CDATA[14]]></id_item>
<id_product_rule><![CDATA[304]]></id_product_rule>
</cart_rule_product_rule_value>
<cart_rule_product_rule_value><id_item><![CDATA[15]]></id_item>
<id_product_rule><![CDATA[304]]></id_product_rule>
</cart_rule_product_rule_value>
<cart_rule_product_rule_value><id_item><![CDATA[16]]></id_item>
<id_product_rule><![CDATA[304]]></id_product_rule>
</cart_rule_product_rule_value>
<cart_rule_product_rule_value><id_item><![CDATA[17]]></id_item>
<id_product_rule><![CDATA[304]]></id_product_rule>
</cart_rule_product_rule_value>
<cart_rule_product_rule_value><id_item><![CDATA[18]]></id_item>
<id_product_rule><![CDATA[304]]></id_product_rule>
</cart_rule_product_rule_value>
<cart_rule_product_rule_value><id_item><![CDATA[25]]></id_item>
<id_product_rule><![CDATA[304]]></id_product_rule>
</cart_rule_product_rule_value>
<cart_rule_product_rule_value><id_item><![CDATA[27]]></id_item>
<id_product_rule><![CDATA[304]]></id_product_rule>
</cart_rule_product_rule_value>
<cart_rule_product_rule_value><id_item><![CDATA[28]]></id_item>
<id_product_rule><![CDATA[304]]></id_product_rule>
</cart_rule_product_rule_value>
<cart_rule_product_rule_value><id_item><![CDATA[30]]></id_item>
<id_product_rule><![CDATA[304]]></id_product_rule>
</cart_rule_product_rule_value>
<cart_rule_product_rule_value><id_item><![CDATA[31]]></id_item>
<id_product_rule><![CDATA[304]]></id_product_rule>
</cart_rule_product_rule_value>
<cart_rule_product_rule_value><id_item><![CDATA[32]]></id_item>
<id_product_rule><![CDATA[304]]></id_product_rule>
</cart_rule_product_rule_value>
<cart_rule_product_rule_value><id_item><![CDATA[34]]></id_item>
<id_product_rule><![CDATA[304]]></id_product_rule>
</cart_rule_product_rule_value>
<cart_rule_product_rule_value><id_item><![CDATA[35]]></id_item>
<id_product_rule><![CDATA[304]]></id_product_rule>
</cart_rule_product_rule_value>
<cart_rule_product_rule_value><id_item><![CDATA[38]]></id_item>
<id_product_rule><![CDATA[304]]></id_product_rule>
</cart_rule_product_rule_value>
<cart_rule_product_rule_value><id_item><![CDATA[39]]></id_item>
<id_product_rule><![CDATA[304]]></id_product_rule>
</cart_rule_product_rule_value>
<cart_rule_product_rule_value><id_item><![CDATA[41]]></id_item>
<id_product_rule><![CDATA[304]]></id_product_rule>
</cart_rule_product_rule_value>
<cart_rule_product_rule_value><id_item><![CDATA[43]]></id_item>
<id_product_rule><![CDATA[304]]></id_product_rule>
</cart_rule_product_rule_value>
<cart_rule_product_rule_value><id_item><![CDATA[44]]></id_item>
<id_product_rule><![CDATA[304]]></id_product_rule>
</cart_rule_product_rule_value>
<cart_rule_product_rule_value><id_item><![CDATA[45]]></id_item>
<id_product_rule><![CDATA[304]]></id_product_rule>
</cart_rule_product_rule_value>
<cart_rule_product_rule_value><id_item><![CDATA[80]]></id_item>
<id_product_rule><![CDATA[304]]></id_product_rule>
</cart_rule_product_rule_value>
<cart_rule_product_rule_value><id_item><![CDATA[1]]></id_item>
<id_product_rule><![CDATA[305]]></id_product_rule>
</cart_rule_product_rule_value>
<cart_rule_product_rule_value><id_item><![CDATA[5]]></id_item>
<id_product_rule><![CDATA[305]]></id_product_rule>
</cart_rule_product_rule_value>
<cart_rule_product_rule_value><id_item><![CDATA[6]]></id_item>
<id_product_rule><![CDATA[305]]></id_product_rule>
</cart_rule_product_rule_value>
<cart_rule_product_rule_value><id_item><![CDATA[7]]></id_item>
<id_product_rule><![CDATA[305]]></id_product_rule>
</cart_rule_product_rule_value>
<cart_rule_product_rule_value><id_item><![CDATA[9]]></id_item>
<id_product_rule><![CDATA[305]]></id_product_rule>
</cart_rule_product_rule_value>
<cart_rule_product_rule_value><id_item><![CDATA[10]]></id_item>
<id_product_rule><![CDATA[305]]></id_product_rule>
</cart_rule_product_rule_value>
<cart_rule_product_rule_value><id_item><![CDATA[11]]></id_item>
<id_product_rule><![CDATA[305]]></id_product_rule>
</cart_rule_product_rule_value>
<cart_rule_product_rule_value><id_item><![CDATA[13]]></id_item>
<id_product_rule><![CDATA[305]]></id_product_rule>
</cart_rule_product_rule_value>
<cart_rule_product_rule_value><id_item><![CDATA[14]]></id_item>
<id_product_rule><![CDATA[305]]></id_product_rule>
</cart_rule_product_rule_value>
<cart_rule_product_rule_value><id_item><![CDATA[15]]></id_item>
<id_product_rule><![CDATA[305]]></id_product_rule>
</cart_rule_product_rule_value>
<cart_rule_product_rule_value><id_item><![CDATA[16]]></id_item>
<id_product_rule><![CDATA[305]]></id_product_rule>
</cart_rule_product_rule_value>
<cart_rule_product_rule_value><id_item><![CDATA[17]]></id_item>
<id_product_rule><![CDATA[305]]></id_product_rule>
</cart_rule_product_rule_value>
<cart_rule_product_rule_value><id_item><![CDATA[18]]></id_item>
<id_product_rule><![CDATA[305]]></id_product_rule>
</cart_rule_product_rule_value>
<cart_rule_product_rule_value><id_item><![CDATA[25]]></id_item>
<id_product_rule><![CDATA[305]]></id_product_rule>
</cart_rule_product_rule_value>
<cart_rule_product_rule_value><id_item><![CDATA[27]]></id_item>
<id_product_rule><![CDATA[305]]></id_product_rule>
</cart_rule_product_rule_value>
<cart_rule_product_rule_value><id_item><![CDATA[28]]></id_item>
<id_product_rule><![CDATA[305]]></id_product_rule>
</cart_rule_product_rule_value>
<cart_rule_product_rule_value><id_item><![CDATA[30]]></id_item>
<id_product_rule><![CDATA[305]]></id_product_rule>
</cart_rule_product_rule_value>
<cart_rule_product_rule_value><id_item><![CDATA[31]]></id_item>
<id_product_rule><![CDATA[305]]></id_product_rule>
</cart_rule_product_rule_value>
<cart_rule_product_rule_value><id_item><![CDATA[32]]></id_item>
<id_product_rule><![CDATA[305]]></id_product_rule>
</cart_rule_product_rule_value>
<cart_rule_product_rule_value><id_item><![CDATA[34]]></id_item>
<id_product_rule><![CDATA[305]]></id_product_rule>
</cart_rule_product_rule_value>
<cart_rule_product_rule_value><id_item><![CDATA[35]]></id_item>
<id_product_rule><![CDATA[305]]></id_product_rule>
</cart_rule_product_rule_value>
<cart_rule_product_rule_value><id_item><![CDATA[38]]></id_item>
<id_product_rule><![CDATA[305]]></id_product_rule>
</cart_rule_product_rule_value>
<cart_rule_product_rule_value><id_item><![CDATA[39]]></id_item>
<id_product_rule><![CDATA[305]]></id_product_rule>
</cart_rule_product_rule_value>
<cart_rule_product_rule_value><id_item><![CDATA[41]]></id_item>
<id_product_rule><![CDATA[305]]></id_product_rule>
</cart_rule_product_rule_value>
<cart_rule_product_rule_value><id_item><![CDATA[43]]></id_item>
<id_product_rule><![CDATA[305]]></id_product_rule>
</cart_rule_product_rule_value>
<cart_rule_product_rule_value><id_item><![CDATA[44]]></id_item>
<id_product_rule><![CDATA[305]]></id_product_rule>
</cart_rule_product_rule_value>
<cart_rule_product_rule_value><id_item><![CDATA[45]]></id_item>
<id_product_rule><![CDATA[305]]></id_product_rule>
</cart_rule_product_rule_value>
<cart_rule_product_rule_value><id_item><![CDATA[80]]></id_item>
<id_product_rule><![CDATA[305]]></id_product_rule>
</cart_rule_product_rule_value>
<cart_rule_product_rule_value><id_item><![CDATA[1]]></id_item>
<id_product_rule><![CDATA[306]]></id_product_rule>
</cart_rule_product_rule_value>
<cart_rule_product_rule_value><id_item><![CDATA[5]]></id_item>
<id_product_rule><![CDATA[306]]></id_product_rule>
</cart_rule_product_rule_value>
<cart_rule_product_rule_value><id_item><![CDATA[6]]></id_item>
<id_product_rule><![CDATA[306]]></id_product_rule>
</cart_rule_product_rule_value>
<cart_rule_product_rule_value><id_item><![CDATA[7]]></id_item>
<id_product_rule><![CDATA[306]]></id_product_rule>
</cart_rule_product_rule_value>
<cart_rule_product_rule_value><id_item><![CDATA[9]]></id_item>
<id_product_rule><![CDATA[306]]></id_product_rule>
</cart_rule_product_rule_value>
<cart_rule_product_rule_value><id_item><![CDATA[10]]></id_item>
<id_product_rule><![CDATA[306]]></id_product_rule>
</cart_rule_product_rule_value>
<cart_rule_product_rule_value><id_item><![CDATA[11]]></id_item>
<id_product_rule><![CDATA[306]]></id_product_rule>
</cart_rule_product_rule_value>
<cart_rule_product_rule_value><id_item><![CDATA[13]]></id_item>
<id_product_rule><![CDATA[306]]></id_product_rule>
</cart_rule_product_rule_value>
<cart_rule_product_rule_value><id_item><![CDATA[14]]></id_item>
<id_product_rule><![CDATA[306]]></id_product_rule>
</cart_rule_product_rule_value>
<cart_rule_product_rule_value><id_item><![CDATA[15]]></id_item>
<id_product_rule><![CDATA[306]]></id_product_rule>
</cart_rule_product_rule_value>
<cart_rule_product_rule_value><id_item><![CDATA[16]]></id_item>
<id_product_rule><![CDATA[306]]></id_product_rule>
</cart_rule_product_rule_value>
<cart_rule_product_rule_value><id_item><![CDATA[17]]></id_item>
<id_product_rule><![CDATA[306]]></id_product_rule>
</cart_rule_product_rule_value>
<cart_rule_product_rule_value><id_item><![CDATA[18]]></id_item>
<id_product_rule><![CDATA[306]]></id_product_rule>
</cart_rule_product_rule_value>
<cart_rule_product_rule_value><id_item><![CDATA[25]]></id_item>
<id_product_rule><![CDATA[306]]></id_product_rule>
</cart_rule_product_rule_value>
<cart_rule_product_rule_value><id_item><![CDATA[27]]></id_item>
<id_product_rule><![CDATA[306]]></id_product_rule>
</cart_rule_product_rule_value>
<cart_rule_product_rule_value><id_item><![CDATA[28]]></id_item>
<id_product_rule><![CDATA[306]]></id_product_rule>
</cart_rule_product_rule_value>
<cart_rule_product_rule_value><id_item><![CDATA[30]]></id_item>
<id_product_rule><![CDATA[306]]></id_product_rule>
</cart_rule_product_rule_value>
<cart_rule_product_rule_value><id_item><![CDATA[31]]></id_item>
<id_product_rule><![CDATA[306]]></id_product_rule>
</cart_rule_product_rule_value>
<cart_rule_product_rule_value><id_item><![CDATA[32]]></id_item>
<id_product_rule><![CDATA[306]]></id_product_rule>
</cart_rule_product_rule_value>
<cart_rule_product_rule_value><id_item><![CDATA[34]]></id_item>
<id_product_rule><![CDATA[306]]></id_product_rule>
</cart_rule_product_rule_value>
<cart_rule_product_rule_value><id_item><![CDATA[35]]></id_item>
<id_product_rule><![CDATA[306]]></id_product_rule>
</cart_rule_product_rule_value>
<cart_rule_product_rule_value><id_item><![CDATA[38]]></id_item>
<id_product_rule><![CDATA[306]]></id_product_rule>
</cart_rule_product_rule_value>
<cart_rule_product_rule_value><id_item><![CDATA[39]]></id_item>
<id_product_rule><![CDATA[306]]></id_product_rule>
</cart_rule_product_rule_value>
<cart_rule_product_rule_value><id_item><![CDATA[41]]></id_item>
<id_product_rule><![CDATA[306]]></id_product_rule>
</cart_rule_product_rule_value>
<cart_rule_product_rule_value><id_item><![CDATA[43]]></id_item>
<id_product_rule><![CDATA[306]]></id_product_rule>
</cart_rule_product_rule_value>
<cart_rule_product_rule_value><id_item><![CDATA[44]]></id_item>
<id_product_rule><![CDATA[306]]></id_product_rule>
</cart_rule_product_rule_value>
<cart_rule_product_rule_value><id_item><![CDATA[45]]></id_item>
<id_product_rule><![CDATA[306]]></id_product_rule>
</cart_rule_product_rule_value>
<cart_rule_product_rule_value><id_item><![CDATA[80]]></id_item>
<id_product_rule><![CDATA[306]]></id_product_rule>
</cart_rule_product_rule_value>
<cart_rule_product_rule_value><id_item><![CDATA[1]]></id_item>
<id_product_rule><![CDATA[307]]></id_product_rule>
</cart_rule_product_rule_value>
<cart_rule_product_rule_value><id_item><![CDATA[5]]></id_item>
<id_product_rule><![CDATA[307]]></id_product_rule>
</cart_rule_product_rule_value>
<cart_rule_product_rule_value><id_item><![CDATA[6]]></id_item>
<id_product_rule><![CDATA[307]]></id_product_rule>
</cart_rule_product_rule_value>
<cart_rule_product_rule_value><id_item><![CDATA[7]]></id_item>
<id_product_rule><![CDATA[307]]></id_product_rule>
</cart_rule_product_rule_value>
<cart_rule_product_rule_value><id_item><![CDATA[9]]></id_item>
<id_product_rule><![CDATA[307]]></id_product_rule>
</cart_rule_product_rule_value>
<cart_rule_product_rule_value><id_item><![CDATA[10]]></id_item>
<id_product_rule><![CDATA[307]]></id_product_rule>
</cart_rule_product_rule_value>
<cart_rule_product_rule_value><id_item><![CDATA[11]]></id_item>
<id_product_rule><![CDATA[307]]></id_product_rule>
</cart_rule_product_rule_value>
<cart_rule_product_rule_value><id_item><![CDATA[13]]></id_item>
<id_product_rule><![CDATA[307]]></id_product_rule>
</cart_rule_product_rule_value>
<cart_rule_product_rule_value><id_item><![CDATA[14]]></id_item>
<id_product_rule><![CDATA[307]]></id_product_rule>
</cart_rule_product_rule_value>
<cart_rule_product_rule_value><id_item><![CDATA[15]]></id_item>
<id_product_rule><![CDATA[307]]></id_product_rule>
</cart_rule_product_rule_value>
<cart_rule_product_rule_value><id_item><![CDATA[16]]></id_item>
<id_product_rule><![CDATA[307]]></id_product_rule>
</cart_rule_product_rule_value>
<cart_rule_product_rule_value><id_item><![CDATA[17]]></id_item>
<id_product_rule><![CDATA[307]]></id_product_rule>
</cart_rule_product_rule_value>
<cart_rule_product_rule_value><id_item><![CDATA[18]]></id_item>
<id_product_rule><![CDATA[307]]></id_product_rule>
</cart_rule_product_rule_value>
<cart_rule_product_rule_value><id_item><![CDATA[25]]></id_item>
<id_product_rule><![CDATA[307]]></id_product_rule>
</cart_rule_product_rule_value>
<cart_rule_product_rule_value><id_item><![CDATA[27]]></id_item>
<id_product_rule><![CDATA[307]]></id_product_rule>
</cart_rule_product_rule_value>
<cart_rule_product_rule_value><id_item><![CDATA[28]]></id_item>
<id_product_rule><![CDATA[307]]></id_product_rule>
</cart_rule_product_rule_value>
<cart_rule_product_rule_value><id_item><![CDATA[30]]></id_item>
<id_product_rule><![CDATA[307]]></id_product_rule>
</cart_rule_product_rule_value>
<cart_rule_product_rule_value><id_item><![CDATA[31]]></id_item>
<id_product_rule><![CDATA[307]]></id_product_rule>
</cart_rule_product_rule_value>
<cart_rule_product_rule_value><id_item><![CDATA[32]]></id_item>
<id_product_rule><![CDATA[307]]></id_product_rule>
</cart_rule_product_rule_value>
<cart_rule_product_rule_value><id_item><![CDATA[34]]></id_item>
<id_product_rule><![CDATA[307]]></id_product_rule>
</cart_rule_product_rule_value>
<cart_rule_product_rule_value><id_item><![CDATA[35]]></id_item>
<id_product_rule><![CDATA[307]]></id_product_rule>
</cart_rule_product_rule_value>
<cart_rule_product_rule_value><id_item><![CDATA[38]]></id_item>
<id_product_rule><![CDATA[307]]></id_product_rule>
</cart_rule_product_rule_value>
<cart_rule_product_rule_value><id_item><![CDATA[39]]></id_item>
<id_product_rule><![CDATA[307]]></id_product_rule>
</cart_rule_product_rule_value>
<cart_rule_product_rule_value><id_item><![CDATA[41]]></id_item>
<id_product_rule><![CDATA[307]]></id_product_rule>
</cart_rule_product_rule_value>
<cart_rule_product_rule_value><id_item><![CDATA[43]]></id_item>
<id_product_rule><![CDATA[307]]></id_product_rule>
</cart_rule_product_rule_value>
<cart_rule_product_rule_value><id_item><![CDATA[44]]></id_item>
<id_product_rule><![CDATA[307]]></id_product_rule>
</cart_rule_product_rule_value>
<cart_rule_product_rule_value><id_item><![CDATA[45]]></id_item>
<id_product_rule><![CDATA[307]]></id_product_rule>
</cart_rule_product_rule_value>
<cart_rule_product_rule_value><id_item><![CDATA[80]]></id_item>
<id_product_rule><![CDATA[307]]></id_product_rule>
</cart_rule_product_rule_value>
<cart_rule_product_rule_value><id_item><![CDATA[1]]></id_item>
<id_product_rule><![CDATA[308]]></id_product_rule>
</cart_rule_product_rule_value>
<cart_rule_product_rule_value><id_item><![CDATA[5]]></id_item>
<id_product_rule><![CDATA[308]]></id_product_rule>
</cart_rule_product_rule_value>
<cart_rule_product_rule_value><id_item><![CDATA[6]]></id_item>
<id_product_rule><![CDATA[308]]></id_product_rule>
</cart_rule_product_rule_value>
<cart_rule_product_rule_value><id_item><![CDATA[7]]></id_item>
<id_product_rule><![CDATA[308]]></id_product_rule>
</cart_rule_product_rule_value>
<cart_rule_product_rule_value><id_item><![CDATA[9]]></id_item>
<id_product_rule><![CDATA[308]]></id_product_rule>
</cart_rule_product_rule_value>
<cart_rule_product_rule_value><id_item><![CDATA[10]]></id_item>
<id_product_rule><![CDATA[308]]></id_product_rule>
</cart_rule_product_rule_value>
<cart_rule_product_rule_value><id_item><![CDATA[11]]></id_item>
<id_product_rule><![CDATA[308]]></id_product_rule>
</cart_rule_product_rule_value>
<cart_rule_product_rule_value><id_item><![CDATA[13]]></id_item>
<id_product_rule><![CDATA[308]]></id_product_rule>
</cart_rule_product_rule_value>
<cart_rule_product_rule_value><id_item><![CDATA[14]]></id_item>
<id_product_rule><![CDATA[308]]></id_product_rule>
</cart_rule_product_rule_value>
<cart_rule_product_rule_value><id_item><![CDATA[15]]></id_item>
<id_product_rule><![CDATA[308]]></id_product_rule>
</cart_rule_product_rule_value>
<cart_rule_product_rule_value><id_item><![CDATA[16]]></id_item>
<id_product_rule><![CDATA[308]]></id_product_rule>
</cart_rule_product_rule_value>
<cart_rule_product_rule_value><id_item><![CDATA[17]]></id_item>
<id_product_rule><![CDATA[308]]></id_product_rule>
</cart_rule_product_rule_value>
<cart_rule_product_rule_value><id_item><![CDATA[18]]></id_item>
<id_product_rule><![CDATA[308]]></id_product_rule>
</cart_rule_product_rule_value>
<cart_rule_product_rule_value><id_item><![CDATA[25]]></id_item>
<id_product_rule><![CDATA[308]]></id_product_rule>
</cart_rule_product_rule_value>
<cart_rule_product_rule_value><id_item><![CDATA[27]]></id_item>
<id_product_rule><![CDATA[308]]></id_product_rule>
</cart_rule_product_rule_value>
<cart_rule_product_rule_value><id_item><![CDATA[28]]></id_item>
<id_product_rule><![CDATA[308]]></id_product_rule>
</cart_rule_product_rule_value>
<cart_rule_product_rule_value><id_item><![CDATA[30]]></id_item>
<id_product_rule><![CDATA[308]]></id_product_rule>
</cart_rule_product_rule_value>
<cart_rule_product_rule_value><id_item><![CDATA[31]]></id_item>
<id_product_rule><![CDATA[308]]></id_product_rule>
</cart_rule_product_rule_value>
<cart_rule_product_rule_value><id_item><![CDATA[32]]></id_item>
<id_product_rule><![CDATA[308]]></id_product_rule>
</cart_rule_product_rule_value>
<cart_rule_product_rule_value><id_item><![CDATA[34]]></id_item>
<id_product_rule><![CDATA[308]]></id_product_rule>
</cart_rule_product_rule_value>
<cart_rule_product_rule_value><id_item><![CDATA[35]]></id_item>
<id_product_rule><![CDATA[308]]></id_product_rule>
</cart_rule_product_rule_value>
<cart_rule_product_rule_value><id_item><![CDATA[38]]></id_item>
<id_product_rule><![CDATA[308]]></id_product_rule>
</cart_rule_product_rule_value>
<cart_rule_product_rule_value><id_item><![CDATA[39]]></id_item>
<id_product_rule><![CDATA[308]]></id_product_rule>
</cart_rule_product_rule_value>
<cart_rule_product_rule_value><id_item><![CDATA[41]]></id_item>
<id_product_rule><![CDATA[308]]></id_product_rule>
</cart_rule_product_rule_value>
<cart_rule_product_rule_value><id_item><![CDATA[43]]></id_item>
<id_product_rule><![CDATA[308]]></id_product_rule>
</cart_rule_product_rule_value>
<cart_rule_product_rule_value><id_item><![CDATA[44]]></id_item>
<id_product_rule><![CDATA[308]]></id_product_rule>
</cart_rule_product_rule_value>
<cart_rule_product_rule_value><id_item><![CDATA[45]]></id_item>
<id_product_rule><![CDATA[308]]></id_product_rule>
</cart_rule_product_rule_value>
<cart_rule_product_rule_value><id_item><![CDATA[80]]></id_item>
<id_product_rule><![CDATA[308]]></id_product_rule>
</cart_rule_product_rule_value>
<cart_rule_product_rule_value><id_item><![CDATA[1]]></id_item>
<id_product_rule><![CDATA[310]]></id_product_rule>
</cart_rule_product_rule_value>
<cart_rule_product_rule_value><id_item><![CDATA[10]]></id_item>
<id_product_rule><![CDATA[310]]></id_product_rule>
</cart_rule_product_rule_value>
<cart_rule_product_rule_value><id_item><![CDATA[11]]></id_item>
<id_product_rule><![CDATA[310]]></id_product_rule>
</cart_rule_product_rule_value>
<cart_rule_product_rule_value><id_item><![CDATA[27]]></id_item>
<id_product_rule><![CDATA[310]]></id_product_rule>
</cart_rule_product_rule_value>
<cart_rule_product_rule_value><id_item><![CDATA[28]]></id_item>
<id_product_rule><![CDATA[310]]></id_product_rule>
</cart_rule_product_rule_value>
<cart_rule_product_rule_value><id_item><![CDATA[38]]></id_item>
<id_product_rule><![CDATA[310]]></id_product_rule>
</cart_rule_product_rule_value>
<cart_rule_product_rule_value><id_item><![CDATA[43]]></id_item>
<id_product_rule><![CDATA[310]]></id_product_rule>
</cart_rule_product_rule_value>
<cart_rule_product_rule_value><id_item><![CDATA[44]]></id_item>
<id_product_rule><![CDATA[310]]></id_product_rule>
</cart_rule_product_rule_value>
<cart_rule_product_rule_value><id_item><![CDATA[1]]></id_item>
<id_product_rule><![CDATA[311]]></id_product_rule>
</cart_rule_product_rule_value>
<cart_rule_product_rule_value><id_item><![CDATA[5]]></id_item>
<id_product_rule><![CDATA[311]]></id_product_rule>
</cart_rule_product_rule_value>
<cart_rule_product_rule_value><id_item><![CDATA[6]]></id_item>
<id_product_rule><![CDATA[311]]></id_product_rule>
</cart_rule_product_rule_value>
<cart_rule_product_rule_value><id_item><![CDATA[7]]></id_item>
<id_product_rule><![CDATA[311]]></id_product_rule>
</cart_rule_product_rule_value>
<cart_rule_product_rule_value><id_item><![CDATA[9]]></id_item>
<id_product_rule><![CDATA[311]]></id_product_rule>
</cart_rule_product_rule_value>
<cart_rule_product_rule_value><id_item><![CDATA[10]]></id_item>
<id_product_rule><![CDATA[311]]></id_product_rule>
</cart_rule_product_rule_value>
<cart_rule_product_rule_value><id_item><![CDATA[11]]></id_item>
<id_product_rule><![CDATA[311]]></id_product_rule>
</cart_rule_product_rule_value>
<cart_rule_product_rule_value><id_item><![CDATA[13]]></id_item>
<id_product_rule><![CDATA[311]]></id_product_rule>
</cart_rule_product_rule_value>
<cart_rule_product_rule_value><id_item><![CDATA[14]]></id_item>
<id_product_rule><![CDATA[311]]></id_product_rule>
</cart_rule_product_rule_value>
<cart_rule_product_rule_value><id_item><![CDATA[15]]></id_item>
<id_product_rule><![CDATA[311]]></id_product_rule>
</cart_rule_product_rule_value>
<cart_rule_product_rule_value><id_item><![CDATA[16]]></id_item>
<id_product_rule><![CDATA[311]]></id_product_rule>
</cart_rule_product_rule_value>
<cart_rule_product_rule_value><id_item><![CDATA[17]]></id_item>
<id_product_rule><![CDATA[311]]></id_product_rule>
</cart_rule_product_rule_value>
<cart_rule_product_rule_value><id_item><![CDATA[18]]></id_item>
<id_product_rule><![CDATA[311]]></id_product_rule>
</cart_rule_product_rule_value>
<cart_rule_product_rule_value><id_item><![CDATA[25]]></id_item>
<id_product_rule><![CDATA[311]]></id_product_rule>
</cart_rule_product_rule_value>
<cart_rule_product_rule_value><id_item><![CDATA[27]]></id_item>
<id_product_rule><![CDATA[311]]></id_product_rule>
</cart_rule_product_rule_value>
<cart_rule_product_rule_value><id_item><![CDATA[28]]></id_item>
<id_product_rule><![CDATA[311]]></id_product_rule>
</cart_rule_product_rule_value>
<cart_rule_product_rule_value><id_item><![CDATA[30]]></id_item>
<id_product_rule><![CDATA[311]]></id_product_rule>
</cart_rule_product_rule_value>
<cart_rule_product_rule_value><id_item><![CDATA[31]]></id_item>
<id_product_rule><![CDATA[311]]></id_product_rule>
</cart_rule_product_rule_value>
<cart_rule_product_rule_value><id_item><![CDATA[32]]></id_item>
<id_product_rule><![CDATA[311]]></id_product_rule>
</cart_rule_product_rule_value>
<cart_rule_product_rule_value><id_item><![CDATA[34]]></id_item>
<id_product_rule><![CDATA[311]]></id_product_rule>
</cart_rule_product_rule_value>
<cart_rule_product_rule_value><id_item><![CDATA[35]]></id_item>
<id_product_rule><![CDATA[311]]></id_product_rule>
</cart_rule_product_rule_value>
<cart_rule_product_rule_value><id_item><![CDATA[38]]></id_item>
<id_product_rule><![CDATA[311]]></id_product_rule>
</cart_rule_product_rule_value>
<cart_rule_product_rule_value><id_item><![CDATA[39]]></id_item>
<id_product_rule><![CDATA[311]]></id_product_rule>
</cart_rule_product_rule_value>
<cart_rule_product_rule_value><id_item><![CDATA[41]]></id_item>
<id_product_rule><![CDATA[311]]></id_product_rule>
</cart_rule_product_rule_value>
<cart_rule_product_rule_value><id_item><![CDATA[43]]></id_item>
<id_product_rule><![CDATA[311]]></id_product_rule>
</cart_rule_product_rule_value>
<cart_rule_product_rule_value><id_item><![CDATA[44]]></id_item>
<id_product_rule><![CDATA[311]]></id_product_rule>
</cart_rule_product_rule_value>
<cart_rule_product_rule_value><id_item><![CDATA[45]]></id_item>
<id_product_rule><![CDATA[311]]></id_product_rule>
</cart_rule_product_rule_value>
<cart_rule_product_rule_value><id_item><![CDATA[80]]></id_item>
<id_product_rule><![CDATA[311]]></id_product_rule>
</cart_rule_product_rule_value>
<cart_rule_product_rule_value><id_item><![CDATA[94]]></id_item>
<id_product_rule><![CDATA[317]]></id_product_rule>
</cart_rule_product_rule_value>
<cart_rule_product_rule_value><id_item><![CDATA[50]]></id_item>
<id_product_rule><![CDATA[319]]></id_product_rule>
</cart_rule_product_rule_value>
<cart_rule_product_rule_value><id_item><![CDATA[50]]></id_item>
<id_product_rule><![CDATA[320]]></id_product_rule>
</cart_rule_product_rule_value>
<cart_rule_product_rule_value><id_item><![CDATA[49]]></id_item>
<id_product_rule><![CDATA[321]]></id_product_rule>
</cart_rule_product_rule_value>
<cart_rule_product_rule_value><id_item><![CDATA[117]]></id_item>
<id_product_rule><![CDATA[323]]></id_product_rule>
</cart_rule_product_rule_value>
<cart_rule_product_rule_value><id_item><![CDATA[110]]></id_item>
<id_product_rule><![CDATA[324]]></id_product_rule>
</cart_rule_product_rule_value>
<cart_rule_product_rule_value><id_item><![CDATA[117]]></id_item>
<id_product_rule><![CDATA[325]]></id_product_rule>
</cart_rule_product_rule_value>
<cart_rule_product_rule_value><id_item><![CDATA[117]]></id_item>
<id_product_rule><![CDATA[326]]></id_product_rule>
</cart_rule_product_rule_value>
<cart_rule_product_rule_value><id_item><![CDATA[117]]></id_item>
<id_product_rule><![CDATA[327]]></id_product_rule>
</cart_rule_product_rule_value>
<cart_rule_product_rule_value><id_item><![CDATA[117]]></id_item>
<id_product_rule><![CDATA[328]]></id_product_rule>
</cart_rule_product_rule_value>
<cart_rule_product_rule_value><id_item><![CDATA[117]]></id_item>
<id_product_rule><![CDATA[329]]></id_product_rule>
</cart_rule_product_rule_value>
<cart_rule_product_rule_value><id_item><![CDATA[117]]></id_item>
<id_product_rule><![CDATA[330]]></id_product_rule>
</cart_rule_product_rule_value>
<cart_rule_product_rule_value><id_item><![CDATA[117]]></id_item>
<id_product_rule><![CDATA[333]]></id_product_rule>
</cart_rule_product_rule_value>
<cart_rule_product_rule_value><id_item><![CDATA[31]]></id_item>
<id_product_rule><![CDATA[337]]></id_product_rule>
</cart_rule_product_rule_value>
<cart_rule_product_rule_value><id_item><![CDATA[94]]></id_item>
<id_product_rule><![CDATA[339]]></id_product_rule>
</cart_rule_product_rule_value>
<cart_rule_product_rule_value><id_item><![CDATA[50]]></id_item>
<id_product_rule><![CDATA[341]]></id_product_rule>
</cart_rule_product_rule_value>
<cart_rule_product_rule_value><id_item><![CDATA[14]]></id_item>
<id_product_rule><![CDATA[342]]></id_product_rule>
</cart_rule_product_rule_value>
<cart_rule_product_rule_value><id_item><![CDATA[15]]></id_item>
<id_product_rule><![CDATA[342]]></id_product_rule>
</cart_rule_product_rule_value>
<cart_rule_product_rule_value><id_item><![CDATA[27]]></id_item>
<id_product_rule><![CDATA[342]]></id_product_rule>
</cart_rule_product_rule_value>
<cart_rule_product_rule_value><id_item><![CDATA[38]]></id_item>
<id_product_rule><![CDATA[342]]></id_product_rule>
</cart_rule_product_rule_value>
<cart_rule_product_rule_value><id_item><![CDATA[85]]></id_item>
<id_product_rule><![CDATA[342]]></id_product_rule>
</cart_rule_product_rule_value>
<cart_rule_product_rule_value><id_item><![CDATA[14]]></id_item>
<id_product_rule><![CDATA[344]]></id_product_rule>
</cart_rule_product_rule_value>
<cart_rule_product_rule_value><id_item><![CDATA[15]]></id_item>
<id_product_rule><![CDATA[344]]></id_product_rule>
</cart_rule_product_rule_value>
<cart_rule_product_rule_value><id_item><![CDATA[27]]></id_item>
<id_product_rule><![CDATA[344]]></id_product_rule>
</cart_rule_product_rule_value>
<cart_rule_product_rule_value><id_item><![CDATA[38]]></id_item>
<id_product_rule><![CDATA[344]]></id_product_rule>
</cart_rule_product_rule_value>
<cart_rule_product_rule_value><id_item><![CDATA[85]]></id_item>
<id_product_rule><![CDATA[344]]></id_product_rule>
</cart_rule_product_rule_value>
<cart_rule_product_rule_value><id_item><![CDATA[28]]></id_item>
<id_product_rule><![CDATA[347]]></id_product_rule>
</cart_rule_product_rule_value>
<cart_rule_product_rule_value><id_item><![CDATA[14]]></id_item>
<id_product_rule><![CDATA[355]]></id_product_rule>
</cart_rule_product_rule_value>
<cart_rule_product_rule_value><id_item><![CDATA[15]]></id_item>
<id_product_rule><![CDATA[355]]></id_product_rule>
</cart_rule_product_rule_value>
<cart_rule_product_rule_value><id_item><![CDATA[27]]></id_item>
<id_product_rule><![CDATA[355]]></id_product_rule>
</cart_rule_product_rule_value>
<cart_rule_product_rule_value><id_item><![CDATA[38]]></id_item>
<id_product_rule><![CDATA[355]]></id_product_rule>
</cart_rule_product_rule_value>
<cart_rule_product_rule_value><id_item><![CDATA[85]]></id_item>
<id_product_rule><![CDATA[355]]></id_product_rule>
</cart_rule_product_rule_value>
<cart_rule_product_rule_value><id_item><![CDATA[96]]></id_item>
<id_product_rule><![CDATA[380]]></id_product_rule>
</cart_rule_product_rule_value>
<cart_rule_product_rule_value><id_item><![CDATA[94]]></id_item>
<id_product_rule><![CDATA[383]]></id_product_rule>
</cart_rule_product_rule_value>
<cart_rule_product_rule_value><id_item><![CDATA[94]]></id_item>
<id_product_rule><![CDATA[384]]></id_product_rule>
</cart_rule_product_rule_value>
<cart_rule_product_rule_value><id_item><![CDATA[49]]></id_item>
<id_product_rule><![CDATA[386]]></id_product_rule>
</cart_rule_product_rule_value>
<cart_rule_product_rule_value><id_item><![CDATA[50]]></id_item>
<id_product_rule><![CDATA[391]]></id_product_rule>
</cart_rule_product_rule_value>
<cart_rule_product_rule_value><id_item><![CDATA[50]]></id_item>
<id_product_rule><![CDATA[393]]></id_product_rule>
</cart_rule_product_rule_value>
<cart_rule_product_rule_value><id_item><![CDATA[94]]></id_item>
<id_product_rule><![CDATA[394]]></id_product_rule>
</cart_rule_product_rule_value>
<cart_rule_product_rule_value><id_item><![CDATA[161]]></id_item>
<id_product_rule><![CDATA[400]]></id_product_rule>
</cart_rule_product_rule_value>
<cart_rule_product_rule_value><id_item><![CDATA[161]]></id_item>
<id_product_rule><![CDATA[401]]></id_product_rule>
</cart_rule_product_rule_value>
<cart_rule_product_rule_value><id_item><![CDATA[186]]></id_item>
<id_product_rule><![CDATA[402]]></id_product_rule>
</cart_rule_product_rule_value>
<cart_rule_product_rule_value><id_item><![CDATA[49]]></id_item>
<id_product_rule><![CDATA[404]]></id_product_rule>
</cart_rule_product_rule_value>
<cart_rule_product_rule_value><id_item><![CDATA[147]]></id_item>
<id_product_rule><![CDATA[410]]></id_product_rule>
</cart_rule_product_rule_value>
<cart_rule_product_rule_value><id_item><![CDATA[112]]></id_item>
<id_product_rule><![CDATA[411]]></id_product_rule>
</cart_rule_product_rule_value>
<cart_rule_product_rule_value><id_item><![CDATA[29]]></id_item>
<id_product_rule><![CDATA[412]]></id_product_rule>
</cart_rule_product_rule_value>
<cart_rule_product_rule_value><id_item><![CDATA[117]]></id_item>
<id_product_rule><![CDATA[429]]></id_product_rule>
</cart_rule_product_rule_value>
<cart_rule_product_rule_value><id_item><![CDATA[161]]></id_item>
<id_product_rule><![CDATA[430]]></id_product_rule>
</cart_rule_product_rule_value>
<cart_rule_product_rule_value><id_item><![CDATA[31]]></id_item>
<id_product_rule><![CDATA[433]]></id_product_rule>
</cart_rule_product_rule_value>
<cart_rule_product_rule_value><id_item><![CDATA[161]]></id_item>
<id_product_rule><![CDATA[434]]></id_product_rule>
</cart_rule_product_rule_value>
<cart_rule_product_rule_value><id_item><![CDATA[94]]></id_item>
<id_product_rule><![CDATA[435]]></id_product_rule>
</cart_rule_product_rule_value>
<cart_rule_product_rule_value><id_item><![CDATA[161]]></id_item>
<id_product_rule><![CDATA[436]]></id_product_rule>
</cart_rule_product_rule_value>
<cart_rule_product_rule_value><id_item><![CDATA[50]]></id_item>
<id_product_rule><![CDATA[437]]></id_product_rule>
</cart_rule_product_rule_value>
<cart_rule_product_rule_value><id_item><![CDATA[161]]></id_item>
<id_product_rule><![CDATA[438]]></id_product_rule>
</cart_rule_product_rule_value>
<cart_rule_product_rule_value><id_item><![CDATA[121]]></id_item>
<id_product_rule><![CDATA[448]]></id_product_rule>
</cart_rule_product_rule_value>
<cart_rule_product_rule_value><id_item><![CDATA[161]]></id_item>
<id_product_rule><![CDATA[449]]></id_product_rule>
</cart_rule_product_rule_value>
<cart_rule_product_rule_value><id_item><![CDATA[49]]></id_item>
<id_product_rule><![CDATA[450]]></id_product_rule>
</cart_rule_product_rule_value>
<cart_rule_product_rule_value><id_item><![CDATA[161]]></id_item>
<id_product_rule><![CDATA[451]]></id_product_rule>
</cart_rule_product_rule_value>
<cart_rule_product_rule_value><id_item><![CDATA[186]]></id_item>
<id_product_rule><![CDATA[468]]></id_product_rule>
</cart_rule_product_rule_value>
<cart_rule_product_rule_value><id_item><![CDATA[28]]></id_item>
<id_product_rule><![CDATA[470]]></id_product_rule>
</cart_rule_product_rule_value>
<cart_rule_product_rule_value><id_item><![CDATA[49]]></id_item>
<id_product_rule><![CDATA[471]]></id_product_rule>
</cart_rule_product_rule_value>
<cart_rule_product_rule_value><id_item><![CDATA[25]]></id_item>
<id_product_rule><![CDATA[472]]></id_product_rule>
</cart_rule_product_rule_value>
<cart_rule_product_rule_value><id_item><![CDATA[49]]></id_item>
<id_product_rule><![CDATA[474]]></id_product_rule>
</cart_rule_product_rule_value>
</entity_profile>
