<?xml version="1.0" encoding="UTF-8"?>
<entity_profile>
<currency><id_currency><![CDATA[1]]></id_currency>
<name><![CDATA[Euro]]></name>
<iso_code><![CDATA[EUR]]></iso_code>
<iso_code_num><![CDATA[978]]></iso_code_num>
<blank><![CDATA[1]]></blank>
<sign><![CDATA[€]]></sign>
<format><![CDATA[2]]></format>
<decimals><![CDATA[1]]></decimals>
<conversion_rate><![CDATA[1.000000]]></conversion_rate>
<deleted><![CDATA[0]]></deleted>
<active><![CDATA[1]]></active>
<datashop id_shop="1" conversion_rate="1.000000"></datashop>
<datashop id_shop="2" conversion_rate="1.000000"></datashop>
<datashop id_shop="3" conversion_rate="1.000000"></datashop>
<datashop id_shop="4" conversion_rate="1.000000"></datashop>
<datashop id_shop="5" conversion_rate="1.000000"></datashop>
<datashop id_shop="6" conversion_rate="1.000000"></datashop>
<datashop id_shop="7" conversion_rate="1.000000"></datashop>
<datashop id_shop="8" conversion_rate="1.000000"></datashop>
</currency>
<currency><id_currency><![CDATA[2]]></id_currency>
<name><![CDATA[Dollar]]></name>
<iso_code><![CDATA[USD]]></iso_code>
<iso_code_num><![CDATA[840]]></iso_code_num>
<blank><![CDATA[0]]></blank>
<sign><![CDATA[$]]></sign>
<format><![CDATA[1]]></format>
<decimals><![CDATA[1]]></decimals>
<conversion_rate><![CDATA[1.131400]]></conversion_rate>
<deleted><![CDATA[0]]></deleted>
<active><![CDATA[0]]></active>
<datashop id_shop="1" conversion_rate="1.131400"></datashop>
<datashop id_shop="2" conversion_rate="1.131400"></datashop>
<datashop id_shop="3" conversion_rate="1.131400"></datashop>
<datashop id_shop="4" conversion_rate="1.131400"></datashop>
<datashop id_shop="5" conversion_rate="1.131400"></datashop>
<datashop id_shop="6" conversion_rate="1.131400"></datashop>
<datashop id_shop="7" conversion_rate="1.131400"></datashop>
<datashop id_shop="8" conversion_rate="1.131400"></datashop>
</currency>
<currency><id_currency><![CDATA[3]]></id_currency>
<name><![CDATA[Pound]]></name>
<iso_code><![CDATA[GBP]]></iso_code>
<iso_code_num><![CDATA[826]]></iso_code_num>
<blank><![CDATA[0]]></blank>
<sign><![CDATA[£]]></sign>
<format><![CDATA[1]]></format>
<decimals><![CDATA[1]]></decimals>
<conversion_rate><![CDATA[0.776100]]></conversion_rate>
<deleted><![CDATA[0]]></deleted>
<active><![CDATA[0]]></active>
<datashop id_shop="1" conversion_rate="0.776100"></datashop>
<datashop id_shop="2" conversion_rate="0.776100"></datashop>
<datashop id_shop="3" conversion_rate="0.776100"></datashop>
<datashop id_shop="4" conversion_rate="0.776100"></datashop>
<datashop id_shop="5" conversion_rate="0.776100"></datashop>
<datashop id_shop="6" conversion_rate="0.776100"></datashop>
<datashop id_shop="7" conversion_rate="0.776100"></datashop>
<datashop id_shop="8" conversion_rate="0.776100"></datashop>
</currency>
</entity_profile>
