<?xml version="1.0" encoding="UTF-8"?>
<entity_profile>
<customer_group><id_customer><![CDATA[601]]></id_customer>
<id_group><![CDATA[1]]></id_group>
</customer_group>
<customer_group><id_customer><![CDATA[602]]></id_customer>
<id_group><![CDATA[1]]></id_group>
</customer_group>
<customer_group><id_customer><![CDATA[603]]></id_customer>
<id_group><![CDATA[1]]></id_group>
</customer_group>
<customer_group><id_customer><![CDATA[604]]></id_customer>
<id_group><![CDATA[1]]></id_group>
</customer_group>
<customer_group><id_customer><![CDATA[605]]></id_customer>
<id_group><![CDATA[1]]></id_group>
</customer_group>
<customer_group><id_customer><![CDATA[606]]></id_customer>
<id_group><![CDATA[1]]></id_group>
</customer_group>
<customer_group><id_customer><![CDATA[607]]></id_customer>
<id_group><![CDATA[1]]></id_group>
</customer_group>
<customer_group><id_customer><![CDATA[608]]></id_customer>
<id_group><![CDATA[1]]></id_group>
</customer_group>
<customer_group><id_customer><![CDATA[609]]></id_customer>
<id_group><![CDATA[1]]></id_group>
</customer_group>
<customer_group><id_customer><![CDATA[610]]></id_customer>
<id_group><![CDATA[1]]></id_group>
</customer_group>
<customer_group><id_customer><![CDATA[611]]></id_customer>
<id_group><![CDATA[1]]></id_group>
</customer_group>
<customer_group><id_customer><![CDATA[612]]></id_customer>
<id_group><![CDATA[1]]></id_group>
</customer_group>
<customer_group><id_customer><![CDATA[613]]></id_customer>
<id_group><![CDATA[1]]></id_group>
</customer_group>
<customer_group><id_customer><![CDATA[615]]></id_customer>
<id_group><![CDATA[1]]></id_group>
</customer_group>
<customer_group><id_customer><![CDATA[616]]></id_customer>
<id_group><![CDATA[1]]></id_group>
</customer_group>
<customer_group><id_customer><![CDATA[617]]></id_customer>
<id_group><![CDATA[1]]></id_group>
</customer_group>
<customer_group><id_customer><![CDATA[618]]></id_customer>
<id_group><![CDATA[1]]></id_group>
</customer_group>
<customer_group><id_customer><![CDATA[619]]></id_customer>
<id_group><![CDATA[1]]></id_group>
</customer_group>
<customer_group><id_customer><![CDATA[620]]></id_customer>
<id_group><![CDATA[1]]></id_group>
</customer_group>
<customer_group><id_customer><![CDATA[621]]></id_customer>
<id_group><![CDATA[1]]></id_group>
</customer_group>
<customer_group><id_customer><![CDATA[622]]></id_customer>
<id_group><![CDATA[1]]></id_group>
</customer_group>
<customer_group><id_customer><![CDATA[623]]></id_customer>
<id_group><![CDATA[1]]></id_group>
</customer_group>
<customer_group><id_customer><![CDATA[624]]></id_customer>
<id_group><![CDATA[1]]></id_group>
</customer_group>
<customer_group><id_customer><![CDATA[626]]></id_customer>
<id_group><![CDATA[1]]></id_group>
</customer_group>
<customer_group><id_customer><![CDATA[627]]></id_customer>
<id_group><![CDATA[1]]></id_group>
</customer_group>
<customer_group><id_customer><![CDATA[628]]></id_customer>
<id_group><![CDATA[1]]></id_group>
</customer_group>
<customer_group><id_customer><![CDATA[629]]></id_customer>
<id_group><![CDATA[1]]></id_group>
</customer_group>
<customer_group><id_customer><![CDATA[630]]></id_customer>
<id_group><![CDATA[1]]></id_group>
</customer_group>
<customer_group><id_customer><![CDATA[631]]></id_customer>
<id_group><![CDATA[1]]></id_group>
</customer_group>
<customer_group><id_customer><![CDATA[632]]></id_customer>
<id_group><![CDATA[1]]></id_group>
</customer_group>
<customer_group><id_customer><![CDATA[634]]></id_customer>
<id_group><![CDATA[1]]></id_group>
</customer_group>
<customer_group><id_customer><![CDATA[635]]></id_customer>
<id_group><![CDATA[1]]></id_group>
</customer_group>
<customer_group><id_customer><![CDATA[636]]></id_customer>
<id_group><![CDATA[1]]></id_group>
</customer_group>
<customer_group><id_customer><![CDATA[637]]></id_customer>
<id_group><![CDATA[1]]></id_group>
</customer_group>
<customer_group><id_customer><![CDATA[638]]></id_customer>
<id_group><![CDATA[1]]></id_group>
</customer_group>
<customer_group><id_customer><![CDATA[639]]></id_customer>
<id_group><![CDATA[1]]></id_group>
</customer_group>
<customer_group><id_customer><![CDATA[641]]></id_customer>
<id_group><![CDATA[1]]></id_group>
</customer_group>
<customer_group><id_customer><![CDATA[642]]></id_customer>
<id_group><![CDATA[1]]></id_group>
</customer_group>
<customer_group><id_customer><![CDATA[643]]></id_customer>
<id_group><![CDATA[1]]></id_group>
</customer_group>
<customer_group><id_customer><![CDATA[644]]></id_customer>
<id_group><![CDATA[1]]></id_group>
</customer_group>
<customer_group><id_customer><![CDATA[645]]></id_customer>
<id_group><![CDATA[1]]></id_group>
</customer_group>
<customer_group><id_customer><![CDATA[646]]></id_customer>
<id_group><![CDATA[1]]></id_group>
</customer_group>
<customer_group><id_customer><![CDATA[647]]></id_customer>
<id_group><![CDATA[1]]></id_group>
</customer_group>
<customer_group><id_customer><![CDATA[648]]></id_customer>
<id_group><![CDATA[1]]></id_group>
</customer_group>
<customer_group><id_customer><![CDATA[649]]></id_customer>
<id_group><![CDATA[1]]></id_group>
</customer_group>
<customer_group><id_customer><![CDATA[650]]></id_customer>
<id_group><![CDATA[1]]></id_group>
</customer_group>
<customer_group><id_customer><![CDATA[651]]></id_customer>
<id_group><![CDATA[1]]></id_group>
</customer_group>
<customer_group><id_customer><![CDATA[652]]></id_customer>
<id_group><![CDATA[1]]></id_group>
</customer_group>
<customer_group><id_customer><![CDATA[653]]></id_customer>
<id_group><![CDATA[1]]></id_group>
</customer_group>
<customer_group><id_customer><![CDATA[654]]></id_customer>
<id_group><![CDATA[1]]></id_group>
</customer_group>
<customer_group><id_customer><![CDATA[655]]></id_customer>
<id_group><![CDATA[1]]></id_group>
</customer_group>
<customer_group><id_customer><![CDATA[657]]></id_customer>
<id_group><![CDATA[1]]></id_group>
</customer_group>
<customer_group><id_customer><![CDATA[658]]></id_customer>
<id_group><![CDATA[1]]></id_group>
</customer_group>
<customer_group><id_customer><![CDATA[659]]></id_customer>
<id_group><![CDATA[1]]></id_group>
</customer_group>
<customer_group><id_customer><![CDATA[660]]></id_customer>
<id_group><![CDATA[1]]></id_group>
</customer_group>
<customer_group><id_customer><![CDATA[661]]></id_customer>
<id_group><![CDATA[1]]></id_group>
</customer_group>
<customer_group><id_customer><![CDATA[662]]></id_customer>
<id_group><![CDATA[1]]></id_group>
</customer_group>
<customer_group><id_customer><![CDATA[663]]></id_customer>
<id_group><![CDATA[1]]></id_group>
</customer_group>
<customer_group><id_customer><![CDATA[664]]></id_customer>
<id_group><![CDATA[1]]></id_group>
</customer_group>
<customer_group><id_customer><![CDATA[665]]></id_customer>
<id_group><![CDATA[1]]></id_group>
</customer_group>
<customer_group><id_customer><![CDATA[666]]></id_customer>
<id_group><![CDATA[1]]></id_group>
</customer_group>
<customer_group><id_customer><![CDATA[667]]></id_customer>
<id_group><![CDATA[1]]></id_group>
</customer_group>
<customer_group><id_customer><![CDATA[668]]></id_customer>
<id_group><![CDATA[1]]></id_group>
</customer_group>
<customer_group><id_customer><![CDATA[669]]></id_customer>
<id_group><![CDATA[1]]></id_group>
</customer_group>
<customer_group><id_customer><![CDATA[670]]></id_customer>
<id_group><![CDATA[1]]></id_group>
</customer_group>
<customer_group><id_customer><![CDATA[671]]></id_customer>
<id_group><![CDATA[1]]></id_group>
</customer_group>
<customer_group><id_customer><![CDATA[673]]></id_customer>
<id_group><![CDATA[1]]></id_group>
</customer_group>
<customer_group><id_customer><![CDATA[674]]></id_customer>
<id_group><![CDATA[1]]></id_group>
</customer_group>
<customer_group><id_customer><![CDATA[675]]></id_customer>
<id_group><![CDATA[1]]></id_group>
</customer_group>
<customer_group><id_customer><![CDATA[676]]></id_customer>
<id_group><![CDATA[1]]></id_group>
</customer_group>
<customer_group><id_customer><![CDATA[677]]></id_customer>
<id_group><![CDATA[1]]></id_group>
</customer_group>
<customer_group><id_customer><![CDATA[678]]></id_customer>
<id_group><![CDATA[1]]></id_group>
</customer_group>
<customer_group><id_customer><![CDATA[679]]></id_customer>
<id_group><![CDATA[1]]></id_group>
</customer_group>
<customer_group><id_customer><![CDATA[681]]></id_customer>
<id_group><![CDATA[1]]></id_group>
</customer_group>
<customer_group><id_customer><![CDATA[682]]></id_customer>
<id_group><![CDATA[1]]></id_group>
</customer_group>
<customer_group><id_customer><![CDATA[683]]></id_customer>
<id_group><![CDATA[1]]></id_group>
</customer_group>
<customer_group><id_customer><![CDATA[684]]></id_customer>
<id_group><![CDATA[1]]></id_group>
</customer_group>
<customer_group><id_customer><![CDATA[685]]></id_customer>
<id_group><![CDATA[1]]></id_group>
</customer_group>
<customer_group><id_customer><![CDATA[687]]></id_customer>
<id_group><![CDATA[1]]></id_group>
</customer_group>
<customer_group><id_customer><![CDATA[688]]></id_customer>
<id_group><![CDATA[1]]></id_group>
</customer_group>
<customer_group><id_customer><![CDATA[689]]></id_customer>
<id_group><![CDATA[1]]></id_group>
</customer_group>
<customer_group><id_customer><![CDATA[690]]></id_customer>
<id_group><![CDATA[1]]></id_group>
</customer_group>
<customer_group><id_customer><![CDATA[691]]></id_customer>
<id_group><![CDATA[1]]></id_group>
</customer_group>
<customer_group><id_customer><![CDATA[692]]></id_customer>
<id_group><![CDATA[1]]></id_group>
</customer_group>
<customer_group><id_customer><![CDATA[693]]></id_customer>
<id_group><![CDATA[1]]></id_group>
</customer_group>
<customer_group><id_customer><![CDATA[694]]></id_customer>
<id_group><![CDATA[1]]></id_group>
</customer_group>
<customer_group><id_customer><![CDATA[695]]></id_customer>
<id_group><![CDATA[1]]></id_group>
</customer_group>
<customer_group><id_customer><![CDATA[696]]></id_customer>
<id_group><![CDATA[1]]></id_group>
</customer_group>
<customer_group><id_customer><![CDATA[697]]></id_customer>
<id_group><![CDATA[1]]></id_group>
</customer_group>
<customer_group><id_customer><![CDATA[698]]></id_customer>
<id_group><![CDATA[1]]></id_group>
</customer_group>
<customer_group><id_customer><![CDATA[699]]></id_customer>
<id_group><![CDATA[1]]></id_group>
</customer_group>
<customer_group><id_customer><![CDATA[700]]></id_customer>
<id_group><![CDATA[1]]></id_group>
</customer_group>
<customer_group><id_customer><![CDATA[702]]></id_customer>
<id_group><![CDATA[1]]></id_group>
</customer_group>
<customer_group><id_customer><![CDATA[703]]></id_customer>
<id_group><![CDATA[1]]></id_group>
</customer_group>
<customer_group><id_customer><![CDATA[704]]></id_customer>
<id_group><![CDATA[1]]></id_group>
</customer_group>
<customer_group><id_customer><![CDATA[705]]></id_customer>
<id_group><![CDATA[1]]></id_group>
</customer_group>
<customer_group><id_customer><![CDATA[706]]></id_customer>
<id_group><![CDATA[1]]></id_group>
</customer_group>
<customer_group><id_customer><![CDATA[707]]></id_customer>
<id_group><![CDATA[1]]></id_group>
</customer_group>
<customer_group><id_customer><![CDATA[708]]></id_customer>
<id_group><![CDATA[1]]></id_group>
</customer_group>
<customer_group><id_customer><![CDATA[709]]></id_customer>
<id_group><![CDATA[1]]></id_group>
</customer_group>
<customer_group><id_customer><![CDATA[711]]></id_customer>
<id_group><![CDATA[1]]></id_group>
</customer_group>
<customer_group><id_customer><![CDATA[715]]></id_customer>
<id_group><![CDATA[1]]></id_group>
</customer_group>
<customer_group><id_customer><![CDATA[716]]></id_customer>
<id_group><![CDATA[1]]></id_group>
</customer_group>
<customer_group><id_customer><![CDATA[717]]></id_customer>
<id_group><![CDATA[1]]></id_group>
</customer_group>
<customer_group><id_customer><![CDATA[718]]></id_customer>
<id_group><![CDATA[1]]></id_group>
</customer_group>
<customer_group><id_customer><![CDATA[719]]></id_customer>
<id_group><![CDATA[1]]></id_group>
</customer_group>
<customer_group><id_customer><![CDATA[720]]></id_customer>
<id_group><![CDATA[1]]></id_group>
</customer_group>
<customer_group><id_customer><![CDATA[721]]></id_customer>
<id_group><![CDATA[1]]></id_group>
</customer_group>
<customer_group><id_customer><![CDATA[722]]></id_customer>
<id_group><![CDATA[1]]></id_group>
</customer_group>
<customer_group><id_customer><![CDATA[724]]></id_customer>
<id_group><![CDATA[1]]></id_group>
</customer_group>
<customer_group><id_customer><![CDATA[725]]></id_customer>
<id_group><![CDATA[1]]></id_group>
</customer_group>
<customer_group><id_customer><![CDATA[726]]></id_customer>
<id_group><![CDATA[1]]></id_group>
</customer_group>
<customer_group><id_customer><![CDATA[729]]></id_customer>
<id_group><![CDATA[1]]></id_group>
</customer_group>
<customer_group><id_customer><![CDATA[730]]></id_customer>
<id_group><![CDATA[1]]></id_group>
</customer_group>
<customer_group><id_customer><![CDATA[731]]></id_customer>
<id_group><![CDATA[1]]></id_group>
</customer_group>
<customer_group><id_customer><![CDATA[733]]></id_customer>
<id_group><![CDATA[1]]></id_group>
</customer_group>
<customer_group><id_customer><![CDATA[736]]></id_customer>
<id_group><![CDATA[1]]></id_group>
</customer_group>
<customer_group><id_customer><![CDATA[737]]></id_customer>
<id_group><![CDATA[1]]></id_group>
</customer_group>
<customer_group><id_customer><![CDATA[738]]></id_customer>
<id_group><![CDATA[1]]></id_group>
</customer_group>
<customer_group><id_customer><![CDATA[741]]></id_customer>
<id_group><![CDATA[1]]></id_group>
</customer_group>
<customer_group><id_customer><![CDATA[742]]></id_customer>
<id_group><![CDATA[1]]></id_group>
</customer_group>
<customer_group><id_customer><![CDATA[743]]></id_customer>
<id_group><![CDATA[1]]></id_group>
</customer_group>
<customer_group><id_customer><![CDATA[744]]></id_customer>
<id_group><![CDATA[1]]></id_group>
</customer_group>
<customer_group><id_customer><![CDATA[745]]></id_customer>
<id_group><![CDATA[1]]></id_group>
</customer_group>
<customer_group><id_customer><![CDATA[746]]></id_customer>
<id_group><![CDATA[1]]></id_group>
</customer_group>
<customer_group><id_customer><![CDATA[747]]></id_customer>
<id_group><![CDATA[1]]></id_group>
</customer_group>
<customer_group><id_customer><![CDATA[748]]></id_customer>
<id_group><![CDATA[1]]></id_group>
</customer_group>
<customer_group><id_customer><![CDATA[749]]></id_customer>
<id_group><![CDATA[1]]></id_group>
</customer_group>
<customer_group><id_customer><![CDATA[750]]></id_customer>
<id_group><![CDATA[1]]></id_group>
</customer_group>
<customer_group><id_customer><![CDATA[751]]></id_customer>
<id_group><![CDATA[1]]></id_group>
</customer_group>
<customer_group><id_customer><![CDATA[752]]></id_customer>
<id_group><![CDATA[1]]></id_group>
</customer_group>
<customer_group><id_customer><![CDATA[753]]></id_customer>
<id_group><![CDATA[1]]></id_group>
</customer_group>
<customer_group><id_customer><![CDATA[756]]></id_customer>
<id_group><![CDATA[1]]></id_group>
</customer_group>
<customer_group><id_customer><![CDATA[758]]></id_customer>
<id_group><![CDATA[1]]></id_group>
</customer_group>
<customer_group><id_customer><![CDATA[759]]></id_customer>
<id_group><![CDATA[1]]></id_group>
</customer_group>
<customer_group><id_customer><![CDATA[760]]></id_customer>
<id_group><![CDATA[1]]></id_group>
</customer_group>
<customer_group><id_customer><![CDATA[761]]></id_customer>
<id_group><![CDATA[1]]></id_group>
</customer_group>
<customer_group><id_customer><![CDATA[762]]></id_customer>
<id_group><![CDATA[1]]></id_group>
</customer_group>
<customer_group><id_customer><![CDATA[763]]></id_customer>
<id_group><![CDATA[1]]></id_group>
</customer_group>
<customer_group><id_customer><![CDATA[764]]></id_customer>
<id_group><![CDATA[1]]></id_group>
</customer_group>
<customer_group><id_customer><![CDATA[765]]></id_customer>
<id_group><![CDATA[1]]></id_group>
</customer_group>
<customer_group><id_customer><![CDATA[766]]></id_customer>
<id_group><![CDATA[1]]></id_group>
</customer_group>
<customer_group><id_customer><![CDATA[767]]></id_customer>
<id_group><![CDATA[1]]></id_group>
</customer_group>
<customer_group><id_customer><![CDATA[769]]></id_customer>
<id_group><![CDATA[1]]></id_group>
</customer_group>
<customer_group><id_customer><![CDATA[770]]></id_customer>
<id_group><![CDATA[1]]></id_group>
</customer_group>
<customer_group><id_customer><![CDATA[771]]></id_customer>
<id_group><![CDATA[1]]></id_group>
</customer_group>
<customer_group><id_customer><![CDATA[772]]></id_customer>
<id_group><![CDATA[1]]></id_group>
</customer_group>
<customer_group><id_customer><![CDATA[773]]></id_customer>
<id_group><![CDATA[1]]></id_group>
</customer_group>
<customer_group><id_customer><![CDATA[774]]></id_customer>
<id_group><![CDATA[1]]></id_group>
</customer_group>
<customer_group><id_customer><![CDATA[776]]></id_customer>
<id_group><![CDATA[1]]></id_group>
</customer_group>
<customer_group><id_customer><![CDATA[778]]></id_customer>
<id_group><![CDATA[1]]></id_group>
</customer_group>
<customer_group><id_customer><![CDATA[780]]></id_customer>
<id_group><![CDATA[1]]></id_group>
</customer_group>
<customer_group><id_customer><![CDATA[781]]></id_customer>
<id_group><![CDATA[1]]></id_group>
</customer_group>
<customer_group><id_customer><![CDATA[782]]></id_customer>
<id_group><![CDATA[1]]></id_group>
</customer_group>
<customer_group><id_customer><![CDATA[783]]></id_customer>
<id_group><![CDATA[1]]></id_group>
</customer_group>
<customer_group><id_customer><![CDATA[784]]></id_customer>
<id_group><![CDATA[1]]></id_group>
</customer_group>
<customer_group><id_customer><![CDATA[785]]></id_customer>
<id_group><![CDATA[1]]></id_group>
</customer_group>
<customer_group><id_customer><![CDATA[787]]></id_customer>
<id_group><![CDATA[1]]></id_group>
</customer_group>
<customer_group><id_customer><![CDATA[788]]></id_customer>
<id_group><![CDATA[1]]></id_group>
</customer_group>
<customer_group><id_customer><![CDATA[789]]></id_customer>
<id_group><![CDATA[1]]></id_group>
</customer_group>
<customer_group><id_customer><![CDATA[790]]></id_customer>
<id_group><![CDATA[1]]></id_group>
</customer_group>
<customer_group><id_customer><![CDATA[791]]></id_customer>
<id_group><![CDATA[1]]></id_group>
</customer_group>
<customer_group><id_customer><![CDATA[793]]></id_customer>
<id_group><![CDATA[1]]></id_group>
</customer_group>
<customer_group><id_customer><![CDATA[794]]></id_customer>
<id_group><![CDATA[1]]></id_group>
</customer_group>
<customer_group><id_customer><![CDATA[795]]></id_customer>
<id_group><![CDATA[1]]></id_group>
</customer_group>
<customer_group><id_customer><![CDATA[796]]></id_customer>
<id_group><![CDATA[1]]></id_group>
</customer_group>
<customer_group><id_customer><![CDATA[797]]></id_customer>
<id_group><![CDATA[1]]></id_group>
</customer_group>
<customer_group><id_customer><![CDATA[798]]></id_customer>
<id_group><![CDATA[1]]></id_group>
</customer_group>
<customer_group><id_customer><![CDATA[799]]></id_customer>
<id_group><![CDATA[1]]></id_group>
</customer_group>
<customer_group><id_customer><![CDATA[801]]></id_customer>
<id_group><![CDATA[1]]></id_group>
</customer_group>
<customer_group><id_customer><![CDATA[802]]></id_customer>
<id_group><![CDATA[1]]></id_group>
</customer_group>
<customer_group><id_customer><![CDATA[803]]></id_customer>
<id_group><![CDATA[1]]></id_group>
</customer_group>
<customer_group><id_customer><![CDATA[805]]></id_customer>
<id_group><![CDATA[1]]></id_group>
</customer_group>
<customer_group><id_customer><![CDATA[806]]></id_customer>
<id_group><![CDATA[1]]></id_group>
</customer_group>
<customer_group><id_customer><![CDATA[807]]></id_customer>
<id_group><![CDATA[1]]></id_group>
</customer_group>
<customer_group><id_customer><![CDATA[808]]></id_customer>
<id_group><![CDATA[1]]></id_group>
</customer_group>
<customer_group><id_customer><![CDATA[809]]></id_customer>
<id_group><![CDATA[1]]></id_group>
</customer_group>
<customer_group><id_customer><![CDATA[810]]></id_customer>
<id_group><![CDATA[1]]></id_group>
</customer_group>
<customer_group><id_customer><![CDATA[811]]></id_customer>
<id_group><![CDATA[1]]></id_group>
</customer_group>
<customer_group><id_customer><![CDATA[812]]></id_customer>
<id_group><![CDATA[1]]></id_group>
</customer_group>
<customer_group><id_customer><![CDATA[813]]></id_customer>
<id_group><![CDATA[1]]></id_group>
</customer_group>
<customer_group><id_customer><![CDATA[814]]></id_customer>
<id_group><![CDATA[1]]></id_group>
</customer_group>
<customer_group><id_customer><![CDATA[815]]></id_customer>
<id_group><![CDATA[1]]></id_group>
</customer_group>
<customer_group><id_customer><![CDATA[817]]></id_customer>
<id_group><![CDATA[1]]></id_group>
</customer_group>
<customer_group><id_customer><![CDATA[818]]></id_customer>
<id_group><![CDATA[1]]></id_group>
</customer_group>
<customer_group><id_customer><![CDATA[819]]></id_customer>
<id_group><![CDATA[1]]></id_group>
</customer_group>
<customer_group><id_customer><![CDATA[820]]></id_customer>
<id_group><![CDATA[1]]></id_group>
</customer_group>
<customer_group><id_customer><![CDATA[821]]></id_customer>
<id_group><![CDATA[1]]></id_group>
</customer_group>
<customer_group><id_customer><![CDATA[822]]></id_customer>
<id_group><![CDATA[1]]></id_group>
</customer_group>
<customer_group><id_customer><![CDATA[824]]></id_customer>
<id_group><![CDATA[1]]></id_group>
</customer_group>
<customer_group><id_customer><![CDATA[825]]></id_customer>
<id_group><![CDATA[1]]></id_group>
</customer_group>
<customer_group><id_customer><![CDATA[826]]></id_customer>
<id_group><![CDATA[1]]></id_group>
</customer_group>
<customer_group><id_customer><![CDATA[827]]></id_customer>
<id_group><![CDATA[1]]></id_group>
</customer_group>
<customer_group><id_customer><![CDATA[828]]></id_customer>
<id_group><![CDATA[1]]></id_group>
</customer_group>
<customer_group><id_customer><![CDATA[829]]></id_customer>
<id_group><![CDATA[1]]></id_group>
</customer_group>
<customer_group><id_customer><![CDATA[830]]></id_customer>
<id_group><![CDATA[1]]></id_group>
</customer_group>
<customer_group><id_customer><![CDATA[831]]></id_customer>
<id_group><![CDATA[1]]></id_group>
</customer_group>
<customer_group><id_customer><![CDATA[832]]></id_customer>
<id_group><![CDATA[1]]></id_group>
</customer_group>
<customer_group><id_customer><![CDATA[833]]></id_customer>
<id_group><![CDATA[1]]></id_group>
</customer_group>
<customer_group><id_customer><![CDATA[834]]></id_customer>
<id_group><![CDATA[1]]></id_group>
</customer_group>
<customer_group><id_customer><![CDATA[835]]></id_customer>
<id_group><![CDATA[1]]></id_group>
</customer_group>
<customer_group><id_customer><![CDATA[836]]></id_customer>
<id_group><![CDATA[1]]></id_group>
</customer_group>
<customer_group><id_customer><![CDATA[837]]></id_customer>
<id_group><![CDATA[1]]></id_group>
</customer_group>
<customer_group><id_customer><![CDATA[838]]></id_customer>
<id_group><![CDATA[1]]></id_group>
</customer_group>
<customer_group><id_customer><![CDATA[839]]></id_customer>
<id_group><![CDATA[1]]></id_group>
</customer_group>
<customer_group><id_customer><![CDATA[840]]></id_customer>
<id_group><![CDATA[1]]></id_group>
</customer_group>
<customer_group><id_customer><![CDATA[841]]></id_customer>
<id_group><![CDATA[1]]></id_group>
</customer_group>
<customer_group><id_customer><![CDATA[842]]></id_customer>
<id_group><![CDATA[1]]></id_group>
</customer_group>
<customer_group><id_customer><![CDATA[843]]></id_customer>
<id_group><![CDATA[1]]></id_group>
</customer_group>
<customer_group><id_customer><![CDATA[2]]></id_customer>
<id_group><![CDATA[2]]></id_group>
</customer_group>
<customer_group><id_customer><![CDATA[37]]></id_customer>
<id_group><![CDATA[2]]></id_group>
</customer_group>
<customer_group><id_customer><![CDATA[39]]></id_customer>
<id_group><![CDATA[2]]></id_group>
</customer_group>
<customer_group><id_customer><![CDATA[40]]></id_customer>
<id_group><![CDATA[2]]></id_group>
</customer_group>
<customer_group><id_customer><![CDATA[41]]></id_customer>
<id_group><![CDATA[2]]></id_group>
</customer_group>
<customer_group><id_customer><![CDATA[45]]></id_customer>
<id_group><![CDATA[2]]></id_group>
</customer_group>
<customer_group><id_customer><![CDATA[46]]></id_customer>
<id_group><![CDATA[2]]></id_group>
</customer_group>
<customer_group><id_customer><![CDATA[186]]></id_customer>
<id_group><![CDATA[2]]></id_group>
</customer_group>
<customer_group><id_customer><![CDATA[197]]></id_customer>
<id_group><![CDATA[2]]></id_group>
</customer_group>
<customer_group><id_customer><![CDATA[198]]></id_customer>
<id_group><![CDATA[2]]></id_group>
</customer_group>
<customer_group><id_customer><![CDATA[256]]></id_customer>
<id_group><![CDATA[2]]></id_group>
</customer_group>
<customer_group><id_customer><![CDATA[305]]></id_customer>
<id_group><![CDATA[2]]></id_group>
</customer_group>
<customer_group><id_customer><![CDATA[337]]></id_customer>
<id_group><![CDATA[2]]></id_group>
</customer_group>
<customer_group><id_customer><![CDATA[398]]></id_customer>
<id_group><![CDATA[2]]></id_group>
</customer_group>
<customer_group><id_customer><![CDATA[563]]></id_customer>
<id_group><![CDATA[2]]></id_group>
</customer_group>
<customer_group><id_customer><![CDATA[572]]></id_customer>
<id_group><![CDATA[2]]></id_group>
</customer_group>
<customer_group><id_customer><![CDATA[586]]></id_customer>
<id_group><![CDATA[2]]></id_group>
</customer_group>
<customer_group><id_customer><![CDATA[606]]></id_customer>
<id_group><![CDATA[2]]></id_group>
</customer_group>
<customer_group><id_customer><![CDATA[618]]></id_customer>
<id_group><![CDATA[2]]></id_group>
</customer_group>
<customer_group><id_customer><![CDATA[620]]></id_customer>
<id_group><![CDATA[2]]></id_group>
</customer_group>
<customer_group><id_customer><![CDATA[623]]></id_customer>
<id_group><![CDATA[2]]></id_group>
</customer_group>
<customer_group><id_customer><![CDATA[639]]></id_customer>
<id_group><![CDATA[2]]></id_group>
</customer_group>
<customer_group><id_customer><![CDATA[646]]></id_customer>
<id_group><![CDATA[2]]></id_group>
</customer_group>
<customer_group><id_customer><![CDATA[655]]></id_customer>
<id_group><![CDATA[2]]></id_group>
</customer_group>
<customer_group><id_customer><![CDATA[691]]></id_customer>
<id_group><![CDATA[2]]></id_group>
</customer_group>
<customer_group><id_customer><![CDATA[256]]></id_customer>
<id_group><![CDATA[3]]></id_group>
</customer_group>
<customer_group><id_customer><![CDATA[291]]></id_customer>
<id_group><![CDATA[3]]></id_group>
</customer_group>
<customer_group><id_customer><![CDATA[294]]></id_customer>
<id_group><![CDATA[3]]></id_group>
</customer_group>
<customer_group><id_customer><![CDATA[295]]></id_customer>
<id_group><![CDATA[3]]></id_group>
</customer_group>
<customer_group><id_customer><![CDATA[297]]></id_customer>
<id_group><![CDATA[3]]></id_group>
</customer_group>
<customer_group><id_customer><![CDATA[302]]></id_customer>
<id_group><![CDATA[3]]></id_group>
</customer_group>
<customer_group><id_customer><![CDATA[310]]></id_customer>
<id_group><![CDATA[3]]></id_group>
</customer_group>
<customer_group><id_customer><![CDATA[311]]></id_customer>
<id_group><![CDATA[3]]></id_group>
</customer_group>
<customer_group><id_customer><![CDATA[320]]></id_customer>
<id_group><![CDATA[3]]></id_group>
</customer_group>
<customer_group><id_customer><![CDATA[325]]></id_customer>
<id_group><![CDATA[3]]></id_group>
</customer_group>
<customer_group><id_customer><![CDATA[329]]></id_customer>
<id_group><![CDATA[3]]></id_group>
</customer_group>
<customer_group><id_customer><![CDATA[337]]></id_customer>
<id_group><![CDATA[3]]></id_group>
</customer_group>
<customer_group><id_customer><![CDATA[339]]></id_customer>
<id_group><![CDATA[3]]></id_group>
</customer_group>
<customer_group><id_customer><![CDATA[343]]></id_customer>
<id_group><![CDATA[3]]></id_group>
</customer_group>
<customer_group><id_customer><![CDATA[350]]></id_customer>
<id_group><![CDATA[3]]></id_group>
</customer_group>
<customer_group><id_customer><![CDATA[355]]></id_customer>
<id_group><![CDATA[3]]></id_group>
</customer_group>
<customer_group><id_customer><![CDATA[357]]></id_customer>
<id_group><![CDATA[3]]></id_group>
</customer_group>
<customer_group><id_customer><![CDATA[360]]></id_customer>
<id_group><![CDATA[3]]></id_group>
</customer_group>
<customer_group><id_customer><![CDATA[368]]></id_customer>
<id_group><![CDATA[3]]></id_group>
</customer_group>
<customer_group><id_customer><![CDATA[374]]></id_customer>
<id_group><![CDATA[3]]></id_group>
</customer_group>
<customer_group><id_customer><![CDATA[384]]></id_customer>
<id_group><![CDATA[3]]></id_group>
</customer_group>
<customer_group><id_customer><![CDATA[388]]></id_customer>
<id_group><![CDATA[3]]></id_group>
</customer_group>
<customer_group><id_customer><![CDATA[398]]></id_customer>
<id_group><![CDATA[3]]></id_group>
</customer_group>
<customer_group><id_customer><![CDATA[408]]></id_customer>
<id_group><![CDATA[3]]></id_group>
</customer_group>
<customer_group><id_customer><![CDATA[422]]></id_customer>
<id_group><![CDATA[3]]></id_group>
</customer_group>
<customer_group><id_customer><![CDATA[423]]></id_customer>
<id_group><![CDATA[3]]></id_group>
</customer_group>
<customer_group><id_customer><![CDATA[424]]></id_customer>
<id_group><![CDATA[3]]></id_group>
</customer_group>
<customer_group><id_customer><![CDATA[427]]></id_customer>
<id_group><![CDATA[3]]></id_group>
</customer_group>
<customer_group><id_customer><![CDATA[429]]></id_customer>
<id_group><![CDATA[3]]></id_group>
</customer_group>
<customer_group><id_customer><![CDATA[434]]></id_customer>
<id_group><![CDATA[3]]></id_group>
</customer_group>
<customer_group><id_customer><![CDATA[437]]></id_customer>
<id_group><![CDATA[3]]></id_group>
</customer_group>
<customer_group><id_customer><![CDATA[450]]></id_customer>
<id_group><![CDATA[3]]></id_group>
</customer_group>
<customer_group><id_customer><![CDATA[463]]></id_customer>
<id_group><![CDATA[3]]></id_group>
</customer_group>
<customer_group><id_customer><![CDATA[484]]></id_customer>
<id_group><![CDATA[3]]></id_group>
</customer_group>
<customer_group><id_customer><![CDATA[485]]></id_customer>
<id_group><![CDATA[3]]></id_group>
</customer_group>
<customer_group><id_customer><![CDATA[494]]></id_customer>
<id_group><![CDATA[3]]></id_group>
</customer_group>
<customer_group><id_customer><![CDATA[495]]></id_customer>
<id_group><![CDATA[3]]></id_group>
</customer_group>
<customer_group><id_customer><![CDATA[499]]></id_customer>
<id_group><![CDATA[3]]></id_group>
</customer_group>
<customer_group><id_customer><![CDATA[502]]></id_customer>
<id_group><![CDATA[3]]></id_group>
</customer_group>
<customer_group><id_customer><![CDATA[505]]></id_customer>
<id_group><![CDATA[3]]></id_group>
</customer_group>
<customer_group><id_customer><![CDATA[506]]></id_customer>
<id_group><![CDATA[3]]></id_group>
</customer_group>
<customer_group><id_customer><![CDATA[507]]></id_customer>
<id_group><![CDATA[3]]></id_group>
</customer_group>
<customer_group><id_customer><![CDATA[512]]></id_customer>
<id_group><![CDATA[3]]></id_group>
</customer_group>
<customer_group><id_customer><![CDATA[518]]></id_customer>
<id_group><![CDATA[3]]></id_group>
</customer_group>
<customer_group><id_customer><![CDATA[521]]></id_customer>
<id_group><![CDATA[3]]></id_group>
</customer_group>
<customer_group><id_customer><![CDATA[523]]></id_customer>
<id_group><![CDATA[3]]></id_group>
</customer_group>
<customer_group><id_customer><![CDATA[527]]></id_customer>
<id_group><![CDATA[3]]></id_group>
</customer_group>
<customer_group><id_customer><![CDATA[530]]></id_customer>
<id_group><![CDATA[3]]></id_group>
</customer_group>
<customer_group><id_customer><![CDATA[531]]></id_customer>
<id_group><![CDATA[3]]></id_group>
</customer_group>
<customer_group><id_customer><![CDATA[533]]></id_customer>
<id_group><![CDATA[3]]></id_group>
</customer_group>
<customer_group><id_customer><![CDATA[534]]></id_customer>
<id_group><![CDATA[3]]></id_group>
</customer_group>
<customer_group><id_customer><![CDATA[535]]></id_customer>
<id_group><![CDATA[3]]></id_group>
</customer_group>
<customer_group><id_customer><![CDATA[536]]></id_customer>
<id_group><![CDATA[3]]></id_group>
</customer_group>
<customer_group><id_customer><![CDATA[538]]></id_customer>
<id_group><![CDATA[3]]></id_group>
</customer_group>
<customer_group><id_customer><![CDATA[539]]></id_customer>
<id_group><![CDATA[3]]></id_group>
</customer_group>
<customer_group><id_customer><![CDATA[540]]></id_customer>
<id_group><![CDATA[3]]></id_group>
</customer_group>
<customer_group><id_customer><![CDATA[541]]></id_customer>
<id_group><![CDATA[3]]></id_group>
</customer_group>
<customer_group><id_customer><![CDATA[542]]></id_customer>
<id_group><![CDATA[3]]></id_group>
</customer_group>
<customer_group><id_customer><![CDATA[543]]></id_customer>
<id_group><![CDATA[3]]></id_group>
</customer_group>
<customer_group><id_customer><![CDATA[544]]></id_customer>
<id_group><![CDATA[3]]></id_group>
</customer_group>
<customer_group><id_customer><![CDATA[546]]></id_customer>
<id_group><![CDATA[3]]></id_group>
</customer_group>
<customer_group><id_customer><![CDATA[547]]></id_customer>
<id_group><![CDATA[3]]></id_group>
</customer_group>
<customer_group><id_customer><![CDATA[548]]></id_customer>
<id_group><![CDATA[3]]></id_group>
</customer_group>
<customer_group><id_customer><![CDATA[551]]></id_customer>
<id_group><![CDATA[3]]></id_group>
</customer_group>
<customer_group><id_customer><![CDATA[554]]></id_customer>
<id_group><![CDATA[3]]></id_group>
</customer_group>
<customer_group><id_customer><![CDATA[558]]></id_customer>
<id_group><![CDATA[3]]></id_group>
</customer_group>
<customer_group><id_customer><![CDATA[563]]></id_customer>
<id_group><![CDATA[3]]></id_group>
</customer_group>
<customer_group><id_customer><![CDATA[569]]></id_customer>
<id_group><![CDATA[3]]></id_group>
</customer_group>
<customer_group><id_customer><![CDATA[570]]></id_customer>
<id_group><![CDATA[3]]></id_group>
</customer_group>
<customer_group><id_customer><![CDATA[574]]></id_customer>
<id_group><![CDATA[3]]></id_group>
</customer_group>
<customer_group><id_customer><![CDATA[586]]></id_customer>
<id_group><![CDATA[3]]></id_group>
</customer_group>
<customer_group><id_customer><![CDATA[592]]></id_customer>
<id_group><![CDATA[3]]></id_group>
</customer_group>
<customer_group><id_customer><![CDATA[597]]></id_customer>
<id_group><![CDATA[3]]></id_group>
</customer_group>
<customer_group><id_customer><![CDATA[600]]></id_customer>
<id_group><![CDATA[3]]></id_group>
</customer_group>
<customer_group><id_customer><![CDATA[601]]></id_customer>
<id_group><![CDATA[3]]></id_group>
</customer_group>
<customer_group><id_customer><![CDATA[602]]></id_customer>
<id_group><![CDATA[3]]></id_group>
</customer_group>
<customer_group><id_customer><![CDATA[604]]></id_customer>
<id_group><![CDATA[3]]></id_group>
</customer_group>
<customer_group><id_customer><![CDATA[609]]></id_customer>
<id_group><![CDATA[3]]></id_group>
</customer_group>
<customer_group><id_customer><![CDATA[610]]></id_customer>
<id_group><![CDATA[3]]></id_group>
</customer_group>
<customer_group><id_customer><![CDATA[618]]></id_customer>
<id_group><![CDATA[3]]></id_group>
</customer_group>
<customer_group><id_customer><![CDATA[622]]></id_customer>
<id_group><![CDATA[3]]></id_group>
</customer_group>
<customer_group><id_customer><![CDATA[626]]></id_customer>
<id_group><![CDATA[3]]></id_group>
</customer_group>
<customer_group><id_customer><![CDATA[627]]></id_customer>
<id_group><![CDATA[3]]></id_group>
</customer_group>
<customer_group><id_customer><![CDATA[636]]></id_customer>
<id_group><![CDATA[3]]></id_group>
</customer_group>
<customer_group><id_customer><![CDATA[647]]></id_customer>
<id_group><![CDATA[3]]></id_group>
</customer_group>
<customer_group><id_customer><![CDATA[648]]></id_customer>
<id_group><![CDATA[3]]></id_group>
</customer_group>
<customer_group><id_customer><![CDATA[649]]></id_customer>
<id_group><![CDATA[3]]></id_group>
</customer_group>
<customer_group><id_customer><![CDATA[652]]></id_customer>
<id_group><![CDATA[3]]></id_group>
</customer_group>
<customer_group><id_customer><![CDATA[655]]></id_customer>
<id_group><![CDATA[3]]></id_group>
</customer_group>
<customer_group><id_customer><![CDATA[657]]></id_customer>
<id_group><![CDATA[3]]></id_group>
</customer_group>
<customer_group><id_customer><![CDATA[658]]></id_customer>
<id_group><![CDATA[3]]></id_group>
</customer_group>
<customer_group><id_customer><![CDATA[660]]></id_customer>
<id_group><![CDATA[3]]></id_group>
</customer_group>
<customer_group><id_customer><![CDATA[669]]></id_customer>
<id_group><![CDATA[3]]></id_group>
</customer_group>
<customer_group><id_customer><![CDATA[671]]></id_customer>
<id_group><![CDATA[3]]></id_group>
</customer_group>
<customer_group><id_customer><![CDATA[682]]></id_customer>
<id_group><![CDATA[3]]></id_group>
</customer_group>
<customer_group><id_customer><![CDATA[684]]></id_customer>
<id_group><![CDATA[3]]></id_group>
</customer_group>
<customer_group><id_customer><![CDATA[687]]></id_customer>
<id_group><![CDATA[3]]></id_group>
</customer_group>
<customer_group><id_customer><![CDATA[693]]></id_customer>
<id_group><![CDATA[3]]></id_group>
</customer_group>
<customer_group><id_customer><![CDATA[702]]></id_customer>
<id_group><![CDATA[3]]></id_group>
</customer_group>
<customer_group><id_customer><![CDATA[704]]></id_customer>
<id_group><![CDATA[3]]></id_group>
</customer_group>
<customer_group><id_customer><![CDATA[706]]></id_customer>
<id_group><![CDATA[3]]></id_group>
</customer_group>
<customer_group><id_customer><![CDATA[707]]></id_customer>
<id_group><![CDATA[3]]></id_group>
</customer_group>
<customer_group><id_customer><![CDATA[711]]></id_customer>
<id_group><![CDATA[3]]></id_group>
</customer_group>
<customer_group><id_customer><![CDATA[718]]></id_customer>
<id_group><![CDATA[3]]></id_group>
</customer_group>
<customer_group><id_customer><![CDATA[738]]></id_customer>
<id_group><![CDATA[3]]></id_group>
</customer_group>
<customer_group><id_customer><![CDATA[743]]></id_customer>
<id_group><![CDATA[3]]></id_group>
</customer_group>
<customer_group><id_customer><![CDATA[744]]></id_customer>
<id_group><![CDATA[3]]></id_group>
</customer_group>
<customer_group><id_customer><![CDATA[752]]></id_customer>
<id_group><![CDATA[3]]></id_group>
</customer_group>
<customer_group><id_customer><![CDATA[753]]></id_customer>
<id_group><![CDATA[3]]></id_group>
</customer_group>
<customer_group><id_customer><![CDATA[756]]></id_customer>
<id_group><![CDATA[3]]></id_group>
</customer_group>
<customer_group><id_customer><![CDATA[758]]></id_customer>
<id_group><![CDATA[3]]></id_group>
</customer_group>
<customer_group><id_customer><![CDATA[764]]></id_customer>
<id_group><![CDATA[3]]></id_group>
</customer_group>
<customer_group><id_customer><![CDATA[766]]></id_customer>
<id_group><![CDATA[3]]></id_group>
</customer_group>
<customer_group><id_customer><![CDATA[772]]></id_customer>
<id_group><![CDATA[3]]></id_group>
</customer_group>
<customer_group><id_customer><![CDATA[789]]></id_customer>
<id_group><![CDATA[3]]></id_group>
</customer_group>
<customer_group><id_customer><![CDATA[794]]></id_customer>
<id_group><![CDATA[3]]></id_group>
</customer_group>
<customer_group><id_customer><![CDATA[795]]></id_customer>
<id_group><![CDATA[3]]></id_group>
</customer_group>
<customer_group><id_customer><![CDATA[797]]></id_customer>
<id_group><![CDATA[3]]></id_group>
</customer_group>
<customer_group><id_customer><![CDATA[798]]></id_customer>
<id_group><![CDATA[3]]></id_group>
</customer_group>
<customer_group><id_customer><![CDATA[805]]></id_customer>
<id_group><![CDATA[3]]></id_group>
</customer_group>
<customer_group><id_customer><![CDATA[807]]></id_customer>
<id_group><![CDATA[3]]></id_group>
</customer_group>
<customer_group><id_customer><![CDATA[809]]></id_customer>
<id_group><![CDATA[3]]></id_group>
</customer_group>
<customer_group><id_customer><![CDATA[817]]></id_customer>
<id_group><![CDATA[3]]></id_group>
</customer_group>
<customer_group><id_customer><![CDATA[818]]></id_customer>
<id_group><![CDATA[3]]></id_group>
</customer_group>
<customer_group><id_customer><![CDATA[819]]></id_customer>
<id_group><![CDATA[3]]></id_group>
</customer_group>
<customer_group><id_customer><![CDATA[826]]></id_customer>
<id_group><![CDATA[3]]></id_group>
</customer_group>
<customer_group><id_customer><![CDATA[837]]></id_customer>
<id_group><![CDATA[3]]></id_group>
</customer_group>
<customer_group><id_customer><![CDATA[838]]></id_customer>
<id_group><![CDATA[3]]></id_group>
</customer_group>
<customer_group><id_customer><![CDATA[108]]></id_customer>
<id_group><![CDATA[4]]></id_group>
</customer_group>
<customer_group><id_customer><![CDATA[148]]></id_customer>
<id_group><![CDATA[4]]></id_group>
</customer_group>
<customer_group><id_customer><![CDATA[157]]></id_customer>
<id_group><![CDATA[4]]></id_group>
</customer_group>
<customer_group><id_customer><![CDATA[159]]></id_customer>
<id_group><![CDATA[4]]></id_group>
</customer_group>
<customer_group><id_customer><![CDATA[163]]></id_customer>
<id_group><![CDATA[4]]></id_group>
</customer_group>
<customer_group><id_customer><![CDATA[168]]></id_customer>
<id_group><![CDATA[4]]></id_group>
</customer_group>
<customer_group><id_customer><![CDATA[170]]></id_customer>
<id_group><![CDATA[4]]></id_group>
</customer_group>
<customer_group><id_customer><![CDATA[171]]></id_customer>
<id_group><![CDATA[4]]></id_group>
</customer_group>
<customer_group><id_customer><![CDATA[174]]></id_customer>
<id_group><![CDATA[4]]></id_group>
</customer_group>
<customer_group><id_customer><![CDATA[182]]></id_customer>
<id_group><![CDATA[4]]></id_group>
</customer_group>
<customer_group><id_customer><![CDATA[191]]></id_customer>
<id_group><![CDATA[4]]></id_group>
</customer_group>
<customer_group><id_customer><![CDATA[197]]></id_customer>
<id_group><![CDATA[4]]></id_group>
</customer_group>
<customer_group><id_customer><![CDATA[205]]></id_customer>
<id_group><![CDATA[4]]></id_group>
</customer_group>
<customer_group><id_customer><![CDATA[209]]></id_customer>
<id_group><![CDATA[4]]></id_group>
</customer_group>
<customer_group><id_customer><![CDATA[232]]></id_customer>
<id_group><![CDATA[4]]></id_group>
</customer_group>
<customer_group><id_customer><![CDATA[253]]></id_customer>
<id_group><![CDATA[4]]></id_group>
</customer_group>
<customer_group><id_customer><![CDATA[254]]></id_customer>
<id_group><![CDATA[4]]></id_group>
</customer_group>
<customer_group><id_customer><![CDATA[256]]></id_customer>
<id_group><![CDATA[4]]></id_group>
</customer_group>
<customer_group><id_customer><![CDATA[276]]></id_customer>
<id_group><![CDATA[4]]></id_group>
</customer_group>
<customer_group><id_customer><![CDATA[278]]></id_customer>
<id_group><![CDATA[4]]></id_group>
</customer_group>
<customer_group><id_customer><![CDATA[280]]></id_customer>
<id_group><![CDATA[4]]></id_group>
</customer_group>
<customer_group><id_customer><![CDATA[291]]></id_customer>
<id_group><![CDATA[4]]></id_group>
</customer_group>
<customer_group><id_customer><![CDATA[294]]></id_customer>
<id_group><![CDATA[4]]></id_group>
</customer_group>
<customer_group><id_customer><![CDATA[295]]></id_customer>
<id_group><![CDATA[4]]></id_group>
</customer_group>
<customer_group><id_customer><![CDATA[297]]></id_customer>
<id_group><![CDATA[4]]></id_group>
</customer_group>
<customer_group><id_customer><![CDATA[302]]></id_customer>
<id_group><![CDATA[4]]></id_group>
</customer_group>
<customer_group><id_customer><![CDATA[307]]></id_customer>
<id_group><![CDATA[4]]></id_group>
</customer_group>
<customer_group><id_customer><![CDATA[310]]></id_customer>
<id_group><![CDATA[4]]></id_group>
</customer_group>
<customer_group><id_customer><![CDATA[311]]></id_customer>
<id_group><![CDATA[4]]></id_group>
</customer_group>
<customer_group><id_customer><![CDATA[316]]></id_customer>
<id_group><![CDATA[4]]></id_group>
</customer_group>
<customer_group><id_customer><![CDATA[320]]></id_customer>
<id_group><![CDATA[4]]></id_group>
</customer_group>
<customer_group><id_customer><![CDATA[325]]></id_customer>
<id_group><![CDATA[4]]></id_group>
</customer_group>
<customer_group><id_customer><![CDATA[329]]></id_customer>
<id_group><![CDATA[4]]></id_group>
</customer_group>
<customer_group><id_customer><![CDATA[334]]></id_customer>
<id_group><![CDATA[4]]></id_group>
</customer_group>
<customer_group><id_customer><![CDATA[335]]></id_customer>
<id_group><![CDATA[4]]></id_group>
</customer_group>
<customer_group><id_customer><![CDATA[337]]></id_customer>
<id_group><![CDATA[4]]></id_group>
</customer_group>
<customer_group><id_customer><![CDATA[339]]></id_customer>
<id_group><![CDATA[4]]></id_group>
</customer_group>
<customer_group><id_customer><![CDATA[340]]></id_customer>
<id_group><![CDATA[4]]></id_group>
</customer_group>
<customer_group><id_customer><![CDATA[341]]></id_customer>
<id_group><![CDATA[4]]></id_group>
</customer_group>
<customer_group><id_customer><![CDATA[343]]></id_customer>
<id_group><![CDATA[4]]></id_group>
</customer_group>
<customer_group><id_customer><![CDATA[344]]></id_customer>
<id_group><![CDATA[4]]></id_group>
</customer_group>
<customer_group><id_customer><![CDATA[347]]></id_customer>
<id_group><![CDATA[4]]></id_group>
</customer_group>
<customer_group><id_customer><![CDATA[348]]></id_customer>
<id_group><![CDATA[4]]></id_group>
</customer_group>
<customer_group><id_customer><![CDATA[350]]></id_customer>
<id_group><![CDATA[4]]></id_group>
</customer_group>
<customer_group><id_customer><![CDATA[355]]></id_customer>
<id_group><![CDATA[4]]></id_group>
</customer_group>
<customer_group><id_customer><![CDATA[357]]></id_customer>
<id_group><![CDATA[4]]></id_group>
</customer_group>
<customer_group><id_customer><![CDATA[360]]></id_customer>
<id_group><![CDATA[4]]></id_group>
</customer_group>
<customer_group><id_customer><![CDATA[366]]></id_customer>
<id_group><![CDATA[4]]></id_group>
</customer_group>
<customer_group><id_customer><![CDATA[368]]></id_customer>
<id_group><![CDATA[4]]></id_group>
</customer_group>
<customer_group><id_customer><![CDATA[371]]></id_customer>
<id_group><![CDATA[4]]></id_group>
</customer_group>
<customer_group><id_customer><![CDATA[373]]></id_customer>
<id_group><![CDATA[4]]></id_group>
</customer_group>
<customer_group><id_customer><![CDATA[374]]></id_customer>
<id_group><![CDATA[4]]></id_group>
</customer_group>
<customer_group><id_customer><![CDATA[379]]></id_customer>
<id_group><![CDATA[4]]></id_group>
</customer_group>
<customer_group><id_customer><![CDATA[384]]></id_customer>
<id_group><![CDATA[4]]></id_group>
</customer_group>
<customer_group><id_customer><![CDATA[385]]></id_customer>
<id_group><![CDATA[4]]></id_group>
</customer_group>
<customer_group><id_customer><![CDATA[388]]></id_customer>
<id_group><![CDATA[4]]></id_group>
</customer_group>
<customer_group><id_customer><![CDATA[398]]></id_customer>
<id_group><![CDATA[4]]></id_group>
</customer_group>
<customer_group><id_customer><![CDATA[400]]></id_customer>
<id_group><![CDATA[4]]></id_group>
</customer_group>
<customer_group><id_customer><![CDATA[408]]></id_customer>
<id_group><![CDATA[4]]></id_group>
</customer_group>
<customer_group><id_customer><![CDATA[421]]></id_customer>
<id_group><![CDATA[4]]></id_group>
</customer_group>
<customer_group><id_customer><![CDATA[422]]></id_customer>
<id_group><![CDATA[4]]></id_group>
</customer_group>
<customer_group><id_customer><![CDATA[423]]></id_customer>
<id_group><![CDATA[4]]></id_group>
</customer_group>
<customer_group><id_customer><![CDATA[424]]></id_customer>
<id_group><![CDATA[4]]></id_group>
</customer_group>
<customer_group><id_customer><![CDATA[427]]></id_customer>
<id_group><![CDATA[4]]></id_group>
</customer_group>
<customer_group><id_customer><![CDATA[429]]></id_customer>
<id_group><![CDATA[4]]></id_group>
</customer_group>
<customer_group><id_customer><![CDATA[434]]></id_customer>
<id_group><![CDATA[4]]></id_group>
</customer_group>
<customer_group><id_customer><![CDATA[436]]></id_customer>
<id_group><![CDATA[4]]></id_group>
</customer_group>
<customer_group><id_customer><![CDATA[437]]></id_customer>
<id_group><![CDATA[4]]></id_group>
</customer_group>
<customer_group><id_customer><![CDATA[438]]></id_customer>
<id_group><![CDATA[4]]></id_group>
</customer_group>
<customer_group><id_customer><![CDATA[440]]></id_customer>
<id_group><![CDATA[4]]></id_group>
</customer_group>
<customer_group><id_customer><![CDATA[450]]></id_customer>
<id_group><![CDATA[4]]></id_group>
</customer_group>
<customer_group><id_customer><![CDATA[456]]></id_customer>
<id_group><![CDATA[4]]></id_group>
</customer_group>
<customer_group><id_customer><![CDATA[457]]></id_customer>
<id_group><![CDATA[4]]></id_group>
</customer_group>
<customer_group><id_customer><![CDATA[463]]></id_customer>
<id_group><![CDATA[4]]></id_group>
</customer_group>
<customer_group><id_customer><![CDATA[469]]></id_customer>
<id_group><![CDATA[4]]></id_group>
</customer_group>
<customer_group><id_customer><![CDATA[473]]></id_customer>
<id_group><![CDATA[4]]></id_group>
</customer_group>
<customer_group><id_customer><![CDATA[478]]></id_customer>
<id_group><![CDATA[4]]></id_group>
</customer_group>
<customer_group><id_customer><![CDATA[479]]></id_customer>
<id_group><![CDATA[4]]></id_group>
</customer_group>
<customer_group><id_customer><![CDATA[484]]></id_customer>
<id_group><![CDATA[4]]></id_group>
</customer_group>
<customer_group><id_customer><![CDATA[485]]></id_customer>
<id_group><![CDATA[4]]></id_group>
</customer_group>
<customer_group><id_customer><![CDATA[488]]></id_customer>
<id_group><![CDATA[4]]></id_group>
</customer_group>
<customer_group><id_customer><![CDATA[491]]></id_customer>
<id_group><![CDATA[4]]></id_group>
</customer_group>
<customer_group><id_customer><![CDATA[493]]></id_customer>
<id_group><![CDATA[4]]></id_group>
</customer_group>
<customer_group><id_customer><![CDATA[494]]></id_customer>
<id_group><![CDATA[4]]></id_group>
</customer_group>
<customer_group><id_customer><![CDATA[495]]></id_customer>
<id_group><![CDATA[4]]></id_group>
</customer_group>
<customer_group><id_customer><![CDATA[496]]></id_customer>
<id_group><![CDATA[4]]></id_group>
</customer_group>
<customer_group><id_customer><![CDATA[499]]></id_customer>
<id_group><![CDATA[4]]></id_group>
</customer_group>
<customer_group><id_customer><![CDATA[502]]></id_customer>
<id_group><![CDATA[4]]></id_group>
</customer_group>
<customer_group><id_customer><![CDATA[505]]></id_customer>
<id_group><![CDATA[4]]></id_group>
</customer_group>
<customer_group><id_customer><![CDATA[506]]></id_customer>
<id_group><![CDATA[4]]></id_group>
</customer_group>
<customer_group><id_customer><![CDATA[507]]></id_customer>
<id_group><![CDATA[4]]></id_group>
</customer_group>
<customer_group><id_customer><![CDATA[512]]></id_customer>
<id_group><![CDATA[4]]></id_group>
</customer_group>
<customer_group><id_customer><![CDATA[517]]></id_customer>
<id_group><![CDATA[4]]></id_group>
</customer_group>
<customer_group><id_customer><![CDATA[518]]></id_customer>
<id_group><![CDATA[4]]></id_group>
</customer_group>
<customer_group><id_customer><![CDATA[520]]></id_customer>
<id_group><![CDATA[4]]></id_group>
</customer_group>
<customer_group><id_customer><![CDATA[521]]></id_customer>
<id_group><![CDATA[4]]></id_group>
</customer_group>
<customer_group><id_customer><![CDATA[523]]></id_customer>
<id_group><![CDATA[4]]></id_group>
</customer_group>
<customer_group><id_customer><![CDATA[525]]></id_customer>
<id_group><![CDATA[4]]></id_group>
</customer_group>
<customer_group><id_customer><![CDATA[526]]></id_customer>
<id_group><![CDATA[4]]></id_group>
</customer_group>
<customer_group><id_customer><![CDATA[527]]></id_customer>
<id_group><![CDATA[4]]></id_group>
</customer_group>
<customer_group><id_customer><![CDATA[530]]></id_customer>
<id_group><![CDATA[4]]></id_group>
</customer_group>
<customer_group><id_customer><![CDATA[531]]></id_customer>
<id_group><![CDATA[4]]></id_group>
</customer_group>
<customer_group><id_customer><![CDATA[533]]></id_customer>
<id_group><![CDATA[4]]></id_group>
</customer_group>
<customer_group><id_customer><![CDATA[534]]></id_customer>
<id_group><![CDATA[4]]></id_group>
</customer_group>
<customer_group><id_customer><![CDATA[535]]></id_customer>
<id_group><![CDATA[4]]></id_group>
</customer_group>
<customer_group><id_customer><![CDATA[536]]></id_customer>
<id_group><![CDATA[4]]></id_group>
</customer_group>
<customer_group><id_customer><![CDATA[538]]></id_customer>
<id_group><![CDATA[4]]></id_group>
</customer_group>
<customer_group><id_customer><![CDATA[539]]></id_customer>
<id_group><![CDATA[4]]></id_group>
</customer_group>
<customer_group><id_customer><![CDATA[540]]></id_customer>
<id_group><![CDATA[4]]></id_group>
</customer_group>
<customer_group><id_customer><![CDATA[541]]></id_customer>
<id_group><![CDATA[4]]></id_group>
</customer_group>
<customer_group><id_customer><![CDATA[542]]></id_customer>
<id_group><![CDATA[4]]></id_group>
</customer_group>
<customer_group><id_customer><![CDATA[543]]></id_customer>
<id_group><![CDATA[4]]></id_group>
</customer_group>
<customer_group><id_customer><![CDATA[544]]></id_customer>
<id_group><![CDATA[4]]></id_group>
</customer_group>
<customer_group><id_customer><![CDATA[546]]></id_customer>
<id_group><![CDATA[4]]></id_group>
</customer_group>
<customer_group><id_customer><![CDATA[547]]></id_customer>
<id_group><![CDATA[4]]></id_group>
</customer_group>
<customer_group><id_customer><![CDATA[548]]></id_customer>
<id_group><![CDATA[4]]></id_group>
</customer_group>
<customer_group><id_customer><![CDATA[551]]></id_customer>
<id_group><![CDATA[4]]></id_group>
</customer_group>
<customer_group><id_customer><![CDATA[554]]></id_customer>
<id_group><![CDATA[4]]></id_group>
</customer_group>
<customer_group><id_customer><![CDATA[558]]></id_customer>
<id_group><![CDATA[4]]></id_group>
</customer_group>
<customer_group><id_customer><![CDATA[564]]></id_customer>
<id_group><![CDATA[4]]></id_group>
</customer_group>
<customer_group><id_customer><![CDATA[565]]></id_customer>
<id_group><![CDATA[4]]></id_group>
</customer_group>
<customer_group><id_customer><![CDATA[569]]></id_customer>
<id_group><![CDATA[4]]></id_group>
</customer_group>
<customer_group><id_customer><![CDATA[570]]></id_customer>
<id_group><![CDATA[4]]></id_group>
</customer_group>
<customer_group><id_customer><![CDATA[574]]></id_customer>
<id_group><![CDATA[4]]></id_group>
</customer_group>
<customer_group><id_customer><![CDATA[575]]></id_customer>
<id_group><![CDATA[4]]></id_group>
</customer_group>
<customer_group><id_customer><![CDATA[582]]></id_customer>
<id_group><![CDATA[4]]></id_group>
</customer_group>
<customer_group><id_customer><![CDATA[583]]></id_customer>
<id_group><![CDATA[4]]></id_group>
</customer_group>
<customer_group><id_customer><![CDATA[584]]></id_customer>
<id_group><![CDATA[4]]></id_group>
</customer_group>
<customer_group><id_customer><![CDATA[586]]></id_customer>
<id_group><![CDATA[4]]></id_group>
</customer_group>
<customer_group><id_customer><![CDATA[592]]></id_customer>
<id_group><![CDATA[4]]></id_group>
</customer_group>
<customer_group><id_customer><![CDATA[595]]></id_customer>
<id_group><![CDATA[4]]></id_group>
</customer_group>
<customer_group><id_customer><![CDATA[597]]></id_customer>
<id_group><![CDATA[4]]></id_group>
</customer_group>
<customer_group><id_customer><![CDATA[598]]></id_customer>
<id_group><![CDATA[4]]></id_group>
</customer_group>
<customer_group><id_customer><![CDATA[600]]></id_customer>
<id_group><![CDATA[4]]></id_group>
</customer_group>
<customer_group><id_customer><![CDATA[601]]></id_customer>
<id_group><![CDATA[4]]></id_group>
</customer_group>
<customer_group><id_customer><![CDATA[602]]></id_customer>
<id_group><![CDATA[4]]></id_group>
</customer_group>
<customer_group><id_customer><![CDATA[604]]></id_customer>
<id_group><![CDATA[4]]></id_group>
</customer_group>
<customer_group><id_customer><![CDATA[609]]></id_customer>
<id_group><![CDATA[4]]></id_group>
</customer_group>
</entity_profile>
