<?xml version="1.0" encoding="UTF-8"?>
<entity_profile>
<domain>3.0.aquapure.fr</domain>
<pres_version>1.6.1.4</pres_version>
<cookie_key>HA6z6H95YkmtYfTcGE0DiHGWLyba9oDbBApxTsjvDqehqevb53U6uVaf</cookie_key>
<countshop>8</countshop>
<countextrashop>11</countextrashop>
<link_site>https://3.0.aquapure.fr/,https://3.0.aquapure.fr/aquanet/,https://3.0.aquapure.fr/water-home/,https://3.0.aquapure.fr/nomad-water/,https://3.0.aquapure.fr/hydro-motion/,https://3.0.aquapure.fr/aquaspring/,https://3.0.aquapure.fr/smart-bottle/,https://3.0.aquapure.fr/aquapure-france/</link_site>
<countlang>8</countlang>
<countcurrency>3</countcurrency>
<countzone>12</countzone>
<countcountry>244</countcountry>
<countstate>365</countstate>
<countemployee>7</countemployee>
<countcategory>31</countcategory>
<rootcategory>1</rootcategory>
<counttotalcategory>227</counttotalcategory>
<countcustomer>820</countcustomer>
<countgroup>11</countgroup>
<countaddress>998</countaddress>
<count_category_group_customer>196</count_category_group_customer><counttotalcustomer>3157</counttotalcustomer>
<countmanufacturer>2</countmanufacturer>
<countsupplier>2</countsupplier>
<countcarrier>73</countcarrier>
<countcarrierzone>601</countcarrierzone>
<countrangeprice>29</countrangeprice>
<countcarriergroup>846</countcarriergroup><countrangeweight>571</countrangeweight>
<countdelivery>8744</countdelivery>
<counttotalcarrier>10876</counttotalcarrier>
<countcartrule>387</countcartrule>
<countspecificpriceRule>4</countspecificpriceRule>
<countproduct>88</countproduct>
<countimage>182</countimage>
<countcombination>607</countcombination>
<countattributegroup>20</countattributegroup>
<countattribute>162</countattribute>
<countfeature>25</countfeature>
<countfeaturevalue>582</countfeaturevalue>
<countspecificprice>690</countspecificprice>
<counttaxrulesgroup>18</counttaxrulesgroup>
<counttaxrule>486</counttaxrule>
<counttag>55</counttag>
<countstockavailable>1482</countstockavailable>
<counttax>40</counttax>
<counttotalproduct>5595</counttotalproduct>
<countorder>953</countorder>
<countorderstate>35</countorderstate>
<countcart>8622</countcart>
<countorderdetail>1348</countorderdetail>
<countorderinvoice>939</countorderinvoice>
<countorderdetailtax>1216</countorderdetailtax>
<countorderinvoicepayment>1116</countorderinvoicepayment>
<countorderinvoicetax>1271</countorderinvoicetax>
<countorderslip>13</countorderslip>
<countordercarrier>959</countordercarrier>
<countordercartrule>210</countordercartrule>
<countorderhistory>3109</countorderhistory>
<countordermessage>1</countordermessage>
<countorderpayment>917</countorderpayment>
<countorderreturn>0</countorderreturn>
<countmessage>1009</countmessage>
<countcmscategory>6</countcmscategory>
<countcms>41</countcms>
<countmessage>5176</countmessage>
<totalitem>50982</totalitem>
<exporteddata>shops,employees,categories,customers,manufactures,suppliers,carriers,cart_rules,catelog_rules,products,orders,CMS_categories,CMS,messages</exporteddata>
</entity_profile>
