<?xml version="1.0" encoding="UTF-8"?>
<entity_profile>
<feature><id_feature><![CDATA[1]]></id_feature>
<position><![CDATA[2]]></position>
<datalanguage iso_code="ca" >
<name><![CDATA[Hauteur]]></name>
</datalanguage>
<datalanguage iso_code="de" >
<name><![CDATA[Höhe]]></name>
</datalanguage>
<datalanguage iso_code="en" >
<name><![CDATA[Hauteur]]></name>
</datalanguage>
<datalanguage iso_code="es" >
<name><![CDATA[Alto]]></name>
</datalanguage>
<datalanguage iso_code="fr" default="1" >
<name><![CDATA[Hauteur]]></name>
</datalanguage>
<datalanguage iso_code="gb" >
<name><![CDATA[Hauteur]]></name>
</datalanguage>
<datalanguage iso_code="gl" >
<name><![CDATA[Hauteur]]></name>
</datalanguage>
<datalanguage iso_code="it" >
<name><![CDATA[Altezza]]></name>
</datalanguage>
<datashop id_shop="1"></datashop>
<datashop id_shop="2"></datashop>
<datashop id_shop="3"></datashop>
<datashop id_shop="4"></datashop>
<datashop id_shop="5"></datashop>
<datashop id_shop="6"></datashop>
<datashop id_shop="7"></datashop>
<datashop id_shop="8"></datashop>
</feature>
<feature><id_feature><![CDATA[2]]></id_feature>
<position><![CDATA[3]]></position>
<datalanguage iso_code="ca" >
<name><![CDATA[Largeur]]></name>
</datalanguage>
<datalanguage iso_code="de" >
<name><![CDATA[Breite]]></name>
</datalanguage>
<datalanguage iso_code="en" >
<name><![CDATA[Largeur]]></name>
</datalanguage>
<datalanguage iso_code="es" >
<name><![CDATA[Ancho]]></name>
</datalanguage>
<datalanguage iso_code="fr" default="1" >
<name><![CDATA[Largeur]]></name>
</datalanguage>
<datalanguage iso_code="gb" >
<name><![CDATA[Largeur]]></name>
</datalanguage>
<datalanguage iso_code="gl" >
<name><![CDATA[Largeur]]></name>
</datalanguage>
<datalanguage iso_code="it" >
<name><![CDATA[Larghezza]]></name>
</datalanguage>
<datashop id_shop="1"></datashop>
<datashop id_shop="2"></datashop>
<datashop id_shop="3"></datashop>
<datashop id_shop="4"></datashop>
<datashop id_shop="5"></datashop>
<datashop id_shop="6"></datashop>
<datashop id_shop="7"></datashop>
<datashop id_shop="8"></datashop>
</feature>
<feature><id_feature><![CDATA[3]]></id_feature>
<position><![CDATA[4]]></position>
<datalanguage iso_code="ca" >
<name><![CDATA[Profondeur]]></name>
</datalanguage>
<datalanguage iso_code="de" >
<name><![CDATA[Tiefe]]></name>
</datalanguage>
<datalanguage iso_code="en" >
<name><![CDATA[Profondeur]]></name>
</datalanguage>
<datalanguage iso_code="es" >
<name><![CDATA[Profundo]]></name>
</datalanguage>
<datalanguage iso_code="fr" default="1" >
<name><![CDATA[Profondeur]]></name>
</datalanguage>
<datalanguage iso_code="gb" >
<name><![CDATA[Profondeur]]></name>
</datalanguage>
<datalanguage iso_code="gl" >
<name><![CDATA[Profondeur]]></name>
</datalanguage>
<datalanguage iso_code="it" >
<name><![CDATA[Profondità]]></name>
</datalanguage>
<datashop id_shop="1"></datashop>
<datashop id_shop="2"></datashop>
<datashop id_shop="3"></datashop>
<datashop id_shop="4"></datashop>
<datashop id_shop="5"></datashop>
<datashop id_shop="6"></datashop>
<datashop id_shop="7"></datashop>
<datashop id_shop="8"></datashop>
</feature>
<feature><id_feature><![CDATA[4]]></id_feature>
<position><![CDATA[5]]></position>
<datalanguage iso_code="ca" >
<name><![CDATA[Poids]]></name>
</datalanguage>
<datalanguage iso_code="de" >
<name><![CDATA[Gewicht]]></name>
</datalanguage>
<datalanguage iso_code="en" >
<name><![CDATA[Poids]]></name>
</datalanguage>
<datalanguage iso_code="es" >
<name><![CDATA[Peso]]></name>
</datalanguage>
<datalanguage iso_code="fr" default="1" >
<name><![CDATA[Poids]]></name>
</datalanguage>
<datalanguage iso_code="gb" >
<name><![CDATA[Poids]]></name>
</datalanguage>
<datalanguage iso_code="gl" >
<name><![CDATA[Poids]]></name>
</datalanguage>
<datalanguage iso_code="it" >
<name><![CDATA[Peso]]></name>
</datalanguage>
<datashop id_shop="1"></datashop>
<datashop id_shop="2"></datashop>
<datashop id_shop="3"></datashop>
<datashop id_shop="4"></datashop>
<datashop id_shop="5"></datashop>
<datashop id_shop="6"></datashop>
<datashop id_shop="7"></datashop>
<datashop id_shop="8"></datashop>
</feature>
<feature><id_feature><![CDATA[5]]></id_feature>
<position><![CDATA[6]]></position>
<datalanguage iso_code="ca" >
<name><![CDATA[Finition]]></name>
</datalanguage>
<datalanguage iso_code="de" >
<name><![CDATA[Kopfhörer]]></name>
</datalanguage>
<datalanguage iso_code="en" >
<name><![CDATA[Prise casque]]></name>
</datalanguage>
<datalanguage iso_code="es" >
<name><![CDATA[Toma auriculares]]></name>
</datalanguage>
<datalanguage iso_code="fr" default="1" >
<name><![CDATA[Finition]]></name>
</datalanguage>
<datalanguage iso_code="gb" >
<name><![CDATA[Prise casque]]></name>
</datalanguage>
<datalanguage iso_code="gl" >
<name><![CDATA[Finition]]></name>
</datalanguage>
<datalanguage iso_code="it" >
<name><![CDATA[Auricolare]]></name>
</datalanguage>
<datashop id_shop="1"></datashop>
<datashop id_shop="2"></datashop>
<datashop id_shop="3"></datashop>
<datashop id_shop="4"></datashop>
<datashop id_shop="5"></datashop>
<datashop id_shop="6"></datashop>
<datashop id_shop="7"></datashop>
<datashop id_shop="8"></datashop>
</feature>
<feature><id_feature><![CDATA[6]]></id_feature>
<position><![CDATA[7]]></position>
<datalanguage iso_code="ca" >
<name><![CDATA[Dimensions]]></name>
</datalanguage>
<datalanguage iso_code="de" >
<name><![CDATA[Dimensions]]></name>
</datalanguage>
<datalanguage iso_code="en" >
<name><![CDATA[Dimensions]]></name>
</datalanguage>
<datalanguage iso_code="es" >
<name><![CDATA[Dimensions]]></name>
</datalanguage>
<datalanguage iso_code="fr" default="1" >
<name><![CDATA[Dimensions]]></name>
</datalanguage>
<datalanguage iso_code="gb" >
<name><![CDATA[Dimensions]]></name>
</datalanguage>
<datalanguage iso_code="gl" >
<name><![CDATA[Dimensions]]></name>
</datalanguage>
<datalanguage iso_code="it" >
<name><![CDATA[Dimensions]]></name>
</datalanguage>
<datashop id_shop="1"></datashop>
<datashop id_shop="2"></datashop>
<datashop id_shop="3"></datashop>
<datashop id_shop="4"></datashop>
<datashop id_shop="5"></datashop>
<datashop id_shop="6"></datashop>
<datashop id_shop="7"></datashop>
<datashop id_shop="8"></datashop>
</feature>
<feature><id_feature><![CDATA[7]]></id_feature>
<position><![CDATA[8]]></position>
<datalanguage iso_code="ca" >
<name><![CDATA[Emplacement]]></name>
</datalanguage>
<datalanguage iso_code="de" >
<name><![CDATA[Emplacement]]></name>
</datalanguage>
<datalanguage iso_code="en" >
<name><![CDATA[Emplacement]]></name>
</datalanguage>
<datalanguage iso_code="es" >
<name><![CDATA[Emplacement]]></name>
</datalanguage>
<datalanguage iso_code="fr" default="1" >
<name><![CDATA[Emplacement]]></name>
</datalanguage>
<datalanguage iso_code="gb" >
<name><![CDATA[Emplacement]]></name>
</datalanguage>
<datalanguage iso_code="gl" >
<name><![CDATA[Emplacement]]></name>
</datalanguage>
<datalanguage iso_code="it" >
<name><![CDATA[Emplacement]]></name>
</datalanguage>
<datashop id_shop="1"></datashop>
<datashop id_shop="2"></datashop>
<datashop id_shop="3"></datashop>
<datashop id_shop="4"></datashop>
<datashop id_shop="5"></datashop>
<datashop id_shop="6"></datashop>
<datashop id_shop="7"></datashop>
<datashop id_shop="8"></datashop>
</feature>
<feature><id_feature><![CDATA[8]]></id_feature>
<position><![CDATA[9]]></position>
<datalanguage iso_code="ca" >
<name><![CDATA[Capacité]]></name>
</datalanguage>
<datalanguage iso_code="de" >
<name><![CDATA[Capacité]]></name>
</datalanguage>
<datalanguage iso_code="en" >
<name><![CDATA[Capacité]]></name>
</datalanguage>
<datalanguage iso_code="es" >
<name><![CDATA[Capacité]]></name>
</datalanguage>
<datalanguage iso_code="fr" default="1" >
<name><![CDATA[Capacité]]></name>
</datalanguage>
<datalanguage iso_code="gb" >
<name><![CDATA[Capacité]]></name>
</datalanguage>
<datalanguage iso_code="gl" >
<name><![CDATA[Capacité]]></name>
</datalanguage>
<datalanguage iso_code="it" >
<name><![CDATA[Capacité]]></name>
</datalanguage>
<datashop id_shop="1"></datashop>
<datashop id_shop="2"></datashop>
<datashop id_shop="3"></datashop>
<datashop id_shop="4"></datashop>
<datashop id_shop="5"></datashop>
<datashop id_shop="6"></datashop>
<datashop id_shop="7"></datashop>
<datashop id_shop="8"></datashop>
</feature>
<feature><id_feature><![CDATA[9]]></id_feature>
<position><![CDATA[10]]></position>
<datalanguage iso_code="ca" >
<name><![CDATA[Débit]]></name>
</datalanguage>
<datalanguage iso_code="de" >
<name><![CDATA[Débit]]></name>
</datalanguage>
<datalanguage iso_code="en" >
<name><![CDATA[Débit]]></name>
</datalanguage>
<datalanguage iso_code="es" >
<name><![CDATA[Débit]]></name>
</datalanguage>
<datalanguage iso_code="fr" default="1" >
<name><![CDATA[Débit]]></name>
</datalanguage>
<datalanguage iso_code="gb" >
<name><![CDATA[Débit]]></name>
</datalanguage>
<datalanguage iso_code="gl" >
<name><![CDATA[Débit]]></name>
</datalanguage>
<datalanguage iso_code="it" >
<name><![CDATA[Débit]]></name>
</datalanguage>
<datashop id_shop="1"></datashop>
<datashop id_shop="2"></datashop>
<datashop id_shop="3"></datashop>
<datashop id_shop="4"></datashop>
<datashop id_shop="5"></datashop>
<datashop id_shop="6"></datashop>
<datashop id_shop="7"></datashop>
<datashop id_shop="8"></datashop>
</feature>
<feature><id_feature><![CDATA[10]]></id_feature>
<position><![CDATA[11]]></position>
<datalanguage iso_code="ca" >
<name><![CDATA[Prix au Litre]]></name>
</datalanguage>
<datalanguage iso_code="de" >
<name><![CDATA[Prix au Litre]]></name>
</datalanguage>
<datalanguage iso_code="en" >
<name><![CDATA[Prix au Litre]]></name>
</datalanguage>
<datalanguage iso_code="es" >
<name><![CDATA[Prix au Litre]]></name>
</datalanguage>
<datalanguage iso_code="fr" default="1" >
<name><![CDATA[Prix au Litre]]></name>
</datalanguage>
<datalanguage iso_code="gb" >
<name><![CDATA[Prix au Litre]]></name>
</datalanguage>
<datalanguage iso_code="gl" >
<name><![CDATA[Prix au Litre]]></name>
</datalanguage>
<datalanguage iso_code="it" >
<name><![CDATA[Prix au Litre]]></name>
</datalanguage>
<datashop id_shop="1"></datashop>
<datashop id_shop="2"></datashop>
<datashop id_shop="3"></datashop>
<datashop id_shop="4"></datashop>
<datashop id_shop="5"></datashop>
<datashop id_shop="6"></datashop>
<datashop id_shop="7"></datashop>
<datashop id_shop="8"></datashop>
</feature>
<feature><id_feature><![CDATA[11]]></id_feature>
<position><![CDATA[12]]></position>
<datalanguage iso_code="ca" >
<name><![CDATA[Température de fonctionnement]]></name>
</datalanguage>
<datalanguage iso_code="de" >
<name><![CDATA[Température de fonctionnement]]></name>
</datalanguage>
<datalanguage iso_code="en" >
<name><![CDATA[Température de fonctionnement]]></name>
</datalanguage>
<datalanguage iso_code="es" >
<name><![CDATA[Température de fonctionnement]]></name>
</datalanguage>
<datalanguage iso_code="fr" default="1" >
<name><![CDATA[Température de fonctionnement]]></name>
</datalanguage>
<datalanguage iso_code="gb" >
<name><![CDATA[Température de fonctionnement]]></name>
</datalanguage>
<datalanguage iso_code="gl" >
<name><![CDATA[Température de fonctionnement]]></name>
</datalanguage>
<datalanguage iso_code="it" >
<name><![CDATA[Température de fonctionnement]]></name>
</datalanguage>
<datashop id_shop="1"></datashop>
<datashop id_shop="2"></datashop>
<datashop id_shop="3"></datashop>
<datashop id_shop="4"></datashop>
<datashop id_shop="5"></datashop>
<datashop id_shop="6"></datashop>
<datashop id_shop="7"></datashop>
<datashop id_shop="8"></datashop>
</feature>
<feature><id_feature><![CDATA[12]]></id_feature>
<position><![CDATA[13]]></position>
<datalanguage iso_code="ca" >
<name><![CDATA[Pression de fonctionnement]]></name>
</datalanguage>
<datalanguage iso_code="de" >
<name><![CDATA[Pression de fonctionnement]]></name>
</datalanguage>
<datalanguage iso_code="en" >
<name><![CDATA[Pression de fonctionnement]]></name>
</datalanguage>
<datalanguage iso_code="es" >
<name><![CDATA[Pression de fonctionnement]]></name>
</datalanguage>
<datalanguage iso_code="fr" default="1" >
<name><![CDATA[Pression de fonctionnement]]></name>
</datalanguage>
<datalanguage iso_code="gb" >
<name><![CDATA[Pression de fonctionnement]]></name>
</datalanguage>
<datalanguage iso_code="gl" >
<name><![CDATA[Pression de fonctionnement]]></name>
</datalanguage>
<datalanguage iso_code="it" >
<name><![CDATA[Pression de fonctionnement]]></name>
</datalanguage>
<datashop id_shop="1"></datashop>
<datashop id_shop="2"></datashop>
<datashop id_shop="3"></datashop>
<datashop id_shop="4"></datashop>
<datashop id_shop="5"></datashop>
<datashop id_shop="6"></datashop>
<datashop id_shop="7"></datashop>
<datashop id_shop="8"></datashop>
</feature>
<feature><id_feature><![CDATA[13]]></id_feature>
<position><![CDATA[14]]></position>
<datalanguage iso_code="ca" >
<name><![CDATA[Rétention de particules]]></name>
</datalanguage>
<datalanguage iso_code="de" >
<name><![CDATA[Rétention de particules]]></name>
</datalanguage>
<datalanguage iso_code="en" >
<name><![CDATA[Rétention de particules]]></name>
</datalanguage>
<datalanguage iso_code="es" >
<name><![CDATA[Rétention de particules]]></name>
</datalanguage>
<datalanguage iso_code="fr" default="1" >
<name><![CDATA[Rétention de particules]]></name>
</datalanguage>
<datalanguage iso_code="gb" >
<name><![CDATA[Rétention de particules]]></name>
</datalanguage>
<datalanguage iso_code="gl" >
<name><![CDATA[Rétention de particules]]></name>
</datalanguage>
<datalanguage iso_code="it" >
<name><![CDATA[Rétention de particules]]></name>
</datalanguage>
<datashop id_shop="1"></datashop>
<datashop id_shop="2"></datashop>
<datashop id_shop="3"></datashop>
<datashop id_shop="4"></datashop>
<datashop id_shop="5"></datashop>
<datashop id_shop="6"></datashop>
<datashop id_shop="7"></datashop>
<datashop id_shop="8"></datashop>
</feature>
<feature><id_feature><![CDATA[14]]></id_feature>
<position><![CDATA[15]]></position>
<datalanguage iso_code="ca" >
<name><![CDATA[Cartouche]]></name>
</datalanguage>
<datalanguage iso_code="de" >
<name><![CDATA[Cartouche]]></name>
</datalanguage>
<datalanguage iso_code="en" >
<name><![CDATA[Cartouche]]></name>
</datalanguage>
<datalanguage iso_code="es" >
<name><![CDATA[Cartouche]]></name>
</datalanguage>
<datalanguage iso_code="fr" default="1" >
<name><![CDATA[Cartouche]]></name>
</datalanguage>
<datalanguage iso_code="gb" >
<name><![CDATA[Cartouche]]></name>
</datalanguage>
<datalanguage iso_code="gl" >
<name><![CDATA[Cartouche]]></name>
</datalanguage>
<datalanguage iso_code="it" >
<name><![CDATA[Cartouche]]></name>
</datalanguage>
<datashop id_shop="1"></datashop>
<datashop id_shop="2"></datashop>
<datashop id_shop="3"></datashop>
<datashop id_shop="4"></datashop>
<datashop id_shop="5"></datashop>
<datashop id_shop="6"></datashop>
<datashop id_shop="7"></datashop>
<datashop id_shop="8"></datashop>
</feature>
<feature><id_feature><![CDATA[15]]></id_feature>
<position><![CDATA[16]]></position>
<datalanguage iso_code="ca" >
<name><![CDATA[Compatibilité]]></name>
</datalanguage>
<datalanguage iso_code="de" >
<name><![CDATA[Purificateur]]></name>
</datalanguage>
<datalanguage iso_code="en" >
<name><![CDATA[Purificateur]]></name>
</datalanguage>
<datalanguage iso_code="es" >
<name><![CDATA[Purificateur]]></name>
</datalanguage>
<datalanguage iso_code="fr" default="1" >
<name><![CDATA[Compatibilité]]></name>
</datalanguage>
<datalanguage iso_code="gb" >
<name><![CDATA[Purificateur]]></name>
</datalanguage>
<datalanguage iso_code="gl" >
<name><![CDATA[Compatibilité]]></name>
</datalanguage>
<datalanguage iso_code="it" >
<name><![CDATA[Purificateur]]></name>
</datalanguage>
<datashop id_shop="1"></datashop>
<datashop id_shop="2"></datashop>
<datashop id_shop="3"></datashop>
<datashop id_shop="4"></datashop>
<datashop id_shop="5"></datashop>
<datashop id_shop="6"></datashop>
<datashop id_shop="7"></datashop>
<datashop id_shop="8"></datashop>
</feature>
<feature><id_feature><![CDATA[16]]></id_feature>
<position><![CDATA[1]]></position>
<datalanguage iso_code="ca" >
<name><![CDATA[Efficacité]]></name>
</datalanguage>
<datalanguage iso_code="de" >
<name><![CDATA[Efficacité]]></name>
</datalanguage>
<datalanguage iso_code="en" >
<name><![CDATA[Efficacité]]></name>
</datalanguage>
<datalanguage iso_code="es" >
<name><![CDATA[Efficacité]]></name>
</datalanguage>
<datalanguage iso_code="fr" default="1" >
<name><![CDATA[Efficacité]]></name>
</datalanguage>
<datalanguage iso_code="gb" >
<name><![CDATA[Efficacité]]></name>
</datalanguage>
<datalanguage iso_code="gl" >
<name><![CDATA[Efficacité]]></name>
</datalanguage>
<datalanguage iso_code="it" >
<name><![CDATA[Efficacité]]></name>
</datalanguage>
<datashop id_shop="1"></datashop>
<datashop id_shop="2"></datashop>
<datashop id_shop="3"></datashop>
<datashop id_shop="4"></datashop>
<datashop id_shop="5"></datashop>
<datashop id_shop="6"></datashop>
<datashop id_shop="7"></datashop>
<datashop id_shop="8"></datashop>
</feature>
<feature><id_feature><![CDATA[17]]></id_feature>
<position><![CDATA[17]]></position>
<datalanguage iso_code="ca" >
<name><![CDATA[Raccords]]></name>
</datalanguage>
<datalanguage iso_code="de" >
<name><![CDATA[Raccords]]></name>
</datalanguage>
<datalanguage iso_code="en" >
<name><![CDATA[Raccords]]></name>
</datalanguage>
<datalanguage iso_code="es" >
<name><![CDATA[Raccords]]></name>
</datalanguage>
<datalanguage iso_code="fr" default="1" >
<name><![CDATA[Raccords]]></name>
</datalanguage>
<datalanguage iso_code="gb" >
<name><![CDATA[Raccords]]></name>
</datalanguage>
<datalanguage iso_code="gl" >
<name><![CDATA[Raccords]]></name>
</datalanguage>
<datalanguage iso_code="it" >
<name><![CDATA[Raccords]]></name>
</datalanguage>
<datashop id_shop="1"></datashop>
<datashop id_shop="2"></datashop>
<datashop id_shop="3"></datashop>
<datashop id_shop="4"></datashop>
<datashop id_shop="5"></datashop>
<datashop id_shop="6"></datashop>
<datashop id_shop="7"></datashop>
<datashop id_shop="8"></datashop>
</feature>
<feature><id_feature><![CDATA[18]]></id_feature>
<position><![CDATA[18]]></position>
<datalanguage iso_code="ca" >
<name><![CDATA[Puissance de Réfrigération]]></name>
</datalanguage>
<datalanguage iso_code="de" >
<name><![CDATA[Puissance de Réfrigération]]></name>
</datalanguage>
<datalanguage iso_code="en" >
<name><![CDATA[Puissance de Réfrigération]]></name>
</datalanguage>
<datalanguage iso_code="es" >
<name><![CDATA[Puissance de Réfrigération]]></name>
</datalanguage>
<datalanguage iso_code="fr" default="1" >
<name><![CDATA[Puissance de Réfrigération]]></name>
</datalanguage>
<datalanguage iso_code="gb" >
<name><![CDATA[Puissance de Réfrigération]]></name>
</datalanguage>
<datalanguage iso_code="gl" >
<name><![CDATA[Puissance de Réfrigération]]></name>
</datalanguage>
<datalanguage iso_code="it" >
<name><![CDATA[Puissance de Réfrigération]]></name>
</datalanguage>
<datashop id_shop="1"></datashop>
<datashop id_shop="2"></datashop>
<datashop id_shop="3"></datashop>
<datashop id_shop="4"></datashop>
<datashop id_shop="5"></datashop>
<datashop id_shop="6"></datashop>
<datashop id_shop="7"></datashop>
<datashop id_shop="8"></datashop>
</feature>
<feature><id_feature><![CDATA[19]]></id_feature>
<position><![CDATA[19]]></position>
<datalanguage iso_code="ca" >
<name><![CDATA[Consommation Electrique ]]></name>
</datalanguage>
<datalanguage iso_code="de" >
<name><![CDATA[Consommation Electrique ]]></name>
</datalanguage>
<datalanguage iso_code="en" >
<name><![CDATA[Consommation Electrique ]]></name>
</datalanguage>
<datalanguage iso_code="es" >
<name><![CDATA[Consommation Electrique ]]></name>
</datalanguage>
<datalanguage iso_code="fr" default="1" >
<name><![CDATA[Consommation Electrique ]]></name>
</datalanguage>
<datalanguage iso_code="gb" >
<name><![CDATA[Consommation Electrique ]]></name>
</datalanguage>
<datalanguage iso_code="gl" >
<name><![CDATA[Consommation Electrique ]]></name>
</datalanguage>
<datalanguage iso_code="it" >
<name><![CDATA[Consommation Electrique ]]></name>
</datalanguage>
<datashop id_shop="1"></datashop>
<datashop id_shop="2"></datashop>
<datashop id_shop="3"></datashop>
<datashop id_shop="4"></datashop>
<datashop id_shop="5"></datashop>
<datashop id_shop="6"></datashop>
<datashop id_shop="7"></datashop>
<datashop id_shop="8"></datashop>
</feature>
<feature><id_feature><![CDATA[20]]></id_feature>
<position><![CDATA[20]]></position>
<datalanguage iso_code="ca" >
<name><![CDATA[Intensité Electrique]]></name>
</datalanguage>
<datalanguage iso_code="de" >
<name><![CDATA[Intensité Electrique]]></name>
</datalanguage>
<datalanguage iso_code="en" >
<name><![CDATA[Intensité Electrique]]></name>
</datalanguage>
<datalanguage iso_code="es" >
<name><![CDATA[Intensité Electrique]]></name>
</datalanguage>
<datalanguage iso_code="fr" default="1" >
<name><![CDATA[Intensité Electrique]]></name>
</datalanguage>
<datalanguage iso_code="gb" >
<name><![CDATA[Intensité Electrique]]></name>
</datalanguage>
<datalanguage iso_code="gl" >
<name><![CDATA[Intensité Electrique]]></name>
</datalanguage>
<datalanguage iso_code="it" >
<name><![CDATA[Intensité Electrique]]></name>
</datalanguage>
<datashop id_shop="1"></datashop>
<datashop id_shop="2"></datashop>
<datashop id_shop="3"></datashop>
<datashop id_shop="4"></datashop>
<datashop id_shop="5"></datashop>
<datashop id_shop="6"></datashop>
<datashop id_shop="7"></datashop>
<datashop id_shop="8"></datashop>
</feature>
<feature><id_feature><![CDATA[21]]></id_feature>
<position><![CDATA[21]]></position>
<datalanguage iso_code="ca" >
<name><![CDATA[Capacité de Réfrigération]]></name>
</datalanguage>
<datalanguage iso_code="de" >
<name><![CDATA[Capacité de Réfrigération]]></name>
</datalanguage>
<datalanguage iso_code="en" >
<name><![CDATA[Capacité de Réfrigération]]></name>
</datalanguage>
<datalanguage iso_code="es" >
<name><![CDATA[Capacité de Réfrigération]]></name>
</datalanguage>
<datalanguage iso_code="fr" default="1" >
<name><![CDATA[Capacité de Réfrigération]]></name>
</datalanguage>
<datalanguage iso_code="gb" >
<name><![CDATA[Capacité de Réfrigération]]></name>
</datalanguage>
<datalanguage iso_code="gl" >
<name><![CDATA[Capacité de Réfrigération]]></name>
</datalanguage>
<datalanguage iso_code="it" >
<name><![CDATA[Capacité de Réfrigération]]></name>
</datalanguage>
<datashop id_shop="1"></datashop>
<datashop id_shop="2"></datashop>
<datashop id_shop="3"></datashop>
<datashop id_shop="4"></datashop>
<datashop id_shop="5"></datashop>
<datashop id_shop="6"></datashop>
<datashop id_shop="7"></datashop>
<datashop id_shop="8"></datashop>
</feature>
<feature><id_feature><![CDATA[22]]></id_feature>
<position><![CDATA[22]]></position>
<datalanguage iso_code="ca" >
<name><![CDATA[Température Eau Chaude (réglable)]]></name>
</datalanguage>
<datalanguage iso_code="de" >
<name><![CDATA[Température Eau Chaude (réglable)]]></name>
</datalanguage>
<datalanguage iso_code="en" >
<name><![CDATA[Température Eau Chaude (réglable)]]></name>
</datalanguage>
<datalanguage iso_code="es" >
<name><![CDATA[Température Eau Chaude (réglable)]]></name>
</datalanguage>
<datalanguage iso_code="fr" default="1" >
<name><![CDATA[Température Eau Chaude (réglable)]]></name>
</datalanguage>
<datalanguage iso_code="gb" >
<name><![CDATA[Température Eau Chaude (réglable)]]></name>
</datalanguage>
<datalanguage iso_code="gl" >
<name><![CDATA[Température Eau Chaude (réglable)]]></name>
</datalanguage>
<datalanguage iso_code="it" >
<name><![CDATA[Température Eau Chaude (réglable)]]></name>
</datalanguage>
<datashop id_shop="1"></datashop>
<datashop id_shop="2"></datashop>
<datashop id_shop="3"></datashop>
<datashop id_shop="4"></datashop>
<datashop id_shop="5"></datashop>
<datashop id_shop="6"></datashop>
<datashop id_shop="7"></datashop>
<datashop id_shop="8"></datashop>
</feature>
<feature><id_feature><![CDATA[23]]></id_feature>
<position><![CDATA[23]]></position>
<datalanguage iso_code="ca" >
<name><![CDATA[Température Eau Fraîche (réglable)]]></name>
</datalanguage>
<datalanguage iso_code="de" >
<name><![CDATA[Température Eau Fraîche (réglable)]]></name>
</datalanguage>
<datalanguage iso_code="en" >
<name><![CDATA[Température Eau Fraîche (réglable)]]></name>
</datalanguage>
<datalanguage iso_code="es" >
<name><![CDATA[Température Eau Fraîche (réglable)]]></name>
</datalanguage>
<datalanguage iso_code="fr" default="1" >
<name><![CDATA[Température Eau Fraîche (réglable)]]></name>
</datalanguage>
<datalanguage iso_code="gb" >
<name><![CDATA[Température Eau Fraîche (réglable)]]></name>
</datalanguage>
<datalanguage iso_code="gl" >
<name><![CDATA[Température Eau Fraîche (réglable)]]></name>
</datalanguage>
<datalanguage iso_code="it" >
<name><![CDATA[Température Eau Fraîche (réglable)]]></name>
</datalanguage>
<datashop id_shop="1"></datashop>
<datashop id_shop="2"></datashop>
<datashop id_shop="3"></datashop>
<datashop id_shop="4"></datashop>
<datashop id_shop="5"></datashop>
<datashop id_shop="6"></datashop>
<datashop id_shop="7"></datashop>
<datashop id_shop="8"></datashop>
</feature>
<feature><id_feature><![CDATA[24]]></id_feature>
<position><![CDATA[24]]></position>
<datalanguage iso_code="ca" >
<name><![CDATA[Puissance Magnétique]]></name>
</datalanguage>
<datalanguage iso_code="de" >
<name><![CDATA[Puissance Magnétique]]></name>
</datalanguage>
<datalanguage iso_code="en" >
<name><![CDATA[Puissance Magnétique]]></name>
</datalanguage>
<datalanguage iso_code="es" >
<name><![CDATA[Puissance Magnétique]]></name>
</datalanguage>
<datalanguage iso_code="fr" default="1" >
<name><![CDATA[Puissance Magnétique]]></name>
</datalanguage>
<datalanguage iso_code="gb" >
<name><![CDATA[Puissance Magnétique]]></name>
</datalanguage>
<datalanguage iso_code="gl" >
<name><![CDATA[Puissance Magnétique]]></name>
</datalanguage>
<datalanguage iso_code="it" >
<name><![CDATA[Puissance Magnétique]]></name>
</datalanguage>
<datashop id_shop="1"></datashop>
<datashop id_shop="2"></datashop>
<datashop id_shop="3"></datashop>
<datashop id_shop="4"></datashop>
<datashop id_shop="5"></datashop>
<datashop id_shop="6"></datashop>
<datashop id_shop="7"></datashop>
<datashop id_shop="8"></datashop>
</feature>
<feature><id_feature><![CDATA[25]]></id_feature>
<position><![CDATA[25]]></position>
<datalanguage iso_code="ca" >
<name><![CDATA[Capacité de Chauffe]]></name>
</datalanguage>
<datalanguage iso_code="de" >
<name><![CDATA[Capacité de chauffe]]></name>
</datalanguage>
<datalanguage iso_code="en" >
<name><![CDATA[Capacité de chauffe]]></name>
</datalanguage>
<datalanguage iso_code="es" >
<name><![CDATA[Capacité de chauffe]]></name>
</datalanguage>
<datalanguage iso_code="fr" default="1" >
<name><![CDATA[Capacité de Chauffe]]></name>
</datalanguage>
<datalanguage iso_code="gb" >
<name><![CDATA[Capacité de chauffe]]></name>
</datalanguage>
<datalanguage iso_code="gl" >
<name><![CDATA[Capacité de Chauffe]]></name>
</datalanguage>
<datalanguage iso_code="it" >
<name><![CDATA[Capacité de chauffe]]></name>
</datalanguage>
<datashop id_shop="1"></datashop>
<datashop id_shop="2"></datashop>
<datashop id_shop="3"></datashop>
<datashop id_shop="4"></datashop>
<datashop id_shop="5"></datashop>
<datashop id_shop="6"></datashop>
<datashop id_shop="7"></datashop>
<datashop id_shop="8"></datashop>
</feature>
</entity_profile>
