<?xml version="1.0" encoding="UTF-8"?>
<entity_profile>
<feature_product><id_feature><![CDATA[16]]></id_feature>
<id_product><![CDATA[137]]></id_product>
<id_feature_value><![CDATA[423]]></id_feature_value>
<position><![CDATA[4]]></position>
</feature_product>
<feature_product><id_feature><![CDATA[16]]></id_feature>
<id_product><![CDATA[137]]></id_product>
<id_feature_value><![CDATA[424]]></id_feature_value>
<position><![CDATA[5]]></position>
</feature_product>
<feature_product><id_feature><![CDATA[16]]></id_feature>
<id_product><![CDATA[137]]></id_product>
<id_feature_value><![CDATA[425]]></id_feature_value>
<position><![CDATA[6]]></position>
</feature_product>
<feature_product><id_feature><![CDATA[16]]></id_feature>
<id_product><![CDATA[137]]></id_product>
<id_feature_value><![CDATA[426]]></id_feature_value>
<position><![CDATA[7]]></position>
</feature_product>
<feature_product><id_feature><![CDATA[16]]></id_feature>
<id_product><![CDATA[137]]></id_product>
<id_feature_value><![CDATA[427]]></id_feature_value>
<position><![CDATA[8]]></position>
</feature_product>
<feature_product><id_feature><![CDATA[16]]></id_feature>
<id_product><![CDATA[137]]></id_product>
<id_feature_value><![CDATA[428]]></id_feature_value>
<position><![CDATA[9]]></position>
</feature_product>
<feature_product><id_feature><![CDATA[16]]></id_feature>
<id_product><![CDATA[137]]></id_product>
<id_feature_value><![CDATA[429]]></id_feature_value>
<position><![CDATA[10]]></position>
</feature_product>
<feature_product><id_feature><![CDATA[16]]></id_feature>
<id_product><![CDATA[137]]></id_product>
<id_feature_value><![CDATA[430]]></id_feature_value>
<position><![CDATA[11]]></position>
</feature_product>
<feature_product><id_feature><![CDATA[16]]></id_feature>
<id_product><![CDATA[137]]></id_product>
<id_feature_value><![CDATA[431]]></id_feature_value>
<position><![CDATA[12]]></position>
</feature_product>
<feature_product><id_feature><![CDATA[16]]></id_feature>
<id_product><![CDATA[137]]></id_product>
<id_feature_value><![CDATA[432]]></id_feature_value>
<position><![CDATA[13]]></position>
</feature_product>
<feature_product><id_feature><![CDATA[4]]></id_feature>
<id_product><![CDATA[137]]></id_product>
<id_feature_value><![CDATA[6055]]></id_feature_value>
<position><![CDATA[0]]></position>
</feature_product>
<feature_product><id_feature><![CDATA[6]]></id_feature>
<id_product><![CDATA[137]]></id_product>
<id_feature_value><![CDATA[6056]]></id_feature_value>
<position><![CDATA[0]]></position>
</feature_product>
<feature_product><id_feature><![CDATA[9]]></id_feature>
<id_product><![CDATA[137]]></id_product>
<id_feature_value><![CDATA[27]]></id_feature_value>
<position><![CDATA[0]]></position>
</feature_product>
<feature_product><id_feature><![CDATA[14]]></id_feature>
<id_product><![CDATA[137]]></id_product>
<id_feature_value><![CDATA[6057]]></id_feature_value>
<position><![CDATA[0]]></position>
</feature_product>
<feature_product><id_feature><![CDATA[18]]></id_feature>
<id_product><![CDATA[137]]></id_product>
<id_feature_value><![CDATA[6058]]></id_feature_value>
<position><![CDATA[0]]></position>
</feature_product>
<feature_product><id_feature><![CDATA[19]]></id_feature>
<id_product><![CDATA[137]]></id_product>
<id_feature_value><![CDATA[6059]]></id_feature_value>
<position><![CDATA[0]]></position>
</feature_product>
<feature_product><id_feature><![CDATA[20]]></id_feature>
<id_product><![CDATA[137]]></id_product>
<id_feature_value><![CDATA[6060]]></id_feature_value>
<position><![CDATA[0]]></position>
</feature_product>
<feature_product><id_feature><![CDATA[21]]></id_feature>
<id_product><![CDATA[137]]></id_product>
<id_feature_value><![CDATA[6061]]></id_feature_value>
<position><![CDATA[0]]></position>
</feature_product>
<feature_product><id_feature><![CDATA[23]]></id_feature>
<id_product><![CDATA[137]]></id_product>
<id_feature_value><![CDATA[6062]]></id_feature_value>
<position><![CDATA[0]]></position>
</feature_product>
<feature_product><id_feature><![CDATA[16]]></id_feature>
<id_product><![CDATA[102]]></id_product>
<id_feature_value><![CDATA[395]]></id_feature_value>
<position><![CDATA[0]]></position>
</feature_product>
<feature_product><id_feature><![CDATA[16]]></id_feature>
<id_product><![CDATA[102]]></id_product>
<id_feature_value><![CDATA[396]]></id_feature_value>
<position><![CDATA[1]]></position>
</feature_product>
<feature_product><id_feature><![CDATA[16]]></id_feature>
<id_product><![CDATA[102]]></id_product>
<id_feature_value><![CDATA[406]]></id_feature_value>
<position><![CDATA[2]]></position>
</feature_product>
<feature_product><id_feature><![CDATA[16]]></id_feature>
<id_product><![CDATA[102]]></id_product>
<id_feature_value><![CDATA[407]]></id_feature_value>
<position><![CDATA[3]]></position>
</feature_product>
<feature_product><id_feature><![CDATA[16]]></id_feature>
<id_product><![CDATA[102]]></id_product>
<id_feature_value><![CDATA[423]]></id_feature_value>
<position><![CDATA[4]]></position>
</feature_product>
<feature_product><id_feature><![CDATA[16]]></id_feature>
<id_product><![CDATA[102]]></id_product>
<id_feature_value><![CDATA[424]]></id_feature_value>
<position><![CDATA[5]]></position>
</feature_product>
<feature_product><id_feature><![CDATA[16]]></id_feature>
<id_product><![CDATA[102]]></id_product>
<id_feature_value><![CDATA[425]]></id_feature_value>
<position><![CDATA[6]]></position>
</feature_product>
<feature_product><id_feature><![CDATA[16]]></id_feature>
<id_product><![CDATA[102]]></id_product>
<id_feature_value><![CDATA[426]]></id_feature_value>
<position><![CDATA[7]]></position>
</feature_product>
<feature_product><id_feature><![CDATA[16]]></id_feature>
<id_product><![CDATA[102]]></id_product>
<id_feature_value><![CDATA[427]]></id_feature_value>
<position><![CDATA[8]]></position>
</feature_product>
<feature_product><id_feature><![CDATA[16]]></id_feature>
<id_product><![CDATA[102]]></id_product>
<id_feature_value><![CDATA[428]]></id_feature_value>
<position><![CDATA[9]]></position>
</feature_product>
<feature_product><id_feature><![CDATA[16]]></id_feature>
<id_product><![CDATA[102]]></id_product>
<id_feature_value><![CDATA[429]]></id_feature_value>
<position><![CDATA[10]]></position>
</feature_product>
<feature_product><id_feature><![CDATA[16]]></id_feature>
<id_product><![CDATA[102]]></id_product>
<id_feature_value><![CDATA[430]]></id_feature_value>
<position><![CDATA[11]]></position>
</feature_product>
<feature_product><id_feature><![CDATA[16]]></id_feature>
<id_product><![CDATA[102]]></id_product>
<id_feature_value><![CDATA[431]]></id_feature_value>
<position><![CDATA[12]]></position>
</feature_product>
<feature_product><id_feature><![CDATA[16]]></id_feature>
<id_product><![CDATA[102]]></id_product>
<id_feature_value><![CDATA[432]]></id_feature_value>
<position><![CDATA[13]]></position>
</feature_product>
<feature_product><id_feature><![CDATA[4]]></id_feature>
<id_product><![CDATA[102]]></id_product>
<id_feature_value><![CDATA[6162]]></id_feature_value>
<position><![CDATA[0]]></position>
</feature_product>
<feature_product><id_feature><![CDATA[6]]></id_feature>
<id_product><![CDATA[102]]></id_product>
<id_feature_value><![CDATA[6163]]></id_feature_value>
<position><![CDATA[0]]></position>
</feature_product>
<feature_product><id_feature><![CDATA[9]]></id_feature>
<id_product><![CDATA[102]]></id_product>
<id_feature_value><![CDATA[27]]></id_feature_value>
<position><![CDATA[0]]></position>
</feature_product>
<feature_product><id_feature><![CDATA[13]]></id_feature>
<id_product><![CDATA[102]]></id_product>
<id_feature_value><![CDATA[6164]]></id_feature_value>
<position><![CDATA[0]]></position>
</feature_product>
<feature_product><id_feature><![CDATA[14]]></id_feature>
<id_product><![CDATA[102]]></id_product>
<id_feature_value><![CDATA[6165]]></id_feature_value>
<position><![CDATA[0]]></position>
</feature_product>
<feature_product><id_feature><![CDATA[18]]></id_feature>
<id_product><![CDATA[102]]></id_product>
<id_feature_value><![CDATA[6166]]></id_feature_value>
<position><![CDATA[0]]></position>
</feature_product>
<feature_product><id_feature><![CDATA[19]]></id_feature>
<id_product><![CDATA[102]]></id_product>
<id_feature_value><![CDATA[6167]]></id_feature_value>
<position><![CDATA[0]]></position>
</feature_product>
<feature_product><id_feature><![CDATA[20]]></id_feature>
<id_product><![CDATA[102]]></id_product>
<id_feature_value><![CDATA[6168]]></id_feature_value>
<position><![CDATA[0]]></position>
</feature_product>
<feature_product><id_feature><![CDATA[21]]></id_feature>
<id_product><![CDATA[102]]></id_product>
<id_feature_value><![CDATA[6169]]></id_feature_value>
<position><![CDATA[0]]></position>
</feature_product>
<feature_product><id_feature><![CDATA[23]]></id_feature>
<id_product><![CDATA[102]]></id_product>
<id_feature_value><![CDATA[6170]]></id_feature_value>
<position><![CDATA[0]]></position>
</feature_product>
</entity_profile>
