<?xml version="1.0" encoding="UTF-8"?>
<entity_profile>
<group><id_group><![CDATA[1]]></id_group>
<reduction><![CDATA[0.00]]></reduction>
<price_display_method><![CDATA[0]]></price_display_method>
<show_prices><![CDATA[1]]></show_prices>
<date_add><![CDATA[2012-01-31 21:51:39]]></date_add>
<date_upd><![CDATA[2016-02-02 09:39:12]]></date_upd>
<customer_group><![CDATA[1]]></customer_group>
<datalanguage iso_code="ca" >
<name><![CDATA[Défaut]]></name>
</datalanguage>
<datalanguage iso_code="de" >
<name><![CDATA[Default]]></name>
</datalanguage>
<datalanguage iso_code="en" >
<name><![CDATA[Défaut]]></name>
</datalanguage>
<datalanguage iso_code="es" >
<name><![CDATA[Predeterminado]]></name>
</datalanguage>
<datalanguage iso_code="fr" default="1" >
<name><![CDATA[Défaut]]></name>
</datalanguage>
<datalanguage iso_code="gb" >
<name><![CDATA[Défaut]]></name>
</datalanguage>
<datalanguage iso_code="gl" >
<name><![CDATA[Défaut]]></name>
</datalanguage>
<datalanguage iso_code="it" >
<name><![CDATA[Default]]></name>
</datalanguage>
<datashop id_shop="1"></datashop>
<datashop id_shop="2"></datashop>
<datashop id_shop="3"></datashop>
<datashop id_shop="4"></datashop>
<datashop id_shop="5"></datashop>
<datashop id_shop="6"></datashop>
<datashop id_shop="7"></datashop>
<datashop id_shop="8"></datashop>
</group>
<group><id_group><![CDATA[2]]></id_group>
<reduction><![CDATA[0.00]]></reduction>
<price_display_method><![CDATA[0]]></price_display_method>
<show_prices><![CDATA[1]]></show_prices>
<date_add><![CDATA[2012-12-08 14:40:36]]></date_add>
<date_upd><![CDATA[2018-01-12 14:13:50]]></date_upd>
<datalanguage iso_code="ca" >
<name><![CDATA[AquaPure]]></name>
</datalanguage>
<datalanguage iso_code="de" >
<name><![CDATA[AquaPure]]></name>
</datalanguage>
<datalanguage iso_code="en" >
<name><![CDATA[AquaPure]]></name>
</datalanguage>
<datalanguage iso_code="es" >
<name><![CDATA[AquaPure]]></name>
</datalanguage>
<datalanguage iso_code="fr" default="1" >
<name><![CDATA[AquaPure]]></name>
</datalanguage>
<datalanguage iso_code="gb" >
<name><![CDATA[AquaPure]]></name>
</datalanguage>
<datalanguage iso_code="gl" >
<name><![CDATA[AquaPure]]></name>
</datalanguage>
<datalanguage iso_code="it" >
<name><![CDATA[AquaPure]]></name>
</datalanguage>
<datashop id_shop="1"></datashop>
<datashop id_shop="2"></datashop>
<datashop id_shop="3"></datashop>
<datashop id_shop="4"></datashop>
<datashop id_shop="5"></datashop>
<datashop id_shop="6"></datashop>
<datashop id_shop="7"></datashop>
<datashop id_shop="8"></datashop>
</group>
<group><id_group><![CDATA[3]]></id_group>
<reduction><![CDATA[0.00]]></reduction>
<price_display_method><![CDATA[0]]></price_display_method>
<show_prices><![CDATA[1]]></show_prices>
<date_add><![CDATA[2013-08-13 14:25:10]]></date_add>
<date_upd><![CDATA[2015-06-04 10:52:22]]></date_upd>
<visitor_group><![CDATA[1]]></visitor_group>
<datalanguage iso_code="ca" >
<name><![CDATA[Visiteur]]></name>
</datalanguage>
<datalanguage iso_code="de" >
<name><![CDATA[Visitor]]></name>
</datalanguage>
<datalanguage iso_code="en" >
<name><![CDATA[Visiteur]]></name>
</datalanguage>
<datalanguage iso_code="es" >
<name><![CDATA[Visitor]]></name>
</datalanguage>
<datalanguage iso_code="fr" default="1" >
<name><![CDATA[Visiteur]]></name>
</datalanguage>
<datalanguage iso_code="gb" >
<name><![CDATA[Visiteur]]></name>
</datalanguage>
<datalanguage iso_code="gl" >
<name><![CDATA[Visiteur]]></name>
</datalanguage>
<datalanguage iso_code="it" >
<name><![CDATA[Visitor]]></name>
</datalanguage>
<datashop id_shop="1"></datashop>
<datashop id_shop="2"></datashop>
<datashop id_shop="3"></datashop>
<datashop id_shop="4"></datashop>
<datashop id_shop="5"></datashop>
<datashop id_shop="6"></datashop>
<datashop id_shop="7"></datashop>
<datashop id_shop="8"></datashop>
</group>
<group><id_group><![CDATA[4]]></id_group>
<reduction><![CDATA[0.00]]></reduction>
<price_display_method><![CDATA[0]]></price_display_method>
<show_prices><![CDATA[1]]></show_prices>
<date_add><![CDATA[2013-08-13 14:25:10]]></date_add>
<date_upd><![CDATA[2015-06-04 10:54:58]]></date_upd>
<guest_group><![CDATA[1]]></guest_group>
<datalanguage iso_code="ca" >
<name><![CDATA[Invité]]></name>
</datalanguage>
<datalanguage iso_code="de" >
<name><![CDATA[Guest]]></name>
</datalanguage>
<datalanguage iso_code="en" >
<name><![CDATA[Invité]]></name>
</datalanguage>
<datalanguage iso_code="es" >
<name><![CDATA[Guest]]></name>
</datalanguage>
<datalanguage iso_code="fr" default="1" >
<name><![CDATA[Invité]]></name>
</datalanguage>
<datalanguage iso_code="gb" >
<name><![CDATA[Invité]]></name>
</datalanguage>
<datalanguage iso_code="gl" >
<name><![CDATA[Invité]]></name>
</datalanguage>
<datalanguage iso_code="it" >
<name><![CDATA[Guest]]></name>
</datalanguage>
<datashop id_shop="1"></datashop>
<datashop id_shop="2"></datashop>
<datashop id_shop="3"></datashop>
<datashop id_shop="4"></datashop>
<datashop id_shop="5"></datashop>
<datashop id_shop="6"></datashop>
<datashop id_shop="7"></datashop>
<datashop id_shop="8"></datashop>
</group>
<group><id_group><![CDATA[5]]></id_group>
<reduction><![CDATA[0.00]]></reduction>
<price_display_method><![CDATA[1]]></price_display_method>
<show_prices><![CDATA[1]]></show_prices>
<date_add><![CDATA[2013-09-27 13:39:49]]></date_add>
<date_upd><![CDATA[2015-06-04 10:55:31]]></date_upd>
<datalanguage iso_code="ca" >
<name><![CDATA[EXPORT]]></name>
</datalanguage>
<datalanguage iso_code="de" >
<name><![CDATA[EXPORT]]></name>
</datalanguage>
<datalanguage iso_code="en" >
<name><![CDATA[EXPORT]]></name>
</datalanguage>
<datalanguage iso_code="es" >
<name><![CDATA[EXPORT]]></name>
</datalanguage>
<datalanguage iso_code="fr" default="1" >
<name><![CDATA[EXPORT]]></name>
</datalanguage>
<datalanguage iso_code="gb" >
<name><![CDATA[EXPORT]]></name>
</datalanguage>
<datalanguage iso_code="gl" >
<name><![CDATA[EXPORT]]></name>
</datalanguage>
<datalanguage iso_code="it" >
<name><![CDATA[EXPORT]]></name>
</datalanguage>
<datashop id_shop="1"></datashop>
<datashop id_shop="2"></datashop>
<datashop id_shop="3"></datashop>
<datashop id_shop="4"></datashop>
<datashop id_shop="5"></datashop>
<datashop id_shop="6"></datashop>
<datashop id_shop="7"></datashop>
<datashop id_shop="8"></datashop>
</group>
<group><id_group><![CDATA[6]]></id_group>
<reduction><![CDATA[0.00]]></reduction>
<price_display_method><![CDATA[0]]></price_display_method>
<show_prices><![CDATA[1]]></show_prices>
<date_add><![CDATA[2014-05-12 16:23:58]]></date_add>
<date_upd><![CDATA[2014-05-12 16:23:58]]></date_upd>
<datalanguage iso_code="ca" >
<name><![CDATA[AQUANETER]]></name>
</datalanguage>
<datalanguage iso_code="de" >
<name><![CDATA[AQUANETER]]></name>
</datalanguage>
<datalanguage iso_code="en" >
<name><![CDATA[AQUANETER]]></name>
</datalanguage>
<datalanguage iso_code="es" >
<name><![CDATA[AQUANETER]]></name>
</datalanguage>
<datalanguage iso_code="fr" default="1" >
<name><![CDATA[AQUANETER]]></name>
</datalanguage>
<datalanguage iso_code="gb" >
<name><![CDATA[AQUANETER]]></name>
</datalanguage>
<datalanguage iso_code="gl" >
<name><![CDATA[AQUANETER]]></name>
</datalanguage>
<datalanguage iso_code="it" >
<name><![CDATA[AQUANETER]]></name>
</datalanguage>
<datashop id_shop="2"></datashop>
</group>
<group><id_group><![CDATA[7]]></id_group>
<reduction><![CDATA[0.00]]></reduction>
<price_display_method><![CDATA[1]]></price_display_method>
<show_prices><![CDATA[1]]></show_prices>
<date_add><![CDATA[2015-06-04 20:29:11]]></date_add>
<date_upd><![CDATA[2017-06-01 16:23:56]]></date_upd>
<datalanguage iso_code="ca" >
<name><![CDATA[Professionnels]]></name>
</datalanguage>
<datalanguage iso_code="de" >
<name><![CDATA[Partenaires]]></name>
</datalanguage>
<datalanguage iso_code="en" >
<name><![CDATA[Partenaires]]></name>
</datalanguage>
<datalanguage iso_code="es" >
<name><![CDATA[Partenaires]]></name>
</datalanguage>
<datalanguage iso_code="fr" default="1" >
<name><![CDATA[Professionnels]]></name>
</datalanguage>
<datalanguage iso_code="gb" >
<name><![CDATA[Partenaires]]></name>
</datalanguage>
<datalanguage iso_code="gl" >
<name><![CDATA[Professionnels]]></name>
</datalanguage>
<datalanguage iso_code="it" >
<name><![CDATA[Partenaires]]></name>
</datalanguage>
<datashop id_shop="1"></datashop>
<datashop id_shop="2"></datashop>
<datashop id_shop="3"></datashop>
<datashop id_shop="4"></datashop>
<datashop id_shop="5"></datashop>
<datashop id_shop="6"></datashop>
<datashop id_shop="7"></datashop>
<datashop id_shop="8"></datashop>
</group>
<group><id_group><![CDATA[8]]></id_group>
<reduction><![CDATA[0.00]]></reduction>
<price_display_method><![CDATA[1]]></price_display_method>
<show_prices><![CDATA[1]]></show_prices>
<date_add><![CDATA[2015-07-08 14:50:06]]></date_add>
<date_upd><![CDATA[2016-10-13 10:25:31]]></date_upd>
<datalanguage iso_code="ca" >
<name><![CDATA[Partenaires]]></name>
</datalanguage>
<datalanguage iso_code="de" >
<name><![CDATA[Partenaires]]></name>
</datalanguage>
<datalanguage iso_code="en" >
<name><![CDATA[Partenaires]]></name>
</datalanguage>
<datalanguage iso_code="es" >
<name><![CDATA[Partenaires]]></name>
</datalanguage>
<datalanguage iso_code="fr" default="1" >
<name><![CDATA[Partenaires]]></name>
</datalanguage>
<datalanguage iso_code="gb" >
<name><![CDATA[Partenaires]]></name>
</datalanguage>
<datalanguage iso_code="gl" >
<name><![CDATA[Partenaires]]></name>
</datalanguage>
<datalanguage iso_code="it" >
<name><![CDATA[Partenaires]]></name>
</datalanguage>
<datashop id_shop="1"></datashop>
<datashop id_shop="2"></datashop>
<datashop id_shop="3"></datashop>
<datashop id_shop="4"></datashop>
<datashop id_shop="5"></datashop>
<datashop id_shop="6"></datashop>
<datashop id_shop="7"></datashop>
<datashop id_shop="8"></datashop>
</group>
<group><id_group><![CDATA[9]]></id_group>
<reduction><![CDATA[25.00]]></reduction>
<price_display_method><![CDATA[1]]></price_display_method>
<show_prices><![CDATA[1]]></show_prices>
<date_add><![CDATA[2016-10-13 10:25:55]]></date_add>
<date_upd><![CDATA[2017-09-07 10:06:43]]></date_upd>
<datalanguage iso_code="ca" >
<name><![CDATA[Distributeurs]]></name>
</datalanguage>
<datalanguage iso_code="de" >
<name><![CDATA[Distributeurs]]></name>
</datalanguage>
<datalanguage iso_code="en" >
<name><![CDATA[Distributeurs]]></name>
</datalanguage>
<datalanguage iso_code="es" >
<name><![CDATA[Distributeurs]]></name>
</datalanguage>
<datalanguage iso_code="fr" default="1" >
<name><![CDATA[Distributeurs]]></name>
</datalanguage>
<datalanguage iso_code="gb" >
<name><![CDATA[Distributeurs]]></name>
</datalanguage>
<datalanguage iso_code="gl" >
<name><![CDATA[Distributeurs]]></name>
</datalanguage>
<datalanguage iso_code="it" >
<name><![CDATA[Distributeurs]]></name>
</datalanguage>
<datashop id_shop="1"></datashop>
<datashop id_shop="2"></datashop>
<datashop id_shop="3"></datashop>
<datashop id_shop="4"></datashop>
<datashop id_shop="5"></datashop>
<datashop id_shop="6"></datashop>
<datashop id_shop="7"></datashop>
<datashop id_shop="8"></datashop>
</group>
<group><id_group><![CDATA[10]]></id_group>
<reduction><![CDATA[10.00]]></reduction>
<price_display_method><![CDATA[1]]></price_display_method>
<show_prices><![CDATA[1]]></show_prices>
<date_add><![CDATA[2019-02-21 16:55:19]]></date_add>
<date_upd><![CDATA[2019-02-21 16:55:19]]></date_upd>
<datalanguage iso_code="ca" >
<name><![CDATA[SHIPCHANDLER]]></name>
</datalanguage>
<datalanguage iso_code="de" >
<name><![CDATA[SHIPCHANDLER]]></name>
</datalanguage>
<datalanguage iso_code="en" >
<name><![CDATA[SHIPCHANDLER]]></name>
</datalanguage>
<datalanguage iso_code="es" >
<name><![CDATA[SHIPCHANDLER]]></name>
</datalanguage>
<datalanguage iso_code="fr" default="1" >
<name><![CDATA[SHIPCHANDLER]]></name>
</datalanguage>
<datalanguage iso_code="gb" >
<name><![CDATA[SHIPCHANDLER]]></name>
</datalanguage>
<datalanguage iso_code="gl" >
<name><![CDATA[SHIPCHANDLER]]></name>
</datalanguage>
<datalanguage iso_code="it" >
<name><![CDATA[SHIPCHANDLER]]></name>
</datalanguage>
<datashop id_shop="5"></datashop>
</group>
<group><id_group><![CDATA[11]]></id_group>
<reduction><![CDATA[0.00]]></reduction>
<price_display_method><![CDATA[1]]></price_display_method>
<show_prices><![CDATA[1]]></show_prices>
<date_add><![CDATA[2019-11-28 09:37:19]]></date_add>
<date_upd><![CDATA[2019-11-28 09:37:19]]></date_upd>
<datalanguage iso_code="ca" >
<name><![CDATA[Exonération TVA]]></name>
</datalanguage>
<datalanguage iso_code="de" >
<name><![CDATA[Exonération TVA]]></name>
</datalanguage>
<datalanguage iso_code="en" >
<name><![CDATA[Exonération TVA]]></name>
</datalanguage>
<datalanguage iso_code="es" >
<name><![CDATA[Exonération TVA]]></name>
</datalanguage>
<datalanguage iso_code="fr" default="1" >
<name><![CDATA[Exonération TVA]]></name>
</datalanguage>
<datalanguage iso_code="gb" >
<name><![CDATA[Exonération TVA]]></name>
</datalanguage>
<datalanguage iso_code="gl" >
<name><![CDATA[Exonération TVA]]></name>
</datalanguage>
<datalanguage iso_code="it" >
<name><![CDATA[Exonération TVA]]></name>
</datalanguage>
<datashop id_shop="1"></datashop>
<datashop id_shop="2"></datashop>
<datashop id_shop="3"></datashop>
<datashop id_shop="4"></datashop>
<datashop id_shop="5"></datashop>
<datashop id_shop="6"></datashop>
<datashop id_shop="7"></datashop>
<datashop id_shop="8"></datashop>
</group>
</entity_profile>
