<?xml version="1.0" encoding="UTF-8"?>
<entity_profile>
<lang><id_lang><![CDATA[2]]></id_lang>
<name><![CDATA[Français (French)]]></name>
<iso_code><![CDATA[fr]]></iso_code>
<language_code><![CDATA[fr-fr]]></language_code>
<active><![CDATA[1]]></active>
<is_rtl><![CDATA[0]]></is_rtl>
<date_format_lite><![CDATA[d/m/Y]]></date_format_lite>
<date_format_full><![CDATA[d/m/Y H:i:s]]></date_format_full>
</lang>
<lang><id_lang><![CDATA[3]]></id_lang>
<name><![CDATA[Español (Spanish)]]></name>
<iso_code><![CDATA[es]]></iso_code>
<language_code><![CDATA[es-es]]></language_code>
<active><![CDATA[0]]></active>
<is_rtl><![CDATA[0]]></is_rtl>
<date_format_lite><![CDATA[d/m/Y]]></date_format_lite>
<date_format_full><![CDATA[d/m/Y H:i:s]]></date_format_full>
</lang>
<lang><id_lang><![CDATA[4]]></id_lang>
<name><![CDATA[Deutsch (German)]]></name>
<iso_code><![CDATA[de]]></iso_code>
<language_code><![CDATA[de-de]]></language_code>
<active><![CDATA[0]]></active>
<is_rtl><![CDATA[0]]></is_rtl>
<date_format_lite><![CDATA[d.m.Y]]></date_format_lite>
<date_format_full><![CDATA[d.m.Y H:i:s]]></date_format_full>
</lang>
<lang><id_lang><![CDATA[5]]></id_lang>
<name><![CDATA[Italiano (Italian)]]></name>
<iso_code><![CDATA[it]]></iso_code>
<language_code><![CDATA[it-it]]></language_code>
<active><![CDATA[0]]></active>
<is_rtl><![CDATA[0]]></is_rtl>
<date_format_lite><![CDATA[d/m/Y]]></date_format_lite>
<date_format_full><![CDATA[d/m/Y H:i:s]]></date_format_full>
</lang>
<lang><id_lang><![CDATA[6]]></id_lang>
<name><![CDATA[English (United Kingdom)]]></name>
<iso_code><![CDATA[gb]]></iso_code>
<language_code><![CDATA[en-gb]]></language_code>
<active><![CDATA[0]]></active>
<is_rtl><![CDATA[0]]></is_rtl>
<date_format_lite><![CDATA[Y-m-d]]></date_format_lite>
<date_format_full><![CDATA[Y-m-d H:i:s]]></date_format_full>
</lang>
<lang><id_lang><![CDATA[7]]></id_lang>
<name><![CDATA[English (United States)]]></name>
<iso_code><![CDATA[en]]></iso_code>
<language_code><![CDATA[en-us]]></language_code>
<active><![CDATA[0]]></active>
<is_rtl><![CDATA[0]]></is_rtl>
<date_format_lite><![CDATA[Y-m-d]]></date_format_lite>
<date_format_full><![CDATA[Y-m-d H:i:s]]></date_format_full>
</lang>
<lang><id_lang><![CDATA[8]]></id_lang>
<name><![CDATA[Català (Catalan)]]></name>
<iso_code><![CDATA[ca]]></iso_code>
<language_code><![CDATA[ca-es]]></language_code>
<active><![CDATA[0]]></active>
<is_rtl><![CDATA[0]]></is_rtl>
<date_format_lite><![CDATA[d/m/Y]]></date_format_lite>
<date_format_full><![CDATA[Y-m-d H:i:s]]></date_format_full>
</lang>
<lang><id_lang><![CDATA[9]]></id_lang>
<name><![CDATA[Galego (Galician)]]></name>
<iso_code><![CDATA[gl]]></iso_code>
<language_code><![CDATA[gl-es]]></language_code>
<active><![CDATA[0]]></active>
<is_rtl><![CDATA[0]]></is_rtl>
<date_format_lite><![CDATA[Y-m-d]]></date_format_lite>
<date_format_full><![CDATA[Y-m-d H:i:s]]></date_format_full>
</lang>
</entity_profile>
