<?xml version="1.0" encoding="UTF-8"?>
<entity_profile>
<manufacturer><id_manufacturer><![CDATA[1]]></id_manufacturer>
<name><![CDATA[Apple Computer, Inc]]></name>
<active><![CDATA[1]]></active>
<date_add><![CDATA[2012-01-31 21:51:39]]></date_add>
<date_upd><![CDATA[2015-05-05 07:43:26]]></date_upd>
<link_image><![CDATA[https://3.0.aquapure.fr/img/m/1.jpg]]></link_image>
<datalanguage iso_code="ca" >
<description><![CDATA[<h3>AQUAPURE Home Water</h3>
<h4>L'eau la plus pure au quotidien...</h4>
<p>Chaque région se caractérise par des problématiques d’eau bien spécifiques : calcaire, pesticides, radioactivités, médicaments... Pour être toujours sûr de d’avoir l’eau la plus pure, notre gamme de purificateurs domestiques SEAGULL® IV s’adapte à votre mode de vie !</p>
<p>Laissez-nous vous aider à choisir le meilleur système qui vous donnera une qualité d’eau inégalable en toute circonstances...</p>
<h3>AQUAPURE Mobile Solution</h3>
<h4>L'eau la plus pure à portée de main !</h4>
<p>Lors de vos voyages, de vos déplacements ou des vos activités en plein air l’accessibilité à l’eau potable n’est pas systématique ou aisée. Grâce à notre série first need® de purificateurs portables l’eau pure est toujours accessible !</p>
<p>Ne laissez pas un soucis d’eau gâcher vos moments de loisirs ou vos voyages...</p>
<h3>AQUAPURE HydroMotion</h3>
<h4>Une reserve d'eau toujours pure.</h4>
<p>En camping-car comme en bateau, il est difficile de s’approvisionner en eau pure et de la conserver. Avec un système de filtration embarqué, vous disposerez d’une eau saine et savoureuse quelle que soit sa qualité initiale et la durée de sa conservation dans vos réservoirs.</p>
<p>Compacts et toujours aussi efficaces, les produits NATURE PURE® s’adaptent parfaitement aux installations à bord de vos véhicules de loisirs ou de transports collectifs. Associés au microfiltre DOCKSIDE lors du remplissage des réservoirs, ils vous assurent une eau parfaitement pure pour tous vos déplacements.</p>
<h3>AQUASPRING Water Dispensers</h3>
<h4>Votre source d'eau.</h4>
<p>Notre gamme de fontaines à eau combine élégance et peformance pour vous apportez une solution unique de distribution d'eau idéalement purifiée et instantanément chauffée, réfrigérée, tempérée ou même gazéifiée.</p>
<p>Par ailleurs, de nouvelles directives sanitaires visent à interdire le BPA et autres perturbateurs endocriniens dans les contenants alimentaires tels que les bonbonnes. Choississez le modèle le plus adaptée à vos locaux et disposez d'une eau de source sans contraintes. Votre image et votre sérénité sont optimales avec la gamme AQUASPRING !</p>
<h3>SMART BOTTLE Clever Water</h3>
<h4>L'eau la plus pure en bouteille !</h4>
<p>Par la satisfaction unanime de nos utilisateurs et notre renommé grandissante, le monde hotellier et les restaurateurs nous ont sollicité pour développer une solution adaptée à leur exigences professionelles. Après une rigoureuses etudes et une recherche appronfondie, nos équipes techniques ont conçu SMART BOTTLE qui rencontre rapidement un vif succès</p>
<p>D'une part, notre technologie inédite restitue infailliblement une qualité d'eau de source. D'autre part, nos accesoires, spécialement dévellopés pour ce nouveau concept offre 3 déclinaisons :</p>
<ul><li>L'eau la plus pure plate et fraiche</li>
<li>Une eau de souce pétillante</li>
<li>La limonade d'eau la plus pure.</li>
</ul><h3>AQUANET Clever Water</h3>
<h4>L'esprit réseau par AQUAPURE</h4>
<p>Suite à une sollicitation grandissante des professionels recommandant nos produits, nous avons mis en place une programme de parrainage avancé qui permet à nos partenaires de distribuer nos produits en toute simplicité !</p>
<p>L'accès privilégié à notre catalogue complet offre également de nombreux avantages étant le fidèle reflet de notre écoute attentives aux demandes.</p>
<h3>AQUAPURE Global Systems</h3>
<h4>Toutes attentes à sa solution</h4>
<p>Collectivités, hopitaux, écoles ou autres établissements sont de plus en plus confrontés à des problématiques nouvelles et tenaces. Toujours plus connu et pléblicité, nous sommes régulièrement consulté par ces organismes pour apporter notre expertise et savoir-faire à des projets de plus grande envergure.</p>
<p>Ces demandes étant de plus en plus régulières et nos réponses résolument pertinentes et satisfaisantes, nos avons constitué une cellule interne d'etude qui permet de développer et mettre en oeuvre la plupart des projets relatifs au traitement d'eau.</p>]]></description>
<short_description><![CDATA[]]></short_description>
<meta_title><![CDATA[]]></meta_title>
<meta_description><![CDATA[]]></meta_description>
<meta_keywords><![CDATA[]]></meta_keywords>
</datalanguage>
<datalanguage iso_code="de" >
<description><![CDATA[]]></description>
<short_description><![CDATA[]]></short_description>
<meta_title><![CDATA[]]></meta_title>
<meta_description><![CDATA[]]></meta_description>
<meta_keywords><![CDATA[]]></meta_keywords>
</datalanguage>
<datalanguage iso_code="en" >
<description><![CDATA[]]></description>
<short_description><![CDATA[]]></short_description>
<meta_title><![CDATA[]]></meta_title>
<meta_description><![CDATA[]]></meta_description>
<meta_keywords><![CDATA[]]></meta_keywords>
</datalanguage>
<datalanguage iso_code="es" >
<description><![CDATA[]]></description>
<short_description><![CDATA[]]></short_description>
<meta_title><![CDATA[]]></meta_title>
<meta_description><![CDATA[]]></meta_description>
<meta_keywords><![CDATA[]]></meta_keywords>
</datalanguage>
<datalanguage iso_code="fr" default="1" >
<description><![CDATA[<h3>AQUAPURE Home Water</h3>
<h4>L'eau la plus pure au quotidien...</h4>
<p>Chaque région se caractérise par des problématiques d’eau bien spécifiques : calcaire, pesticides, radioactivités, médicaments... Pour être toujours sûr de d’avoir l’eau la plus pure, notre gamme de purificateurs domestiques SEAGULL® IV s’adapte à votre mode de vie !</p>
<p>Laissez-nous vous aider à choisir le meilleur système qui vous donnera une qualité d’eau inégalable en toute circonstances...</p>
<h3>AQUAPURE Mobile Solution</h3>
<h4>L'eau la plus pure à portée de main !</h4>
<p>Lors de vos voyages, de vos déplacements ou des vos activités en plein air l’accessibilité à l’eau potable n’est pas systématique ou aisée. Grâce à notre série first need® de purificateurs portables l’eau pure est toujours accessible !</p>
<p>Ne laissez pas un soucis d’eau gâcher vos moments de loisirs ou vos voyages...</p>
<h3>AQUAPURE HydroMotion</h3>
<h4>Une reserve d'eau toujours pure.</h4>
<p>En camping-car comme en bateau, il est difficile de s’approvisionner en eau pure et de la conserver. Avec un système de filtration embarqué, vous disposerez d’une eau saine et savoureuse quelle que soit sa qualité initiale et la durée de sa conservation dans vos réservoirs.</p>
<p>Compacts et toujours aussi efficaces, les produits NATURE PURE® s’adaptent parfaitement aux installations à bord de vos véhicules de loisirs ou de transports collectifs. Associés au microfiltre DOCKSIDE lors du remplissage des réservoirs, ils vous assurent une eau parfaitement pure pour tous vos déplacements.</p>
<h3>AQUASPRING Water Dispensers</h3>
<h4>Votre source d'eau.</h4>
<p>Notre gamme de fontaines à eau combine élégance et peformance pour vous apportez une solution unique de distribution d'eau idéalement purifiée et instantanément chauffée, réfrigérée, tempérée ou même gazéifiée.</p>
<p>Par ailleurs, de nouvelles directives sanitaires visent à interdire le BPA et autres perturbateurs endocriniens dans les contenants alimentaires tels que les bonbonnes. Choississez le modèle le plus adaptée à vos locaux et disposez d'une eau de source sans contraintes. Votre image et votre sérénité sont optimales avec la gamme AQUASPRING !</p>
<h3>SMART BOTTLE Clever Water</h3>
<h4>L'eau la plus pure en bouteille !</h4>
<p>Par la satisfaction unanime de nos utilisateurs et notre renommé grandissante, le monde hotellier et les restaurateurs nous ont sollicité pour développer une solution adaptée à leur exigences professionelles. Après une rigoureuses etudes et une recherche appronfondie, nos équipes techniques ont conçu SMART BOTTLE qui rencontre rapidement un vif succès</p>
<p>D'une part, notre technologie inédite restitue infailliblement une qualité d'eau de source. D'autre part, nos accesoires, spécialement dévellopés pour ce nouveau concept offre 3 déclinaisons :</p>
<ul><li>L'eau la plus pure plate et fraiche</li>
<li>Une eau de souce pétillante</li>
<li>La limonade d'eau la plus pure.</li>
</ul><h3>AQUANET Clever Water</h3>
<h4>L'esprit réseau par AQUAPURE</h4>
<p>Suite à une sollicitation grandissante des professionels recommandant nos produits, nous avons mis en place une programme de parrainage avancé qui permet à nos partenaires de distribuer nos produits en toute simplicité !</p>
<p>L'accès privilégié à notre catalogue complet offre également de nombreux avantages étant le fidèle reflet de notre écoute attentives aux demandes.</p>
<h3>AQUAPURE Global Systems</h3>
<h4>Toutes attentes à sa solution</h4>
<p>Collectivités, hopitaux, écoles ou autres établissements sont de plus en plus confrontés à des problématiques nouvelles et tenaces. Toujours plus connu et pléblicité, nous sommes régulièrement consulté par ces organismes pour apporter notre expertise et savoir-faire à des projets de plus grande envergure.</p>
<p>Ces demandes étant de plus en plus régulières et nos réponses résolument pertinentes et satisfaisantes, nos avons constitué une cellule interne d'etude qui permet de développer et mettre en oeuvre la plupart des projets relatifs au traitement d'eau.</p>]]></description>
<short_description><![CDATA[]]></short_description>
<meta_title><![CDATA[]]></meta_title>
<meta_description><![CDATA[]]></meta_description>
<meta_keywords><![CDATA[]]></meta_keywords>
</datalanguage>
<datalanguage iso_code="gb" >
<description><![CDATA[]]></description>
<short_description><![CDATA[]]></short_description>
<meta_title><![CDATA[]]></meta_title>
<meta_description><![CDATA[]]></meta_description>
<meta_keywords><![CDATA[]]></meta_keywords>
</datalanguage>
<datalanguage iso_code="gl" >
<description><![CDATA[<h3>AQUAPURE Home Water</h3>
<h4>L'eau la plus pure au quotidien...</h4>
<p>Chaque région se caractérise par des problématiques d’eau bien spécifiques : calcaire, pesticides, radioactivités, médicaments... Pour être toujours sûr de d’avoir l’eau la plus pure, notre gamme de purificateurs domestiques SEAGULL® IV s’adapte à votre mode de vie !</p>
<p>Laissez-nous vous aider à choisir le meilleur système qui vous donnera une qualité d’eau inégalable en toute circonstances...</p>
<h3>AQUAPURE Mobile Solution</h3>
<h4>L'eau la plus pure à portée de main !</h4>
<p>Lors de vos voyages, de vos déplacements ou des vos activités en plein air l’accessibilité à l’eau potable n’est pas systématique ou aisée. Grâce à notre série first need® de purificateurs portables l’eau pure est toujours accessible !</p>
<p>Ne laissez pas un soucis d’eau gâcher vos moments de loisirs ou vos voyages...</p>
<h3>AQUAPURE HydroMotion</h3>
<h4>Une reserve d'eau toujours pure.</h4>
<p>En camping-car comme en bateau, il est difficile de s’approvisionner en eau pure et de la conserver. Avec un système de filtration embarqué, vous disposerez d’une eau saine et savoureuse quelle que soit sa qualité initiale et la durée de sa conservation dans vos réservoirs.</p>
<p>Compacts et toujours aussi efficaces, les produits NATURE PURE® s’adaptent parfaitement aux installations à bord de vos véhicules de loisirs ou de transports collectifs. Associés au microfiltre DOCKSIDE lors du remplissage des réservoirs, ils vous assurent une eau parfaitement pure pour tous vos déplacements.</p>
<h3>AQUASPRING Water Dispensers</h3>
<h4>Votre source d'eau.</h4>
<p>Notre gamme de fontaines à eau combine élégance et peformance pour vous apportez une solution unique de distribution d'eau idéalement purifiée et instantanément chauffée, réfrigérée, tempérée ou même gazéifiée.</p>
<p>Par ailleurs, de nouvelles directives sanitaires visent à interdire le BPA et autres perturbateurs endocriniens dans les contenants alimentaires tels que les bonbonnes. Choississez le modèle le plus adaptée à vos locaux et disposez d'une eau de source sans contraintes. Votre image et votre sérénité sont optimales avec la gamme AQUASPRING !</p>
<h3>SMART BOTTLE Clever Water</h3>
<h4>L'eau la plus pure en bouteille !</h4>
<p>Par la satisfaction unanime de nos utilisateurs et notre renommé grandissante, le monde hotellier et les restaurateurs nous ont sollicité pour développer une solution adaptée à leur exigences professionelles. Après une rigoureuses etudes et une recherche appronfondie, nos équipes techniques ont conçu SMART BOTTLE qui rencontre rapidement un vif succès</p>
<p>D'une part, notre technologie inédite restitue infailliblement une qualité d'eau de source. D'autre part, nos accesoires, spécialement dévellopés pour ce nouveau concept offre 3 déclinaisons :</p>
<ul><li>L'eau la plus pure plate et fraiche</li>
<li>Une eau de souce pétillante</li>
<li>La limonade d'eau la plus pure.</li>
</ul><h3>AQUANET Clever Water</h3>
<h4>L'esprit réseau par AQUAPURE</h4>
<p>Suite à une sollicitation grandissante des professionels recommandant nos produits, nous avons mis en place une programme de parrainage avancé qui permet à nos partenaires de distribuer nos produits en toute simplicité !</p>
<p>L'accès privilégié à notre catalogue complet offre également de nombreux avantages étant le fidèle reflet de notre écoute attentives aux demandes.</p>
<h3>AQUAPURE Global Systems</h3>
<h4>Toutes attentes à sa solution</h4>
<p>Collectivités, hopitaux, écoles ou autres établissements sont de plus en plus confrontés à des problématiques nouvelles et tenaces. Toujours plus connu et pléblicité, nous sommes régulièrement consulté par ces organismes pour apporter notre expertise et savoir-faire à des projets de plus grande envergure.</p>
<p>Ces demandes étant de plus en plus régulières et nos réponses résolument pertinentes et satisfaisantes, nos avons constitué une cellule interne d'etude qui permet de développer et mettre en oeuvre la plupart des projets relatifs au traitement d'eau.</p>]]></description>
<short_description><![CDATA[]]></short_description>
<meta_title><![CDATA[]]></meta_title>
<meta_description><![CDATA[]]></meta_description>
<meta_keywords><![CDATA[]]></meta_keywords>
</datalanguage>
<datalanguage iso_code="it" >
<description><![CDATA[]]></description>
<short_description><![CDATA[]]></short_description>
<meta_title><![CDATA[]]></meta_title>
<meta_description><![CDATA[]]></meta_description>
<meta_keywords><![CDATA[]]></meta_keywords>
</datalanguage>
<datashop id_shop="1"></datashop>
<datashop id_shop="2"></datashop>
<datashop id_shop="3"></datashop>
<datashop id_shop="4"></datashop>
<datashop id_shop="5"></datashop>
<datashop id_shop="6"></datashop>
<datashop id_shop="7"></datashop>
<datashop id_shop="8"></datashop>
</manufacturer>
<manufacturer><id_manufacturer><![CDATA[2]]></id_manufacturer>
<name><![CDATA[Shure Incorporated]]></name>
<active><![CDATA[1]]></active>
<date_add><![CDATA[2012-01-31 21:51:39]]></date_add>
<date_upd><![CDATA[2012-01-31 21:51:39]]></date_upd>
<link_image><![CDATA[https://3.0.aquapure.fr/img/m/2.jpg]]></link_image>
<datalanguage iso_code="ca" >
<description><![CDATA[]]></description>
<short_description><![CDATA[]]></short_description>
<meta_title><![CDATA[]]></meta_title>
<meta_description><![CDATA[]]></meta_description>
<meta_keywords><![CDATA[]]></meta_keywords>
</datalanguage>
<datalanguage iso_code="de" >
<description><![CDATA[]]></description>
<short_description><![CDATA[]]></short_description>
<meta_title><![CDATA[]]></meta_title>
<meta_description><![CDATA[]]></meta_description>
<meta_keywords><![CDATA[]]></meta_keywords>
</datalanguage>
<datalanguage iso_code="en" >
<description><![CDATA[]]></description>
<short_description><![CDATA[]]></short_description>
<meta_title><![CDATA[]]></meta_title>
<meta_description><![CDATA[]]></meta_description>
<meta_keywords><![CDATA[]]></meta_keywords>
</datalanguage>
<datalanguage iso_code="es" >
<description><![CDATA[]]></description>
<short_description><![CDATA[]]></short_description>
<meta_title><![CDATA[]]></meta_title>
<meta_description><![CDATA[]]></meta_description>
<meta_keywords><![CDATA[]]></meta_keywords>
</datalanguage>
<datalanguage iso_code="fr" default="1" >
<description><![CDATA[]]></description>
<short_description><![CDATA[]]></short_description>
<meta_title><![CDATA[]]></meta_title>
<meta_description><![CDATA[]]></meta_description>
<meta_keywords><![CDATA[]]></meta_keywords>
</datalanguage>
<datalanguage iso_code="gb" >
<description><![CDATA[]]></description>
<short_description><![CDATA[]]></short_description>
<meta_title><![CDATA[]]></meta_title>
<meta_description><![CDATA[]]></meta_description>
<meta_keywords><![CDATA[]]></meta_keywords>
</datalanguage>
<datalanguage iso_code="gl" >
<description><![CDATA[]]></description>
<short_description><![CDATA[]]></short_description>
<meta_title><![CDATA[]]></meta_title>
<meta_description><![CDATA[]]></meta_description>
<meta_keywords><![CDATA[]]></meta_keywords>
</datalanguage>
<datalanguage iso_code="it" >
<description><![CDATA[]]></description>
<short_description><![CDATA[]]></short_description>
<meta_title><![CDATA[]]></meta_title>
<meta_description><![CDATA[]]></meta_description>
<meta_keywords><![CDATA[]]></meta_keywords>
</datalanguage>
<datashop id_shop="1"></datashop>
<datashop id_shop="2"></datashop>
<datashop id_shop="3"></datashop>
<datashop id_shop="4"></datashop>
<datashop id_shop="5"></datashop>
<datashop id_shop="6"></datashop>
<datashop id_shop="7"></datashop>
<datashop id_shop="8"></datashop>
</manufacturer>
</entity_profile>
