<?xml version="1.0" encoding="UTF-8"?>
<entity_profile>
<order_state><id_order_state><![CDATA[1]]></id_order_state>
<send_email><![CDATA[1]]></send_email>
<module_name><![CDATA[cheque]]></module_name>
<invoice><![CDATA[0]]></invoice>
<color><![CDATA[lightblue]]></color>
<logable><![CDATA[0]]></logable>
<shipped><![CDATA[0]]></shipped>
<unremovable><![CDATA[1]]></unremovable>
<delivery><![CDATA[0]]></delivery>
<hidden><![CDATA[0]]></hidden>
<paid><![CDATA[0]]></paid>
<pdf_delivery><![CDATA[0]]></pdf_delivery>
<pdf_invoice><![CDATA[0]]></pdf_invoice>
<deleted><![CDATA[0]]></deleted>
<datalanguage iso_code="ca" >
<name><![CDATA[En attente du paiement par chèque]]></name>
<template><![CDATA[cheque]]></template>
</datalanguage>
<datalanguage iso_code="de" >
<name><![CDATA[Scheckzahlung wird erwartet]]></name>
<template><![CDATA[cheque]]></template>
</datalanguage>
<datalanguage iso_code="en" >
<name><![CDATA[En attente du paiement par chèque]]></name>
<template><![CDATA[cheque]]></template>
</datalanguage>
<datalanguage iso_code="es" >
<name><![CDATA[En espera de pago por cheque]]></name>
<template><![CDATA[cheque]]></template>
</datalanguage>
<datalanguage iso_code="fr" default="1" >
<name><![CDATA[En attente du paiement par chèque]]></name>
<template><![CDATA[cheque]]></template>
</datalanguage>
<datalanguage iso_code="gb" >
<name><![CDATA[En attente du paiement par chèque]]></name>
<template><![CDATA[cheque]]></template>
</datalanguage>
<datalanguage iso_code="gl" >
<name><![CDATA[En attente du paiement par chèque]]></name>
<template><![CDATA[cheque]]></template>
</datalanguage>
<datalanguage iso_code="it" >
<name><![CDATA[In attesa di pagamento con assegno]]></name>
<template><![CDATA[cheque]]></template>
</datalanguage>
</order_state>
<order_state><id_order_state><![CDATA[2]]></id_order_state>
<send_email><![CDATA[1]]></send_email>
<module_name><![CDATA[]]></module_name>
<invoice><![CDATA[1]]></invoice>
<color><![CDATA[#DDEEFF]]></color>
<logable><![CDATA[1]]></logable>
<shipped><![CDATA[0]]></shipped>
<unremovable><![CDATA[1]]></unremovable>
<delivery><![CDATA[0]]></delivery>
<hidden><![CDATA[0]]></hidden>
<paid><![CDATA[1]]></paid>
<pdf_delivery><![CDATA[0]]></pdf_delivery>
<pdf_invoice><![CDATA[1]]></pdf_invoice>
<deleted><![CDATA[0]]></deleted>
<datalanguage iso_code="ca" >
<name><![CDATA[Paiement accepté]]></name>
<template><![CDATA[payment]]></template>
</datalanguage>
<datalanguage iso_code="de" >
<name><![CDATA[Zahlung eingegangen]]></name>
<template><![CDATA[payment]]></template>
</datalanguage>
<datalanguage iso_code="en" >
<name><![CDATA[Paiement accepté]]></name>
<template><![CDATA[account]]></template>
</datalanguage>
<datalanguage iso_code="es" >
<name><![CDATA[Pago aceptamos]]></name>
<template><![CDATA[payment]]></template>
</datalanguage>
<datalanguage iso_code="fr" default="1" >
<name><![CDATA[Paiement accepté]]></name>
<template><![CDATA[payment]]></template>
</datalanguage>
<datalanguage iso_code="gb" >
<name><![CDATA[Paiement accepté]]></name>
<template><![CDATA[account]]></template>
</datalanguage>
<datalanguage iso_code="gl" >
<name><![CDATA[Paiement accepté]]></name>
<template><![CDATA[payment]]></template>
</datalanguage>
<datalanguage iso_code="it" >
<name><![CDATA[Pagamento accettato]]></name>
<template><![CDATA[payment]]></template>
</datalanguage>
</order_state>
<order_state><id_order_state><![CDATA[3]]></id_order_state>
<send_email><![CDATA[1]]></send_email>
<module_name><![CDATA[]]></module_name>
<invoice><![CDATA[1]]></invoice>
<color><![CDATA[#FFDD99]]></color>
<logable><![CDATA[1]]></logable>
<shipped><![CDATA[0]]></shipped>
<unremovable><![CDATA[1]]></unremovable>
<delivery><![CDATA[0]]></delivery>
<hidden><![CDATA[0]]></hidden>
<paid><![CDATA[1]]></paid>
<pdf_delivery><![CDATA[0]]></pdf_delivery>
<pdf_invoice><![CDATA[0]]></pdf_invoice>
<deleted><![CDATA[0]]></deleted>
<datalanguage iso_code="ca" >
<name><![CDATA[Préparation en cours]]></name>
<template><![CDATA[preparation]]></template>
</datalanguage>
<datalanguage iso_code="de" >
<name><![CDATA[Bestellung eingegangen]]></name>
<template><![CDATA[preparation]]></template>
</datalanguage>
<datalanguage iso_code="en" >
<name><![CDATA[Préparation en cours]]></name>
<template><![CDATA[preparation]]></template>
</datalanguage>
<datalanguage iso_code="es" >
<name><![CDATA[Preparación en curso]]></name>
<template><![CDATA[preparation]]></template>
</datalanguage>
<datalanguage iso_code="fr" default="1" >
<name><![CDATA[Préparation en cours]]></name>
<template><![CDATA[preparation]]></template>
</datalanguage>
<datalanguage iso_code="gb" >
<name><![CDATA[Préparation en cours]]></name>
<template><![CDATA[preparation]]></template>
</datalanguage>
<datalanguage iso_code="gl" >
<name><![CDATA[Préparation en cours]]></name>
<template><![CDATA[preparation]]></template>
</datalanguage>
<datalanguage iso_code="it" >
<name><![CDATA[Preparazione in corso]]></name>
<template><![CDATA[preparation]]></template>
</datalanguage>
</order_state>
<order_state><id_order_state><![CDATA[4]]></id_order_state>
<send_email><![CDATA[1]]></send_email>
<module_name><![CDATA[]]></module_name>
<invoice><![CDATA[1]]></invoice>
<color><![CDATA[#EEDDFF]]></color>
<logable><![CDATA[1]]></logable>
<shipped><![CDATA[1]]></shipped>
<unremovable><![CDATA[1]]></unremovable>
<delivery><![CDATA[1]]></delivery>
<hidden><![CDATA[0]]></hidden>
<paid><![CDATA[0]]></paid>
<pdf_delivery><![CDATA[0]]></pdf_delivery>
<pdf_invoice><![CDATA[0]]></pdf_invoice>
<deleted><![CDATA[0]]></deleted>
<datalanguage iso_code="ca" >
<name><![CDATA[En cours de livraison]]></name>
<template><![CDATA[shipped]]></template>
</datalanguage>
<datalanguage iso_code="de" >
<name><![CDATA[Versendet]]></name>
<template><![CDATA[shipped]]></template>
</datalanguage>
<datalanguage iso_code="en" >
<name><![CDATA[En cours de livraison]]></name>
<template><![CDATA[shipped]]></template>
</datalanguage>
<datalanguage iso_code="es" >
<name><![CDATA[Enviado]]></name>
<template><![CDATA[shipped]]></template>
</datalanguage>
<datalanguage iso_code="fr" default="1" >
<name><![CDATA[En cours de livraison]]></name>
<template><![CDATA[shipped]]></template>
</datalanguage>
<datalanguage iso_code="gb" >
<name><![CDATA[En cours de livraison]]></name>
<template><![CDATA[shipped]]></template>
</datalanguage>
<datalanguage iso_code="gl" >
<name><![CDATA[En cours de livraison]]></name>
<template><![CDATA[shipped]]></template>
</datalanguage>
<datalanguage iso_code="it" >
<name><![CDATA[Consegna in corso]]></name>
<template><![CDATA[shipped]]></template>
</datalanguage>
</order_state>
<order_state><id_order_state><![CDATA[5]]></id_order_state>
<send_email><![CDATA[1]]></send_email>
<module_name><![CDATA[]]></module_name>
<invoice><![CDATA[1]]></invoice>
<color><![CDATA[#DDFFAA]]></color>
<logable><![CDATA[1]]></logable>
<shipped><![CDATA[1]]></shipped>
<unremovable><![CDATA[1]]></unremovable>
<delivery><![CDATA[1]]></delivery>
<hidden><![CDATA[0]]></hidden>
<paid><![CDATA[0]]></paid>
<pdf_delivery><![CDATA[0]]></pdf_delivery>
<pdf_invoice><![CDATA[0]]></pdf_invoice>
<deleted><![CDATA[0]]></deleted>
<datalanguage iso_code="ca" >
<name><![CDATA[Livré]]></name>
<template><![CDATA[]]></template>
</datalanguage>
<datalanguage iso_code="de" >
<name><![CDATA[Erfolgreich abgeschlossen]]></name>
<template><![CDATA[]]></template>
</datalanguage>
<datalanguage iso_code="en" >
<name><![CDATA[Livré]]></name>
<template><![CDATA[]]></template>
</datalanguage>
<datalanguage iso_code="es" >
<name><![CDATA[Entregado]]></name>
<template><![CDATA[]]></template>
</datalanguage>
<datalanguage iso_code="fr" default="1" >
<name><![CDATA[Livré]]></name>
<template><![CDATA[]]></template>
</datalanguage>
<datalanguage iso_code="gb" >
<name><![CDATA[Livré]]></name>
<template><![CDATA[]]></template>
</datalanguage>
<datalanguage iso_code="gl" >
<name><![CDATA[Livré]]></name>
<template><![CDATA[]]></template>
</datalanguage>
<datalanguage iso_code="it" >
<name><![CDATA[Consegnato]]></name>
<template><![CDATA[]]></template>
</datalanguage>
</order_state>
<order_state><id_order_state><![CDATA[6]]></id_order_state>
<send_email><![CDATA[1]]></send_email>
<module_name><![CDATA[]]></module_name>
<invoice><![CDATA[0]]></invoice>
<color><![CDATA[#DADADA]]></color>
<logable><![CDATA[0]]></logable>
<shipped><![CDATA[0]]></shipped>
<unremovable><![CDATA[1]]></unremovable>
<delivery><![CDATA[0]]></delivery>
<hidden><![CDATA[0]]></hidden>
<paid><![CDATA[0]]></paid>
<pdf_delivery><![CDATA[0]]></pdf_delivery>
<pdf_invoice><![CDATA[0]]></pdf_invoice>
<deleted><![CDATA[0]]></deleted>
<datalanguage iso_code="ca" >
<name><![CDATA[Annulé]]></name>
<template><![CDATA[order_canceled]]></template>
</datalanguage>
<datalanguage iso_code="de" >
<name><![CDATA[Storniert]]></name>
<template><![CDATA[order_canceled]]></template>
</datalanguage>
<datalanguage iso_code="en" >
<name><![CDATA[Annulé]]></name>
<template><![CDATA[order_canceled]]></template>
</datalanguage>
<datalanguage iso_code="es" >
<name><![CDATA[Cancelada]]></name>
<template><![CDATA[order_canceled]]></template>
</datalanguage>
<datalanguage iso_code="fr" default="1" >
<name><![CDATA[Annulé]]></name>
<template><![CDATA[order_canceled]]></template>
</datalanguage>
<datalanguage iso_code="gb" >
<name><![CDATA[Annulé]]></name>
<template><![CDATA[order_canceled]]></template>
</datalanguage>
<datalanguage iso_code="gl" >
<name><![CDATA[Annulé]]></name>
<template><![CDATA[order_canceled]]></template>
</datalanguage>
<datalanguage iso_code="it" >
<name><![CDATA[Annullato]]></name>
<template><![CDATA[order_canceled]]></template>
</datalanguage>
</order_state>
<order_state><id_order_state><![CDATA[7]]></id_order_state>
<send_email><![CDATA[1]]></send_email>
<module_name><![CDATA[]]></module_name>
<invoice><![CDATA[1]]></invoice>
<color><![CDATA[#FFFFBB]]></color>
<logable><![CDATA[0]]></logable>
<shipped><![CDATA[0]]></shipped>
<unremovable><![CDATA[1]]></unremovable>
<delivery><![CDATA[0]]></delivery>
<hidden><![CDATA[0]]></hidden>
<paid><![CDATA[0]]></paid>
<pdf_delivery><![CDATA[0]]></pdf_delivery>
<pdf_invoice><![CDATA[0]]></pdf_invoice>
<deleted><![CDATA[0]]></deleted>
<datalanguage iso_code="ca" >
<name><![CDATA[Remboursé]]></name>
<template><![CDATA[refund]]></template>
</datalanguage>
<datalanguage iso_code="de" >
<name><![CDATA[Erstattet]]></name>
<template><![CDATA[refund]]></template>
</datalanguage>
<datalanguage iso_code="en" >
<name><![CDATA[Remboursé]]></name>
<template><![CDATA[refund]]></template>
</datalanguage>
<datalanguage iso_code="es" >
<name><![CDATA[Reembolsado]]></name>
<template><![CDATA[refund]]></template>
</datalanguage>
<datalanguage iso_code="fr" default="1" >
<name><![CDATA[Remboursé]]></name>
<template><![CDATA[refund]]></template>
</datalanguage>
<datalanguage iso_code="gb" >
<name><![CDATA[Remboursé]]></name>
<template><![CDATA[refund]]></template>
</datalanguage>
<datalanguage iso_code="gl" >
<name><![CDATA[Remboursé]]></name>
<template><![CDATA[refund]]></template>
</datalanguage>
<datalanguage iso_code="it" >
<name><![CDATA[Rimborsato]]></name>
<template><![CDATA[refund]]></template>
</datalanguage>
</order_state>
<order_state><id_order_state><![CDATA[8]]></id_order_state>
<send_email><![CDATA[1]]></send_email>
<module_name><![CDATA[]]></module_name>
<invoice><![CDATA[0]]></invoice>
<color><![CDATA[#FFDFDF]]></color>
<logable><![CDATA[0]]></logable>
<shipped><![CDATA[0]]></shipped>
<unremovable><![CDATA[1]]></unremovable>
<delivery><![CDATA[0]]></delivery>
<hidden><![CDATA[0]]></hidden>
<paid><![CDATA[0]]></paid>
<pdf_delivery><![CDATA[0]]></pdf_delivery>
<pdf_invoice><![CDATA[0]]></pdf_invoice>
<deleted><![CDATA[0]]></deleted>
<datalanguage iso_code="ca" >
<name><![CDATA[Erreur de paiement]]></name>
<template><![CDATA[payment_error]]></template>
</datalanguage>
<datalanguage iso_code="de" >
<name><![CDATA[Fehler bei der Bezahlung]]></name>
<template><![CDATA[payment_error]]></template>
</datalanguage>
<datalanguage iso_code="en" >
<name><![CDATA[Erreur de paiement]]></name>
<template><![CDATA[payment_error]]></template>
</datalanguage>
<datalanguage iso_code="es" >
<name><![CDATA[Error de pago]]></name>
<template><![CDATA[payment_error]]></template>
</datalanguage>
<datalanguage iso_code="fr" default="1" >
<name><![CDATA[Erreur de paiement]]></name>
<template><![CDATA[payment_error]]></template>
</datalanguage>
<datalanguage iso_code="gb" >
<name><![CDATA[Erreur de paiement]]></name>
<template><![CDATA[payment_error]]></template>
</datalanguage>
<datalanguage iso_code="gl" >
<name><![CDATA[Erreur de paiement]]></name>
<template><![CDATA[payment_error]]></template>
</datalanguage>
<datalanguage iso_code="it" >
<name><![CDATA[Errore di pagamento]]></name>
<template><![CDATA[payment_error]]></template>
</datalanguage>
</order_state>
<order_state><id_order_state><![CDATA[9]]></id_order_state>
<send_email><![CDATA[1]]></send_email>
<module_name><![CDATA[]]></module_name>
<invoice><![CDATA[1]]></invoice>
<color><![CDATA[#FFD3D3]]></color>
<logable><![CDATA[0]]></logable>
<shipped><![CDATA[0]]></shipped>
<unremovable><![CDATA[1]]></unremovable>
<delivery><![CDATA[0]]></delivery>
<hidden><![CDATA[0]]></hidden>
<paid><![CDATA[1]]></paid>
<pdf_delivery><![CDATA[0]]></pdf_delivery>
<pdf_invoice><![CDATA[0]]></pdf_invoice>
<deleted><![CDATA[0]]></deleted>
<datalanguage iso_code="ca" >
<name><![CDATA[En attente de réapprovisionnement]]></name>
<template><![CDATA[outofstock]]></template>
</datalanguage>
<datalanguage iso_code="de" >
<name><![CDATA[Artikel erwartet]]></name>
<template><![CDATA[outofstock]]></template>
</datalanguage>
<datalanguage iso_code="en" >
<name><![CDATA[En attente de réapprovisionnement]]></name>
<template><![CDATA[outofstock]]></template>
</datalanguage>
<datalanguage iso_code="es" >
<name><![CDATA[Productos fuera de línea]]></name>
<template><![CDATA[outofstock]]></template>
</datalanguage>
<datalanguage iso_code="fr" default="1" >
<name><![CDATA[En attente de réapprovisionnement]]></name>
<template><![CDATA[outofstock]]></template>
</datalanguage>
<datalanguage iso_code="gb" >
<name><![CDATA[En attente de réapprovisionnement]]></name>
<template><![CDATA[outofstock]]></template>
</datalanguage>
<datalanguage iso_code="gl" >
<name><![CDATA[En attente de réapprovisionnement]]></name>
<template><![CDATA[outofstock]]></template>
</datalanguage>
<datalanguage iso_code="it" >
<name><![CDATA[In attesa di rifornimento]]></name>
<template><![CDATA[outofstock]]></template>
</datalanguage>
</order_state>
<order_state><id_order_state><![CDATA[10]]></id_order_state>
<send_email><![CDATA[1]]></send_email>
<module_name><![CDATA[bankwire]]></module_name>
<invoice><![CDATA[0]]></invoice>
<color><![CDATA[lightblue]]></color>
<logable><![CDATA[0]]></logable>
<shipped><![CDATA[0]]></shipped>
<unremovable><![CDATA[1]]></unremovable>
<delivery><![CDATA[0]]></delivery>
<hidden><![CDATA[0]]></hidden>
<paid><![CDATA[0]]></paid>
<pdf_delivery><![CDATA[0]]></pdf_delivery>
<pdf_invoice><![CDATA[0]]></pdf_invoice>
<deleted><![CDATA[0]]></deleted>
<datalanguage iso_code="ca" >
<name><![CDATA[En attente du paiement par virement bancaire]]></name>
<template><![CDATA[bankwire]]></template>
</datalanguage>
<datalanguage iso_code="de" >
<name><![CDATA[Warten auf Zahlungseingang]]></name>
<template><![CDATA[bankwire]]></template>
</datalanguage>
<datalanguage iso_code="en" >
<name><![CDATA[En attente du paiement par virement bancaire]]></name>
<template><![CDATA[bankwire]]></template>
</datalanguage>
<datalanguage iso_code="es" >
<name><![CDATA[En espera de pago por transferencia bancaria]]></name>
<template><![CDATA[bankwire]]></template>
</datalanguage>
<datalanguage iso_code="fr" default="1" >
<name><![CDATA[En attente du paiement par virement bancaire]]></name>
<template><![CDATA[bankwire]]></template>
</datalanguage>
<datalanguage iso_code="gb" >
<name><![CDATA[En attente du paiement par virement bancaire]]></name>
<template><![CDATA[bankwire]]></template>
</datalanguage>
<datalanguage iso_code="gl" >
<name><![CDATA[En attente du paiement par virement bancaire]]></name>
<template><![CDATA[bankwire]]></template>
</datalanguage>
<datalanguage iso_code="it" >
<name><![CDATA[In attesa di pagamento con bonifico bancario]]></name>
<template><![CDATA[bankwire]]></template>
</datalanguage>
</order_state>
<order_state><id_order_state><![CDATA[11]]></id_order_state>
<send_email><![CDATA[0]]></send_email>
<module_name><![CDATA[]]></module_name>
<invoice><![CDATA[0]]></invoice>
<color><![CDATA[lightblue]]></color>
<logable><![CDATA[0]]></logable>
<shipped><![CDATA[0]]></shipped>
<unremovable><![CDATA[1]]></unremovable>
<delivery><![CDATA[0]]></delivery>
<hidden><![CDATA[0]]></hidden>
<paid><![CDATA[0]]></paid>
<pdf_delivery><![CDATA[0]]></pdf_delivery>
<pdf_invoice><![CDATA[0]]></pdf_invoice>
<deleted><![CDATA[0]]></deleted>
<datalanguage iso_code="ca" >
<name><![CDATA[En attente du paiement par PayPal]]></name>
<template><![CDATA[]]></template>
</datalanguage>
<datalanguage iso_code="de" >
<name><![CDATA[Warten auf Zahlungseingang von PayPal]]></name>
<template><![CDATA[]]></template>
</datalanguage>
<datalanguage iso_code="en" >
<name><![CDATA[En attente du paiement par PayPal]]></name>
<template><![CDATA[]]></template>
</datalanguage>
<datalanguage iso_code="es" >
<name><![CDATA[En espera de pago por PayPal]]></name>
<template><![CDATA[]]></template>
</datalanguage>
<datalanguage iso_code="fr" default="1" >
<name><![CDATA[En attente du paiement par PayPal]]></name>
<template><![CDATA[]]></template>
</datalanguage>
<datalanguage iso_code="gb" >
<name><![CDATA[En attente du paiement par PayPal]]></name>
<template><![CDATA[]]></template>
</datalanguage>
<datalanguage iso_code="gl" >
<name><![CDATA[En attente du paiement par PayPal]]></name>
<template><![CDATA[]]></template>
</datalanguage>
<datalanguage iso_code="it" >
<name><![CDATA[In attesa di pagamento con PayPal]]></name>
<template><![CDATA[]]></template>
</datalanguage>
</order_state>
<order_state><id_order_state><![CDATA[12]]></id_order_state>
<send_email><![CDATA[1]]></send_email>
<module_name><![CDATA[]]></module_name>
<invoice><![CDATA[1]]></invoice>
<color><![CDATA[#DDEEFF]]></color>
<logable><![CDATA[1]]></logable>
<shipped><![CDATA[0]]></shipped>
<unremovable><![CDATA[1]]></unremovable>
<delivery><![CDATA[0]]></delivery>
<hidden><![CDATA[0]]></hidden>
<paid><![CDATA[1]]></paid>
<pdf_delivery><![CDATA[0]]></pdf_delivery>
<pdf_invoice><![CDATA[0]]></pdf_invoice>
<deleted><![CDATA[0]]></deleted>
<datalanguage iso_code="ca" >
<name><![CDATA[Paiement à distance accepté]]></name>
<template><![CDATA[payment]]></template>
</datalanguage>
<datalanguage iso_code="de" >
<name><![CDATA[Payment Anmeldung erfolgreich]]></name>
<template><![CDATA[payment]]></template>
</datalanguage>
<datalanguage iso_code="en" >
<name><![CDATA[Paiement à distance accepté]]></name>
<template><![CDATA[payment]]></template>
</datalanguage>
<datalanguage iso_code="es" >
<name><![CDATA[Payment remotely accepted]]></name>
<template><![CDATA[payment]]></template>
</datalanguage>
<datalanguage iso_code="fr" default="1" >
<name><![CDATA[Paiement à distance accepté]]></name>
<template><![CDATA[payment]]></template>
</datalanguage>
<datalanguage iso_code="gb" >
<name><![CDATA[Paiement à distance accepté]]></name>
<template><![CDATA[payment]]></template>
</datalanguage>
<datalanguage iso_code="gl" >
<name><![CDATA[Paiement à distance accepté]]></name>
<template><![CDATA[payment]]></template>
</datalanguage>
<datalanguage iso_code="it" >
<name><![CDATA[Payment remotely accepted]]></name>
<template><![CDATA[payment]]></template>
</datalanguage>
</order_state>
<order_state><id_order_state><![CDATA[13]]></id_order_state>
<send_email><![CDATA[0]]></send_email>
<module_name><![CDATA[]]></module_name>
<invoice><![CDATA[0]]></invoice>
<color><![CDATA[#FF9999]]></color>
<logable><![CDATA[0]]></logable>
<shipped><![CDATA[0]]></shipped>
<unremovable><![CDATA[0]]></unremovable>
<delivery><![CDATA[0]]></delivery>
<hidden><![CDATA[1]]></hidden>
<paid><![CDATA[0]]></paid>
<pdf_delivery><![CDATA[0]]></pdf_delivery>
<pdf_invoice><![CDATA[0]]></pdf_invoice>
<deleted><![CDATA[0]]></deleted>
<datalanguage iso_code="ca" >
<name><![CDATA[Attente validation commande FIA-NET]]></name>
<template><![CDATA[]]></template>
</datalanguage>
<datalanguage iso_code="de" >
<name><![CDATA[Attente validation commande FIA-NET]]></name>
<template><![CDATA[]]></template>
</datalanguage>
<datalanguage iso_code="en" >
<name><![CDATA[Attente validation commande FIA-NET]]></name>
<template><![CDATA[]]></template>
</datalanguage>
<datalanguage iso_code="es" >
<name><![CDATA[Attente validation commande FIA-NET]]></name>
<template><![CDATA[]]></template>
</datalanguage>
<datalanguage iso_code="fr" default="1" >
<name><![CDATA[Attente validation commande FIA-NET]]></name>
<template><![CDATA[]]></template>
</datalanguage>
<datalanguage iso_code="gb" >
<name><![CDATA[Attente validation commande FIA-NET]]></name>
<template><![CDATA[]]></template>
</datalanguage>
<datalanguage iso_code="gl" >
<name><![CDATA[Attente validation commande FIA-NET]]></name>
<template><![CDATA[]]></template>
</datalanguage>
<datalanguage iso_code="it" >
<name><![CDATA[Attente validation commande FIA-NET]]></name>
<template><![CDATA[]]></template>
</datalanguage>
</order_state>
<order_state><id_order_state><![CDATA[14]]></id_order_state>
<send_email><![CDATA[0]]></send_email>
<module_name><![CDATA[]]></module_name>
<invoice><![CDATA[0]]></invoice>
<color><![CDATA[#FF6666]]></color>
<logable><![CDATA[0]]></logable>
<shipped><![CDATA[0]]></shipped>
<unremovable><![CDATA[0]]></unremovable>
<delivery><![CDATA[0]]></delivery>
<hidden><![CDATA[1]]></hidden>
<paid><![CDATA[0]]></paid>
<pdf_delivery><![CDATA[0]]></pdf_delivery>
<pdf_invoice><![CDATA[0]]></pdf_invoice>
<deleted><![CDATA[0]]></deleted>
<datalanguage iso_code="ca" >
<name><![CDATA[Fraude détectée par FIA-NET]]></name>
<template><![CDATA[]]></template>
</datalanguage>
<datalanguage iso_code="de" >
<name><![CDATA[Fraude détectée par FIA-NET]]></name>
<template><![CDATA[]]></template>
</datalanguage>
<datalanguage iso_code="en" >
<name><![CDATA[Fraude détectée par FIA-NET]]></name>
<template><![CDATA[]]></template>
</datalanguage>
<datalanguage iso_code="es" >
<name><![CDATA[Fraude détectée par FIA-NET]]></name>
<template><![CDATA[]]></template>
</datalanguage>
<datalanguage iso_code="fr" default="1" >
<name><![CDATA[Fraude détectée par FIA-NET]]></name>
<template><![CDATA[]]></template>
</datalanguage>
<datalanguage iso_code="gb" >
<name><![CDATA[Fraude détectée par FIA-NET]]></name>
<template><![CDATA[]]></template>
</datalanguage>
<datalanguage iso_code="gl" >
<name><![CDATA[Fraude détectée par FIA-NET]]></name>
<template><![CDATA[]]></template>
</datalanguage>
<datalanguage iso_code="it" >
<name><![CDATA[Fraude détectée par FIA-NET]]></name>
<template><![CDATA[]]></template>
</datalanguage>
</order_state>
<order_state><id_order_state><![CDATA[15]]></id_order_state>
<send_email><![CDATA[0]]></send_email>
<module_name><![CDATA[]]></module_name>
<invoice><![CDATA[1]]></invoice>
<color><![CDATA[#DDEEFF]]></color>
<logable><![CDATA[1]]></logable>
<shipped><![CDATA[0]]></shipped>
<unremovable><![CDATA[0]]></unremovable>
<delivery><![CDATA[0]]></delivery>
<hidden><![CDATA[0]]></hidden>
<paid><![CDATA[0]]></paid>
<pdf_delivery><![CDATA[0]]></pdf_delivery>
<pdf_invoice><![CDATA[0]]></pdf_invoice>
<deleted><![CDATA[0]]></deleted>
<datalanguage iso_code="ca" >
<name><![CDATA[Autorisation acceptée par PayPal]]></name>
<template><![CDATA[]]></template>
</datalanguage>
<datalanguage iso_code="de" >
<name><![CDATA[Autorisation acceptée par PayPal]]></name>
<template><![CDATA[]]></template>
</datalanguage>
<datalanguage iso_code="en" >
<name><![CDATA[Autorisation acceptée par PayPal]]></name>
<template><![CDATA[]]></template>
</datalanguage>
<datalanguage iso_code="es" >
<name><![CDATA[Autorisation acceptée par PayPal]]></name>
<template><![CDATA[]]></template>
</datalanguage>
<datalanguage iso_code="fr" default="1" >
<name><![CDATA[Autorisation acceptée par PayPal]]></name>
<template><![CDATA[]]></template>
</datalanguage>
<datalanguage iso_code="gb" >
<name><![CDATA[Autorisation acceptée par PayPal]]></name>
<template><![CDATA[]]></template>
</datalanguage>
<datalanguage iso_code="gl" >
<name><![CDATA[Autorisation acceptée par PayPal]]></name>
<template><![CDATA[]]></template>
</datalanguage>
<datalanguage iso_code="it" >
<name><![CDATA[Autorisation acceptée par PayPal]]></name>
<template><![CDATA[]]></template>
</datalanguage>
</order_state>
<order_state><id_order_state><![CDATA[16]]></id_order_state>
<send_email><![CDATA[1]]></send_email>
<module_name><![CDATA[]]></module_name>
<invoice><![CDATA[1]]></invoice>
<color><![CDATA[#008d8d]]></color>
<logable><![CDATA[1]]></logable>
<shipped><![CDATA[0]]></shipped>
<unremovable><![CDATA[0]]></unremovable>
<delivery><![CDATA[0]]></delivery>
<hidden><![CDATA[0]]></hidden>
<paid><![CDATA[1]]></paid>
<pdf_delivery><![CDATA[0]]></pdf_delivery>
<pdf_invoice><![CDATA[0]]></pdf_invoice>
<deleted><![CDATA[0]]></deleted>
<datalanguage iso_code="ca" >
<name><![CDATA[Paiement en espèces accépté]]></name>
<template><![CDATA[payment]]></template>
</datalanguage>
<datalanguage iso_code="de" >
<name><![CDATA[En attente du paiement par CB (TPE)]]></name>
<template><![CDATA[account]]></template>
</datalanguage>
<datalanguage iso_code="en" >
<name><![CDATA[En attente du paiement par CB (TPE)]]></name>
<template><![CDATA[account]]></template>
</datalanguage>
<datalanguage iso_code="es" >
<name><![CDATA[En attente du paiement par CB (TPE)]]></name>
<template><![CDATA[account]]></template>
</datalanguage>
<datalanguage iso_code="fr" default="1" >
<name><![CDATA[Paiement en espèces accépté]]></name>
<template><![CDATA[payment]]></template>
</datalanguage>
<datalanguage iso_code="gb" >
<name><![CDATA[En attente du paiement par CB (TPE)]]></name>
<template><![CDATA[account]]></template>
</datalanguage>
<datalanguage iso_code="gl" >
<name><![CDATA[Paiement en espèces accépté]]></name>
<template><![CDATA[payment]]></template>
</datalanguage>
<datalanguage iso_code="it" >
<name><![CDATA[En attente du paiement par CB (TPE)]]></name>
<template><![CDATA[account]]></template>
</datalanguage>
</order_state>
<order_state><id_order_state><![CDATA[17]]></id_order_state>
<send_email><![CDATA[1]]></send_email>
<module_name><![CDATA[]]></module_name>
<invoice><![CDATA[1]]></invoice>
<color><![CDATA[#008cc1]]></color>
<logable><![CDATA[1]]></logable>
<shipped><![CDATA[0]]></shipped>
<unremovable><![CDATA[0]]></unremovable>
<delivery><![CDATA[0]]></delivery>
<hidden><![CDATA[0]]></hidden>
<paid><![CDATA[1]]></paid>
<pdf_delivery><![CDATA[0]]></pdf_delivery>
<pdf_invoice><![CDATA[0]]></pdf_invoice>
<deleted><![CDATA[0]]></deleted>
<datalanguage iso_code="ca" >
<name><![CDATA[Paiement CB (TPE) accepté]]></name>
<template><![CDATA[payment]]></template>
</datalanguage>
<datalanguage iso_code="de" >
<name><![CDATA[Paiement CB (TPE) accepté]]></name>
<template><![CDATA[account]]></template>
</datalanguage>
<datalanguage iso_code="en" >
<name><![CDATA[Paiement CB (TPE) accepté]]></name>
<template><![CDATA[account]]></template>
</datalanguage>
<datalanguage iso_code="es" >
<name><![CDATA[Paiement CB (TPE) accepté]]></name>
<template><![CDATA[account]]></template>
</datalanguage>
<datalanguage iso_code="fr" default="1" >
<name><![CDATA[Paiement CB (TPE) accepté]]></name>
<template><![CDATA[payment]]></template>
</datalanguage>
<datalanguage iso_code="gb" >
<name><![CDATA[Paiement CB (TPE) accepté]]></name>
<template><![CDATA[account]]></template>
</datalanguage>
<datalanguage iso_code="gl" >
<name><![CDATA[Paiement CB (TPE) accepté]]></name>
<template><![CDATA[payment]]></template>
</datalanguage>
<datalanguage iso_code="it" >
<name><![CDATA[Paiement CB (TPE) accepté]]></name>
<template><![CDATA[account]]></template>
</datalanguage>
</order_state>
<order_state><id_order_state><![CDATA[18]]></id_order_state>
<send_email><![CDATA[0]]></send_email>
<module_name><![CDATA[]]></module_name>
<invoice><![CDATA[0]]></invoice>
<color><![CDATA[#1a30ff]]></color>
<logable><![CDATA[0]]></logable>
<shipped><![CDATA[0]]></shipped>
<unremovable><![CDATA[0]]></unremovable>
<delivery><![CDATA[0]]></delivery>
<hidden><![CDATA[0]]></hidden>
<paid><![CDATA[0]]></paid>
<pdf_delivery><![CDATA[0]]></pdf_delivery>
<pdf_invoice><![CDATA[0]]></pdf_invoice>
<deleted><![CDATA[0]]></deleted>
<datalanguage iso_code="ca" >
<name><![CDATA[En attente du paiement par CB (TPE)]]></name>
<template><![CDATA[]]></template>
</datalanguage>
<datalanguage iso_code="de" >
<name><![CDATA[En attente du paiement par CB (TPE)]]></name>
<template><![CDATA[]]></template>
</datalanguage>
<datalanguage iso_code="en" >
<name><![CDATA[En attente du paiement par CB (TPE)]]></name>
<template><![CDATA[]]></template>
</datalanguage>
<datalanguage iso_code="es" >
<name><![CDATA[En attente du paiement par CB (TPE)]]></name>
<template><![CDATA[]]></template>
</datalanguage>
<datalanguage iso_code="fr" default="1" >
<name><![CDATA[En attente du paiement par CB (TPE)]]></name>
<template><![CDATA[]]></template>
</datalanguage>
<datalanguage iso_code="gb" >
<name><![CDATA[En attente du paiement par CB (TPE)]]></name>
<template><![CDATA[]]></template>
</datalanguage>
<datalanguage iso_code="gl" >
<name><![CDATA[En attente du paiement par CB (TPE)]]></name>
<template><![CDATA[]]></template>
</datalanguage>
<datalanguage iso_code="it" >
<name><![CDATA[En attente du paiement par CB (TPE)]]></name>
<template><![CDATA[]]></template>
</datalanguage>
</order_state>
<order_state><id_order_state><![CDATA[19]]></id_order_state>
<send_email><![CDATA[1]]></send_email>
<module_name><![CDATA[]]></module_name>
<invoice><![CDATA[0]]></invoice>
<color><![CDATA[#00c196]]></color>
<logable><![CDATA[1]]></logable>
<shipped><![CDATA[0]]></shipped>
<unremovable><![CDATA[0]]></unremovable>
<delivery><![CDATA[0]]></delivery>
<hidden><![CDATA[0]]></hidden>
<paid><![CDATA[0]]></paid>
<pdf_delivery><![CDATA[0]]></pdf_delivery>
<pdf_invoice><![CDATA[0]]></pdf_invoice>
<deleted><![CDATA[0]]></deleted>
<datalanguage iso_code="ca" >
<name><![CDATA[En attente du paiement en espèces]]></name>
<template><![CDATA[account]]></template>
</datalanguage>
<datalanguage iso_code="de" >
<name><![CDATA[En attente du paiement en liquide]]></name>
<template><![CDATA[]]></template>
</datalanguage>
<datalanguage iso_code="en" >
<name><![CDATA[En attente du paiement en liquide]]></name>
<template><![CDATA[account]]></template>
</datalanguage>
<datalanguage iso_code="es" >
<name><![CDATA[En attente du paiement en liquide]]></name>
<template><![CDATA[account]]></template>
</datalanguage>
<datalanguage iso_code="fr" default="1" >
<name><![CDATA[En attente du paiement en espèces]]></name>
<template><![CDATA[payment]]></template>
</datalanguage>
<datalanguage iso_code="gb" >
<name><![CDATA[En attente du paiement en liquide]]></name>
<template><![CDATA[account]]></template>
</datalanguage>
<datalanguage iso_code="gl" >
<name><![CDATA[En attente du paiement en espèces]]></name>
<template><![CDATA[account]]></template>
</datalanguage>
<datalanguage iso_code="it" >
<name><![CDATA[En attente du paiement en liquide]]></name>
<template><![CDATA[]]></template>
</datalanguage>
</order_state>
<order_state><id_order_state><![CDATA[54]]></id_order_state>
<send_email><![CDATA[0]]></send_email>
<module_name><![CDATA[quote]]></module_name>
<invoice><![CDATA[1]]></invoice>
<color><![CDATA[RoyalBlue]]></color>
<logable><![CDATA[0]]></logable>
<shipped><![CDATA[0]]></shipped>
<unremovable><![CDATA[0]]></unremovable>
<delivery><![CDATA[0]]></delivery>
<hidden><![CDATA[0]]></hidden>
<paid><![CDATA[0]]></paid>
<pdf_delivery><![CDATA[0]]></pdf_delivery>
<pdf_invoice><![CDATA[0]]></pdf_invoice>
<deleted><![CDATA[0]]></deleted>
<datalanguage iso_code="ca" >
<name><![CDATA[Devis]]></name>
<template><![CDATA[]]></template>
</datalanguage>
<datalanguage iso_code="de" >
<name><![CDATA[Devis]]></name>
<template><![CDATA[]]></template>
</datalanguage>
<datalanguage iso_code="en" >
<name><![CDATA[Devis]]></name>
<template><![CDATA[]]></template>
</datalanguage>
<datalanguage iso_code="es" >
<name><![CDATA[Devis]]></name>
<template><![CDATA[]]></template>
</datalanguage>
<datalanguage iso_code="fr" default="1" >
<name><![CDATA[Devis]]></name>
<template><![CDATA[]]></template>
</datalanguage>
<datalanguage iso_code="gb" >
<name><![CDATA[Devis]]></name>
<template><![CDATA[]]></template>
</datalanguage>
<datalanguage iso_code="gl" >
<name><![CDATA[Devis]]></name>
<template><![CDATA[]]></template>
</datalanguage>
<datalanguage iso_code="it" >
<name><![CDATA[Devis]]></name>
<template><![CDATA[]]></template>
</datalanguage>
</order_state>
<order_state><id_order_state><![CDATA[55]]></id_order_state>
<send_email><![CDATA[1]]></send_email>
<module_name><![CDATA[]]></module_name>
<invoice><![CDATA[0]]></invoice>
<color><![CDATA[#FF69B4]]></color>
<logable><![CDATA[0]]></logable>
<shipped><![CDATA[0]]></shipped>
<unremovable><![CDATA[1]]></unremovable>
<delivery><![CDATA[0]]></delivery>
<hidden><![CDATA[0]]></hidden>
<paid><![CDATA[0]]></paid>
<pdf_delivery><![CDATA[0]]></pdf_delivery>
<pdf_invoice><![CDATA[0]]></pdf_invoice>
<deleted><![CDATA[0]]></deleted>
<datalanguage iso_code="ca" >
<name><![CDATA[En attente de réapprovisionnement]]></name>
<template><![CDATA[outofstock]]></template>
</datalanguage>
<datalanguage iso_code="de" >
<name><![CDATA[Artikel erwartet]]></name>
<template><![CDATA[outofstock]]></template>
</datalanguage>
<datalanguage iso_code="en" >
<name><![CDATA[En attente de réapprovisionnement]]></name>
<template><![CDATA[outofstock]]></template>
</datalanguage>
<datalanguage iso_code="es" >
<name><![CDATA[Productos fuera de línea]]></name>
<template><![CDATA[outofstock]]></template>
</datalanguage>
<datalanguage iso_code="fr" default="1" >
<name><![CDATA[En attente de réapprovisionnement]]></name>
<template><![CDATA[outofstock]]></template>
</datalanguage>
<datalanguage iso_code="gb" >
<name><![CDATA[En attente de réapprovisionnement]]></name>
<template><![CDATA[outofstock]]></template>
</datalanguage>
<datalanguage iso_code="gl" >
<name><![CDATA[En attente de réapprovisionnement]]></name>
<template><![CDATA[outofstock]]></template>
</datalanguage>
<datalanguage iso_code="it" >
<name><![CDATA[In attesa di rifornimento]]></name>
<template><![CDATA[outofstock]]></template>
</datalanguage>
</order_state>
<order_state><id_order_state><![CDATA[56]]></id_order_state>
<send_email><![CDATA[0]]></send_email>
<module_name><![CDATA[cashondelivery]]></module_name>
<invoice><![CDATA[0]]></invoice>
<color><![CDATA[#4169E1]]></color>
<logable><![CDATA[0]]></logable>
<shipped><![CDATA[0]]></shipped>
<unremovable><![CDATA[1]]></unremovable>
<delivery><![CDATA[0]]></delivery>
<hidden><![CDATA[0]]></hidden>
<paid><![CDATA[0]]></paid>
<pdf_delivery><![CDATA[0]]></pdf_delivery>
<pdf_invoice><![CDATA[0]]></pdf_invoice>
<deleted><![CDATA[0]]></deleted>
<datalanguage iso_code="ca" >
<name><![CDATA[Waiting cod validation]]></name>
<template><![CDATA[]]></template>
</datalanguage>
<datalanguage iso_code="de" >
<name><![CDATA[Waiting cod validation]]></name>
<template><![CDATA[]]></template>
</datalanguage>
<datalanguage iso_code="en" >
<name><![CDATA[Waiting cod validation]]></name>
<template><![CDATA[]]></template>
</datalanguage>
<datalanguage iso_code="es" >
<name><![CDATA[Waiting cod validation]]></name>
<template><![CDATA[]]></template>
</datalanguage>
<datalanguage iso_code="fr" default="1" >
<name><![CDATA[Waiting cod validation]]></name>
<template><![CDATA[]]></template>
</datalanguage>
<datalanguage iso_code="gb" >
<name><![CDATA[Waiting cod validation]]></name>
<template><![CDATA[]]></template>
</datalanguage>
<datalanguage iso_code="gl" >
<name><![CDATA[Waiting cod validation]]></name>
<template><![CDATA[]]></template>
</datalanguage>
<datalanguage iso_code="it" >
<name><![CDATA[Waiting cod validation]]></name>
<template><![CDATA[]]></template>
</datalanguage>
</order_state>
<order_state><id_order_state><![CDATA[57]]></id_order_state>
<send_email><![CDATA[1]]></send_email>
<module_name><![CDATA[]]></module_name>
<invoice><![CDATA[0]]></invoice>
<color><![CDATA[#FF69B4]]></color>
<logable><![CDATA[0]]></logable>
<shipped><![CDATA[0]]></shipped>
<unremovable><![CDATA[1]]></unremovable>
<delivery><![CDATA[0]]></delivery>
<hidden><![CDATA[0]]></hidden>
<paid><![CDATA[0]]></paid>
<pdf_delivery><![CDATA[0]]></pdf_delivery>
<pdf_invoice><![CDATA[0]]></pdf_invoice>
<deleted><![CDATA[0]]></deleted>
<datalanguage iso_code="ca" >
<name><![CDATA[En attente de réapprovisionnement]]></name>
<template><![CDATA[outofstock]]></template>
</datalanguage>
<datalanguage iso_code="de" >
<name><![CDATA[Artikel erwartet]]></name>
<template><![CDATA[outofstock]]></template>
</datalanguage>
<datalanguage iso_code="en" >
<name><![CDATA[En attente de réapprovisionnement]]></name>
<template><![CDATA[outofstock]]></template>
</datalanguage>
<datalanguage iso_code="es" >
<name><![CDATA[Productos fuera de línea]]></name>
<template><![CDATA[outofstock]]></template>
</datalanguage>
<datalanguage iso_code="fr" default="1" >
<name><![CDATA[En attente de réapprovisionnement]]></name>
<template><![CDATA[outofstock]]></template>
</datalanguage>
<datalanguage iso_code="gb" >
<name><![CDATA[En attente de réapprovisionnement]]></name>
<template><![CDATA[outofstock]]></template>
</datalanguage>
<datalanguage iso_code="gl" >
<name><![CDATA[En attente de réapprovisionnement]]></name>
<template><![CDATA[outofstock]]></template>
</datalanguage>
<datalanguage iso_code="it" >
<name><![CDATA[In attesa di rifornimento]]></name>
<template><![CDATA[outofstock]]></template>
</datalanguage>
</order_state>
<order_state><id_order_state><![CDATA[58]]></id_order_state>
<send_email><![CDATA[0]]></send_email>
<module_name><![CDATA[cashondelivery]]></module_name>
<invoice><![CDATA[0]]></invoice>
<color><![CDATA[#4169E1]]></color>
<logable><![CDATA[0]]></logable>
<shipped><![CDATA[0]]></shipped>
<unremovable><![CDATA[1]]></unremovable>
<delivery><![CDATA[0]]></delivery>
<hidden><![CDATA[0]]></hidden>
<paid><![CDATA[0]]></paid>
<pdf_delivery><![CDATA[0]]></pdf_delivery>
<pdf_invoice><![CDATA[0]]></pdf_invoice>
<deleted><![CDATA[0]]></deleted>
<datalanguage iso_code="ca" >
<name><![CDATA[Waiting cod validation]]></name>
<template><![CDATA[]]></template>
</datalanguage>
<datalanguage iso_code="de" >
<name><![CDATA[Waiting cod validation]]></name>
<template><![CDATA[]]></template>
</datalanguage>
<datalanguage iso_code="en" >
<name><![CDATA[Waiting cod validation]]></name>
<template><![CDATA[]]></template>
</datalanguage>
<datalanguage iso_code="es" >
<name><![CDATA[Waiting cod validation]]></name>
<template><![CDATA[]]></template>
</datalanguage>
<datalanguage iso_code="fr" default="1" >
<name><![CDATA[Waiting cod validation]]></name>
<template><![CDATA[]]></template>
</datalanguage>
<datalanguage iso_code="gb" >
<name><![CDATA[Waiting cod validation]]></name>
<template><![CDATA[]]></template>
</datalanguage>
<datalanguage iso_code="gl" >
<name><![CDATA[Waiting cod validation]]></name>
<template><![CDATA[]]></template>
</datalanguage>
<datalanguage iso_code="it" >
<name><![CDATA[Waiting cod validation]]></name>
<template><![CDATA[]]></template>
</datalanguage>
</order_state>
<order_state><id_order_state><![CDATA[156]]></id_order_state>
<send_email><![CDATA[0]]></send_email>
<module_name><![CDATA[oyst]]></module_name>
<invoice><![CDATA[0]]></invoice>
<color><![CDATA[#FFF168]]></color>
<logable><![CDATA[0]]></logable>
<shipped><![CDATA[0]]></shipped>
<unremovable><![CDATA[1]]></unremovable>
<delivery><![CDATA[0]]></delivery>
<hidden><![CDATA[0]]></hidden>
<paid><![CDATA[0]]></paid>
<pdf_delivery><![CDATA[0]]></pdf_delivery>
<pdf_invoice><![CDATA[0]]></pdf_invoice>
<deleted><![CDATA[0]]></deleted>
<datalanguage iso_code="ca" >
<name><![CDATA[Annulation en cours]]></name>
<template><![CDATA[]]></template>
</datalanguage>
<datalanguage iso_code="de" >
<name><![CDATA[Annulation en cours]]></name>
<template><![CDATA[]]></template>
</datalanguage>
<datalanguage iso_code="en" >
<name><![CDATA[Annulation en cours]]></name>
<template><![CDATA[]]></template>
</datalanguage>
<datalanguage iso_code="es" >
<name><![CDATA[Annulation en cours]]></name>
<template><![CDATA[]]></template>
</datalanguage>
<datalanguage iso_code="fr" default="1" >
<name><![CDATA[Annulation en cours]]></name>
<template><![CDATA[]]></template>
</datalanguage>
<datalanguage iso_code="gb" >
<name><![CDATA[Annulation en cours]]></name>
<template><![CDATA[]]></template>
</datalanguage>
<datalanguage iso_code="gl" >
<name><![CDATA[Annulation en cours]]></name>
<template><![CDATA[]]></template>
</datalanguage>
<datalanguage iso_code="it" >
<name><![CDATA[Annulation en cours]]></name>
<template><![CDATA[]]></template>
</datalanguage>
</order_state>
<order_state><id_order_state><![CDATA[157]]></id_order_state>
<send_email><![CDATA[0]]></send_email>
<module_name><![CDATA[oyst]]></module_name>
<invoice><![CDATA[0]]></invoice>
<color><![CDATA[#FFF168]]></color>
<logable><![CDATA[0]]></logable>
<shipped><![CDATA[0]]></shipped>
<unremovable><![CDATA[1]]></unremovable>
<delivery><![CDATA[0]]></delivery>
<hidden><![CDATA[0]]></hidden>
<paid><![CDATA[0]]></paid>
<pdf_delivery><![CDATA[0]]></pdf_delivery>
<pdf_invoice><![CDATA[0]]></pdf_invoice>
<deleted><![CDATA[0]]></deleted>
<datalanguage iso_code="ca" >
<name><![CDATA[Remboursement en cours]]></name>
<template><![CDATA[]]></template>
</datalanguage>
<datalanguage iso_code="de" >
<name><![CDATA[Remboursement en cours]]></name>
<template><![CDATA[]]></template>
</datalanguage>
<datalanguage iso_code="en" >
<name><![CDATA[Remboursement en cours]]></name>
<template><![CDATA[]]></template>
</datalanguage>
<datalanguage iso_code="es" >
<name><![CDATA[Remboursement en cours]]></name>
<template><![CDATA[]]></template>
</datalanguage>
<datalanguage iso_code="fr" default="1" >
<name><![CDATA[Remboursement en cours]]></name>
<template><![CDATA[]]></template>
</datalanguage>
<datalanguage iso_code="gb" >
<name><![CDATA[Remboursement en cours]]></name>
<template><![CDATA[]]></template>
</datalanguage>
<datalanguage iso_code="gl" >
<name><![CDATA[Remboursement en cours]]></name>
<template><![CDATA[]]></template>
</datalanguage>
<datalanguage iso_code="it" >
<name><![CDATA[Remboursement en cours]]></name>
<template><![CDATA[]]></template>
</datalanguage>
</order_state>
<order_state><id_order_state><![CDATA[158]]></id_order_state>
<send_email><![CDATA[0]]></send_email>
<module_name><![CDATA[oyst]]></module_name>
<invoice><![CDATA[0]]></invoice>
<color><![CDATA[#FFF168]]></color>
<logable><![CDATA[0]]></logable>
<shipped><![CDATA[0]]></shipped>
<unremovable><![CDATA[1]]></unremovable>
<delivery><![CDATA[0]]></delivery>
<hidden><![CDATA[0]]></hidden>
<paid><![CDATA[0]]></paid>
<pdf_delivery><![CDATA[0]]></pdf_delivery>
<pdf_invoice><![CDATA[0]]></pdf_invoice>
<deleted><![CDATA[0]]></deleted>
<datalanguage iso_code="ca" >
<name><![CDATA[Remboursement partiel en cours]]></name>
<template><![CDATA[]]></template>
</datalanguage>
<datalanguage iso_code="de" >
<name><![CDATA[Remboursement partiel en cours]]></name>
<template><![CDATA[]]></template>
</datalanguage>
<datalanguage iso_code="en" >
<name><![CDATA[Remboursement partiel en cours]]></name>
<template><![CDATA[]]></template>
</datalanguage>
<datalanguage iso_code="es" >
<name><![CDATA[Remboursement partiel en cours]]></name>
<template><![CDATA[]]></template>
</datalanguage>
<datalanguage iso_code="fr" default="1" >
<name><![CDATA[Remboursement partiel en cours]]></name>
<template><![CDATA[]]></template>
</datalanguage>
<datalanguage iso_code="gb" >
<name><![CDATA[Remboursement partiel en cours]]></name>
<template><![CDATA[]]></template>
</datalanguage>
<datalanguage iso_code="gl" >
<name><![CDATA[Remboursement partiel en cours]]></name>
<template><![CDATA[]]></template>
</datalanguage>
<datalanguage iso_code="it" >
<name><![CDATA[Remboursement partiel en cours]]></name>
<template><![CDATA[]]></template>
</datalanguage>
</order_state>
<order_state><id_order_state><![CDATA[159]]></id_order_state>
<send_email><![CDATA[0]]></send_email>
<module_name><![CDATA[oyst]]></module_name>
<invoice><![CDATA[0]]></invoice>
<color><![CDATA[#FF7F50]]></color>
<logable><![CDATA[0]]></logable>
<shipped><![CDATA[0]]></shipped>
<unremovable><![CDATA[1]]></unremovable>
<delivery><![CDATA[0]]></delivery>
<hidden><![CDATA[0]]></hidden>
<paid><![CDATA[0]]></paid>
<pdf_delivery><![CDATA[0]]></pdf_delivery>
<pdf_invoice><![CDATA[0]]></pdf_invoice>
<deleted><![CDATA[0]]></deleted>
<datalanguage iso_code="ca" >
<name><![CDATA[Remboursement partiel]]></name>
<template><![CDATA[]]></template>
</datalanguage>
<datalanguage iso_code="de" >
<name><![CDATA[Remboursement partiel]]></name>
<template><![CDATA[]]></template>
</datalanguage>
<datalanguage iso_code="en" >
<name><![CDATA[Remboursement partiel]]></name>
<template><![CDATA[]]></template>
</datalanguage>
<datalanguage iso_code="es" >
<name><![CDATA[Remboursement partiel]]></name>
<template><![CDATA[]]></template>
</datalanguage>
<datalanguage iso_code="fr" default="1" >
<name><![CDATA[Remboursement partiel]]></name>
<template><![CDATA[]]></template>
</datalanguage>
<datalanguage iso_code="gb" >
<name><![CDATA[Remboursement partiel]]></name>
<template><![CDATA[]]></template>
</datalanguage>
<datalanguage iso_code="gl" >
<name><![CDATA[Remboursement partiel]]></name>
<template><![CDATA[]]></template>
</datalanguage>
<datalanguage iso_code="it" >
<name><![CDATA[Remboursement partiel]]></name>
<template><![CDATA[]]></template>
</datalanguage>
</order_state>
<order_state><id_order_state><![CDATA[160]]></id_order_state>
<send_email><![CDATA[0]]></send_email>
<module_name><![CDATA[oyst]]></module_name>
<invoice><![CDATA[0]]></invoice>
<color><![CDATA[#FF8C00]]></color>
<logable><![CDATA[0]]></logable>
<shipped><![CDATA[0]]></shipped>
<unremovable><![CDATA[1]]></unremovable>
<delivery><![CDATA[0]]></delivery>
<hidden><![CDATA[0]]></hidden>
<paid><![CDATA[0]]></paid>
<pdf_delivery><![CDATA[0]]></pdf_delivery>
<pdf_invoice><![CDATA[0]]></pdf_invoice>
<deleted><![CDATA[0]]></deleted>
<datalanguage iso_code="ca" >
<name><![CDATA[En attente de vérification fraude par Oyst]]></name>
<template><![CDATA[]]></template>
</datalanguage>
<datalanguage iso_code="de" >
<name><![CDATA[En attente de vérification fraude par Oyst]]></name>
<template><![CDATA[]]></template>
</datalanguage>
<datalanguage iso_code="en" >
<name><![CDATA[En attente de vérification fraude par Oyst]]></name>
<template><![CDATA[]]></template>
</datalanguage>
<datalanguage iso_code="es" >
<name><![CDATA[En attente de vérification fraude par Oyst]]></name>
<template><![CDATA[]]></template>
</datalanguage>
<datalanguage iso_code="fr" default="1" >
<name><![CDATA[En attente de vérification fraude par Oyst]]></name>
<template><![CDATA[]]></template>
</datalanguage>
<datalanguage iso_code="gb" >
<name><![CDATA[En attente de vérification fraude par Oyst]]></name>
<template><![CDATA[]]></template>
</datalanguage>
<datalanguage iso_code="gl" >
<name><![CDATA[En attente de vérification fraude par Oyst]]></name>
<template><![CDATA[]]></template>
</datalanguage>
<datalanguage iso_code="it" >
<name><![CDATA[En attente de vérification fraude par Oyst]]></name>
<template><![CDATA[]]></template>
</datalanguage>
</order_state>
<order_state><id_order_state><![CDATA[161]]></id_order_state>
<send_email><![CDATA[0]]></send_email>
<module_name><![CDATA[oyst]]></module_name>
<invoice><![CDATA[0]]></invoice>
<color><![CDATA[#360088]]></color>
<logable><![CDATA[0]]></logable>
<shipped><![CDATA[0]]></shipped>
<unremovable><![CDATA[1]]></unremovable>
<delivery><![CDATA[0]]></delivery>
<hidden><![CDATA[0]]></hidden>
<paid><![CDATA[0]]></paid>
<pdf_delivery><![CDATA[0]]></pdf_delivery>
<pdf_invoice><![CDATA[0]]></pdf_invoice>
<deleted><![CDATA[0]]></deleted>
<datalanguage iso_code="ca" >
<name><![CDATA[En attente de paiement chez Oyst]]></name>
<template><![CDATA[]]></template>
</datalanguage>
<datalanguage iso_code="de" >
<name><![CDATA[En attente de paiement chez Oyst]]></name>
<template><![CDATA[]]></template>
</datalanguage>
<datalanguage iso_code="en" >
<name><![CDATA[En attente de paiement chez Oyst]]></name>
<template><![CDATA[]]></template>
</datalanguage>
<datalanguage iso_code="es" >
<name><![CDATA[En attente de paiement chez Oyst]]></name>
<template><![CDATA[]]></template>
</datalanguage>
<datalanguage iso_code="fr" default="1" >
<name><![CDATA[En attente de paiement chez Oyst]]></name>
<template><![CDATA[]]></template>
</datalanguage>
<datalanguage iso_code="gb" >
<name><![CDATA[En attente de paiement chez Oyst]]></name>
<template><![CDATA[]]></template>
</datalanguage>
<datalanguage iso_code="gl" >
<name><![CDATA[En attente de paiement chez Oyst]]></name>
<template><![CDATA[]]></template>
</datalanguage>
<datalanguage iso_code="it" >
<name><![CDATA[En attente de paiement chez Oyst]]></name>
<template><![CDATA[]]></template>
</datalanguage>
</order_state>
<order_state><id_order_state><![CDATA[162]]></id_order_state>
<send_email><![CDATA[0]]></send_email>
<module_name><![CDATA[oyst]]></module_name>
<invoice><![CDATA[0]]></invoice>
<color><![CDATA[#980000]]></color>
<logable><![CDATA[0]]></logable>
<shipped><![CDATA[0]]></shipped>
<unremovable><![CDATA[1]]></unremovable>
<delivery><![CDATA[0]]></delivery>
<hidden><![CDATA[0]]></hidden>
<paid><![CDATA[0]]></paid>
<pdf_delivery><![CDATA[0]]></pdf_delivery>
<pdf_invoice><![CDATA[0]]></pdf_invoice>
<deleted><![CDATA[0]]></deleted>
<datalanguage iso_code="ca" >
<name><![CDATA[Paiement frauduleux - NE PAS EXPEDIER]]></name>
<template><![CDATA[]]></template>
</datalanguage>
<datalanguage iso_code="de" >
<name><![CDATA[Paiement frauduleux - NE PAS EXPEDIER]]></name>
<template><![CDATA[]]></template>
</datalanguage>
<datalanguage iso_code="en" >
<name><![CDATA[Paiement frauduleux - NE PAS EXPEDIER]]></name>
<template><![CDATA[]]></template>
</datalanguage>
<datalanguage iso_code="es" >
<name><![CDATA[Paiement frauduleux - NE PAS EXPEDIER]]></name>
<template><![CDATA[]]></template>
</datalanguage>
<datalanguage iso_code="fr" default="1" >
<name><![CDATA[Paiement frauduleux - NE PAS EXPEDIER]]></name>
<template><![CDATA[]]></template>
</datalanguage>
<datalanguage iso_code="gb" >
<name><![CDATA[Paiement frauduleux - NE PAS EXPEDIER]]></name>
<template><![CDATA[]]></template>
</datalanguage>
<datalanguage iso_code="gl" >
<name><![CDATA[Paiement frauduleux - NE PAS EXPEDIER]]></name>
<template><![CDATA[]]></template>
</datalanguage>
<datalanguage iso_code="it" >
<name><![CDATA[Paiement frauduleux - NE PAS EXPEDIER]]></name>
<template><![CDATA[]]></template>
</datalanguage>
</order_state>
<order_state><id_order_state><![CDATA[163]]></id_order_state>
<send_email><![CDATA[0]]></send_email>
<module_name><![CDATA[systempay]]></module_name>
<invoice><![CDATA[0]]></invoice>
<color><![CDATA[#FF8C00]]></color>
<logable><![CDATA[0]]></logable>
<shipped><![CDATA[0]]></shipped>
<unremovable><![CDATA[1]]></unremovable>
<delivery><![CDATA[0]]></delivery>
<hidden><![CDATA[0]]></hidden>
<paid><![CDATA[0]]></paid>
<pdf_delivery><![CDATA[0]]></pdf_delivery>
<pdf_invoice><![CDATA[0]]></pdf_invoice>
<deleted><![CDATA[0]]></deleted>
<datalanguage iso_code="ca" >
<name><![CDATA[Funding request in progress]]></name>
<template><![CDATA[]]></template>
</datalanguage>
<datalanguage iso_code="de" >
<name><![CDATA[Finanzierungsanfrage im Gange]]></name>
<template><![CDATA[]]></template>
</datalanguage>
<datalanguage iso_code="en" >
<name><![CDATA[Funding request in progress]]></name>
<template><![CDATA[]]></template>
</datalanguage>
<datalanguage iso_code="es" >
<name><![CDATA[Funding request in progress]]></name>
<template><![CDATA[]]></template>
</datalanguage>
<datalanguage iso_code="fr" default="1" >
<name><![CDATA[Demande de financement en cours]]></name>
<template><![CDATA[]]></template>
</datalanguage>
<datalanguage iso_code="gb" >
<name><![CDATA[Funding request in progress]]></name>
<template><![CDATA[]]></template>
</datalanguage>
<datalanguage iso_code="gl" >
<name><![CDATA[Funding request in progress]]></name>
<template><![CDATA[]]></template>
</datalanguage>
<datalanguage iso_code="it" >
<name><![CDATA[Funding request in progress]]></name>
<template><![CDATA[]]></template>
</datalanguage>
</order_state>
<order_state><id_order_state><![CDATA[164]]></id_order_state>
<send_email><![CDATA[0]]></send_email>
<module_name><![CDATA[systempay]]></module_name>
<invoice><![CDATA[0]]></invoice>
<color><![CDATA[#41664D]]></color>
<logable><![CDATA[0]]></logable>
<shipped><![CDATA[0]]></shipped>
<unremovable><![CDATA[1]]></unremovable>
<delivery><![CDATA[0]]></delivery>
<hidden><![CDATA[0]]></hidden>
<paid><![CDATA[0]]></paid>
<pdf_delivery><![CDATA[0]]></pdf_delivery>
<pdf_invoice><![CDATA[0]]></pdf_invoice>
<deleted><![CDATA[0]]></deleted>
<datalanguage iso_code="ca" >
<name><![CDATA[To validate payment]]></name>
<template><![CDATA[]]></template>
</datalanguage>
<datalanguage iso_code="de" >
<name><![CDATA[Um zu überprüfen Zahlung]]></name>
<template><![CDATA[]]></template>
</datalanguage>
<datalanguage iso_code="en" >
<name><![CDATA[To validate payment]]></name>
<template><![CDATA[]]></template>
</datalanguage>
<datalanguage iso_code="es" >
<name><![CDATA[To validate payment]]></name>
<template><![CDATA[]]></template>
</datalanguage>
<datalanguage iso_code="fr" default="1" >
<name><![CDATA[Paiement à valider]]></name>
<template><![CDATA[]]></template>
</datalanguage>
<datalanguage iso_code="gb" >
<name><![CDATA[To validate payment]]></name>
<template><![CDATA[]]></template>
</datalanguage>
<datalanguage iso_code="gl" >
<name><![CDATA[To validate payment]]></name>
<template><![CDATA[]]></template>
</datalanguage>
<datalanguage iso_code="it" >
<name><![CDATA[To validate payment]]></name>
<template><![CDATA[]]></template>
</datalanguage>
</order_state>
<order_state><id_order_state><![CDATA[165]]></id_order_state>
<send_email><![CDATA[0]]></send_email>
<module_name><![CDATA[systempay]]></module_name>
<invoice><![CDATA[0]]></invoice>
<color><![CDATA[#FF8C00]]></color>
<logable><![CDATA[0]]></logable>
<shipped><![CDATA[0]]></shipped>
<unremovable><![CDATA[1]]></unremovable>
<delivery><![CDATA[0]]></delivery>
<hidden><![CDATA[0]]></hidden>
<paid><![CDATA[0]]></paid>
<pdf_delivery><![CDATA[0]]></pdf_delivery>
<pdf_invoice><![CDATA[0]]></pdf_invoice>
<deleted><![CDATA[0]]></deleted>
<datalanguage iso_code="ca" >
<name><![CDATA[Pending authorization]]></name>
<template><![CDATA[]]></template>
</datalanguage>
<datalanguage iso_code="de" >
<name><![CDATA[Autorisierung angefragt]]></name>
<template><![CDATA[]]></template>
</datalanguage>
<datalanguage iso_code="en" >
<name><![CDATA[Pending authorization]]></name>
<template><![CDATA[]]></template>
</datalanguage>
<datalanguage iso_code="es" >
<name><![CDATA[Pending authorization]]></name>
<template><![CDATA[]]></template>
</datalanguage>
<datalanguage iso_code="fr" default="1" >
<name><![CDATA[En attente d'autorisation]]></name>
<template><![CDATA[]]></template>
</datalanguage>
<datalanguage iso_code="gb" >
<name><![CDATA[Pending authorization]]></name>
<template><![CDATA[]]></template>
</datalanguage>
<datalanguage iso_code="gl" >
<name><![CDATA[Pending authorization]]></name>
<template><![CDATA[]]></template>
</datalanguage>
<datalanguage iso_code="it" >
<name><![CDATA[Pending authorization]]></name>
<template><![CDATA[]]></template>
</datalanguage>
</order_state>
<order_state><id_order_state><![CDATA[166]]></id_order_state>
<send_email><![CDATA[0]]></send_email>
<module_name><![CDATA[]]></module_name>
<invoice><![CDATA[1]]></invoice>
<color><![CDATA[#ffe6a8]]></color>
<logable><![CDATA[0]]></logable>
<shipped><![CDATA[0]]></shipped>
<unremovable><![CDATA[0]]></unremovable>
<delivery><![CDATA[0]]></delivery>
<hidden><![CDATA[0]]></hidden>
<paid><![CDATA[0]]></paid>
<pdf_delivery><![CDATA[0]]></pdf_delivery>
<pdf_invoice><![CDATA[0]]></pdf_invoice>
<deleted><![CDATA[0]]></deleted>
<datalanguage iso_code="ca" >
<name><![CDATA[En attente de règlement du solde]]></name>
<template><![CDATA[]]></template>
</datalanguage>
<datalanguage iso_code="de" >
<name><![CDATA[En attente de règlement du solde]]></name>
<template><![CDATA[]]></template>
</datalanguage>
<datalanguage iso_code="en" >
<name><![CDATA[En attente de règlement du solde]]></name>
<template><![CDATA[]]></template>
</datalanguage>
<datalanguage iso_code="es" >
<name><![CDATA[En attente de règlement du solde]]></name>
<template><![CDATA[]]></template>
</datalanguage>
<datalanguage iso_code="fr" default="1" >
<name><![CDATA[En attente de règlement du solde]]></name>
<template><![CDATA[]]></template>
</datalanguage>
<datalanguage iso_code="gb" >
<name><![CDATA[En attente de règlement du solde]]></name>
<template><![CDATA[]]></template>
</datalanguage>
<datalanguage iso_code="gl" >
<name><![CDATA[En attente de règlement du solde]]></name>
<template><![CDATA[]]></template>
</datalanguage>
<datalanguage iso_code="it" >
<name><![CDATA[En attente de règlement du solde]]></name>
<template><![CDATA[]]></template>
</datalanguage>
</order_state>
</entity_profile>
