<?xml version="1.0" encoding="UTF-8"?>
<entity_profile>
<product_attribute_combination><id_attribute><![CDATA[89]]></id_attribute>
<id_product_attribute><![CDATA[0]]></id_product_attribute>
</product_attribute_combination>
<product_attribute_combination><id_attribute><![CDATA[3]]></id_attribute>
<id_product_attribute><![CDATA[9]]></id_product_attribute>
</product_attribute_combination>
<product_attribute_combination><id_attribute><![CDATA[3]]></id_attribute>
<id_product_attribute><![CDATA[12]]></id_product_attribute>
</product_attribute_combination>
<product_attribute_combination><id_attribute><![CDATA[3]]></id_attribute>
<id_product_attribute><![CDATA[13]]></id_product_attribute>
</product_attribute_combination>
<product_attribute_combination><id_attribute><![CDATA[3]]></id_attribute>
<id_product_attribute><![CDATA[14]]></id_product_attribute>
</product_attribute_combination>
<product_attribute_combination><id_attribute><![CDATA[3]]></id_attribute>
<id_product_attribute><![CDATA[15]]></id_product_attribute>
</product_attribute_combination>
<product_attribute_combination><id_attribute><![CDATA[3]]></id_attribute>
<id_product_attribute><![CDATA[29]]></id_product_attribute>
</product_attribute_combination>
<product_attribute_combination><id_attribute><![CDATA[3]]></id_attribute>
<id_product_attribute><![CDATA[30]]></id_product_attribute>
</product_attribute_combination>
<product_attribute_combination><id_attribute><![CDATA[14]]></id_attribute>
<id_product_attribute><![CDATA[31]]></id_product_attribute>
</product_attribute_combination>
<product_attribute_combination><id_attribute><![CDATA[14]]></id_attribute>
<id_product_attribute><![CDATA[32]]></id_product_attribute>
</product_attribute_combination>
<product_attribute_combination><id_attribute><![CDATA[14]]></id_attribute>
<id_product_attribute><![CDATA[60]]></id_product_attribute>
</product_attribute_combination>
<product_attribute_combination><id_attribute><![CDATA[20]]></id_attribute>
<id_product_attribute><![CDATA[62]]></id_product_attribute>
</product_attribute_combination>
<product_attribute_combination><id_attribute><![CDATA[22]]></id_attribute>
<id_product_attribute><![CDATA[75]]></id_product_attribute>
</product_attribute_combination>
<product_attribute_combination><id_attribute><![CDATA[24]]></id_attribute>
<id_product_attribute><![CDATA[75]]></id_product_attribute>
</product_attribute_combination>
<product_attribute_combination><id_attribute><![CDATA[21]]></id_attribute>
<id_product_attribute><![CDATA[76]]></id_product_attribute>
</product_attribute_combination>
<product_attribute_combination><id_attribute><![CDATA[24]]></id_attribute>
<id_product_attribute><![CDATA[76]]></id_product_attribute>
</product_attribute_combination>
<product_attribute_combination><id_attribute><![CDATA[22]]></id_attribute>
<id_product_attribute><![CDATA[77]]></id_product_attribute>
</product_attribute_combination>
<product_attribute_combination><id_attribute><![CDATA[23]]></id_attribute>
<id_product_attribute><![CDATA[77]]></id_product_attribute>
</product_attribute_combination>
<product_attribute_combination><id_attribute><![CDATA[22]]></id_attribute>
<id_product_attribute><![CDATA[85]]></id_product_attribute>
</product_attribute_combination>
<product_attribute_combination><id_attribute><![CDATA[21]]></id_attribute>
<id_product_attribute><![CDATA[86]]></id_product_attribute>
</product_attribute_combination>
<product_attribute_combination><id_attribute><![CDATA[26]]></id_attribute>
<id_product_attribute><![CDATA[89]]></id_product_attribute>
</product_attribute_combination>
<product_attribute_combination><id_attribute><![CDATA[22]]></id_attribute>
<id_product_attribute><![CDATA[90]]></id_product_attribute>
</product_attribute_combination>
<product_attribute_combination><id_attribute><![CDATA[24]]></id_attribute>
<id_product_attribute><![CDATA[90]]></id_product_attribute>
</product_attribute_combination>
<product_attribute_combination><id_attribute><![CDATA[21]]></id_attribute>
<id_product_attribute><![CDATA[91]]></id_product_attribute>
</product_attribute_combination>
<product_attribute_combination><id_attribute><![CDATA[24]]></id_attribute>
<id_product_attribute><![CDATA[91]]></id_product_attribute>
</product_attribute_combination>
<product_attribute_combination><id_attribute><![CDATA[22]]></id_attribute>
<id_product_attribute><![CDATA[92]]></id_product_attribute>
</product_attribute_combination>
<product_attribute_combination><id_attribute><![CDATA[23]]></id_attribute>
<id_product_attribute><![CDATA[92]]></id_product_attribute>
</product_attribute_combination>
<product_attribute_combination><id_attribute><![CDATA[21]]></id_attribute>
<id_product_attribute><![CDATA[93]]></id_product_attribute>
</product_attribute_combination>
<product_attribute_combination><id_attribute><![CDATA[23]]></id_attribute>
<id_product_attribute><![CDATA[93]]></id_product_attribute>
</product_attribute_combination>
<product_attribute_combination><id_attribute><![CDATA[22]]></id_attribute>
<id_product_attribute><![CDATA[98]]></id_product_attribute>
</product_attribute_combination>
<product_attribute_combination><id_attribute><![CDATA[21]]></id_attribute>
<id_product_attribute><![CDATA[99]]></id_product_attribute>
</product_attribute_combination>
<product_attribute_combination><id_attribute><![CDATA[22]]></id_attribute>
<id_product_attribute><![CDATA[106]]></id_product_attribute>
</product_attribute_combination>
<product_attribute_combination><id_attribute><![CDATA[21]]></id_attribute>
<id_product_attribute><![CDATA[107]]></id_product_attribute>
</product_attribute_combination>
<product_attribute_combination><id_attribute><![CDATA[22]]></id_attribute>
<id_product_attribute><![CDATA[108]]></id_product_attribute>
</product_attribute_combination>
<product_attribute_combination><id_attribute><![CDATA[21]]></id_attribute>
<id_product_attribute><![CDATA[109]]></id_product_attribute>
</product_attribute_combination>
<product_attribute_combination><id_attribute><![CDATA[22]]></id_attribute>
<id_product_attribute><![CDATA[130]]></id_product_attribute>
</product_attribute_combination>
<product_attribute_combination><id_attribute><![CDATA[21]]></id_attribute>
<id_product_attribute><![CDATA[131]]></id_product_attribute>
</product_attribute_combination>
<product_attribute_combination><id_attribute><![CDATA[35]]></id_attribute>
<id_product_attribute><![CDATA[141]]></id_product_attribute>
</product_attribute_combination>
<product_attribute_combination><id_attribute><![CDATA[34]]></id_attribute>
<id_product_attribute><![CDATA[142]]></id_product_attribute>
</product_attribute_combination>
<product_attribute_combination><id_attribute><![CDATA[33]]></id_attribute>
<id_product_attribute><![CDATA[143]]></id_product_attribute>
</product_attribute_combination>
<product_attribute_combination><id_attribute><![CDATA[36]]></id_attribute>
<id_product_attribute><![CDATA[144]]></id_product_attribute>
</product_attribute_combination>
<product_attribute_combination><id_attribute><![CDATA[34]]></id_attribute>
<id_product_attribute><![CDATA[147]]></id_product_attribute>
</product_attribute_combination>
<product_attribute_combination><id_attribute><![CDATA[35]]></id_attribute>
<id_product_attribute><![CDATA[149]]></id_product_attribute>
</product_attribute_combination>
<product_attribute_combination><id_attribute><![CDATA[41]]></id_attribute>
<id_product_attribute><![CDATA[152]]></id_product_attribute>
</product_attribute_combination>
<product_attribute_combination><id_attribute><![CDATA[40]]></id_attribute>
<id_product_attribute><![CDATA[153]]></id_product_attribute>
</product_attribute_combination>
<product_attribute_combination><id_attribute><![CDATA[22]]></id_attribute>
<id_product_attribute><![CDATA[187]]></id_product_attribute>
</product_attribute_combination>
<product_attribute_combination><id_attribute><![CDATA[24]]></id_attribute>
<id_product_attribute><![CDATA[187]]></id_product_attribute>
</product_attribute_combination>
<product_attribute_combination><id_attribute><![CDATA[21]]></id_attribute>
<id_product_attribute><![CDATA[188]]></id_product_attribute>
</product_attribute_combination>
<product_attribute_combination><id_attribute><![CDATA[24]]></id_attribute>
<id_product_attribute><![CDATA[188]]></id_product_attribute>
</product_attribute_combination>
<product_attribute_combination><id_attribute><![CDATA[22]]></id_attribute>
<id_product_attribute><![CDATA[189]]></id_product_attribute>
</product_attribute_combination>
<product_attribute_combination><id_attribute><![CDATA[23]]></id_attribute>
<id_product_attribute><![CDATA[189]]></id_product_attribute>
</product_attribute_combination>
<product_attribute_combination><id_attribute><![CDATA[21]]></id_attribute>
<id_product_attribute><![CDATA[190]]></id_product_attribute>
</product_attribute_combination>
<product_attribute_combination><id_attribute><![CDATA[23]]></id_attribute>
<id_product_attribute><![CDATA[190]]></id_product_attribute>
</product_attribute_combination>
<product_attribute_combination><id_attribute><![CDATA[34]]></id_attribute>
<id_product_attribute><![CDATA[193]]></id_product_attribute>
</product_attribute_combination>
<product_attribute_combination><id_attribute><![CDATA[56]]></id_attribute>
<id_product_attribute><![CDATA[201]]></id_product_attribute>
</product_attribute_combination>
<product_attribute_combination><id_attribute><![CDATA[59]]></id_attribute>
<id_product_attribute><![CDATA[201]]></id_product_attribute>
</product_attribute_combination>
<product_attribute_combination><id_attribute><![CDATA[33]]></id_attribute>
<id_product_attribute><![CDATA[202]]></id_product_attribute>
</product_attribute_combination>
<product_attribute_combination><id_attribute><![CDATA[59]]></id_attribute>
<id_product_attribute><![CDATA[202]]></id_product_attribute>
</product_attribute_combination>
<product_attribute_combination><id_attribute><![CDATA[56]]></id_attribute>
<id_product_attribute><![CDATA[203]]></id_product_attribute>
</product_attribute_combination>
<product_attribute_combination><id_attribute><![CDATA[62]]></id_attribute>
<id_product_attribute><![CDATA[203]]></id_product_attribute>
</product_attribute_combination>
<product_attribute_combination><id_attribute><![CDATA[56]]></id_attribute>
<id_product_attribute><![CDATA[204]]></id_product_attribute>
</product_attribute_combination>
<product_attribute_combination><id_attribute><![CDATA[63]]></id_attribute>
<id_product_attribute><![CDATA[204]]></id_product_attribute>
</product_attribute_combination>
<product_attribute_combination><id_attribute><![CDATA[56]]></id_attribute>
<id_product_attribute><![CDATA[205]]></id_product_attribute>
</product_attribute_combination>
<product_attribute_combination><id_attribute><![CDATA[64]]></id_attribute>
<id_product_attribute><![CDATA[205]]></id_product_attribute>
</product_attribute_combination>
<product_attribute_combination><id_attribute><![CDATA[33]]></id_attribute>
<id_product_attribute><![CDATA[206]]></id_product_attribute>
</product_attribute_combination>
<product_attribute_combination><id_attribute><![CDATA[62]]></id_attribute>
<id_product_attribute><![CDATA[206]]></id_product_attribute>
</product_attribute_combination>
<product_attribute_combination><id_attribute><![CDATA[33]]></id_attribute>
<id_product_attribute><![CDATA[207]]></id_product_attribute>
</product_attribute_combination>
<product_attribute_combination><id_attribute><![CDATA[65]]></id_attribute>
<id_product_attribute><![CDATA[207]]></id_product_attribute>
</product_attribute_combination>
<product_attribute_combination><id_attribute><![CDATA[22]]></id_attribute>
<id_product_attribute><![CDATA[214]]></id_product_attribute>
</product_attribute_combination>
<product_attribute_combination><id_attribute><![CDATA[70]]></id_attribute>
<id_product_attribute><![CDATA[214]]></id_product_attribute>
</product_attribute_combination>
<product_attribute_combination><id_attribute><![CDATA[21]]></id_attribute>
<id_product_attribute><![CDATA[217]]></id_product_attribute>
</product_attribute_combination>
<product_attribute_combination><id_attribute><![CDATA[70]]></id_attribute>
<id_product_attribute><![CDATA[217]]></id_product_attribute>
</product_attribute_combination>
<product_attribute_combination><id_attribute><![CDATA[21]]></id_attribute>
<id_product_attribute><![CDATA[222]]></id_product_attribute>
</product_attribute_combination>
<product_attribute_combination><id_attribute><![CDATA[72]]></id_attribute>
<id_product_attribute><![CDATA[222]]></id_product_attribute>
</product_attribute_combination>
<product_attribute_combination><id_attribute><![CDATA[22]]></id_attribute>
<id_product_attribute><![CDATA[223]]></id_product_attribute>
</product_attribute_combination>
<product_attribute_combination><id_attribute><![CDATA[72]]></id_attribute>
<id_product_attribute><![CDATA[223]]></id_product_attribute>
</product_attribute_combination>
<product_attribute_combination><id_attribute><![CDATA[22]]></id_attribute>
<id_product_attribute><![CDATA[224]]></id_product_attribute>
</product_attribute_combination>
<product_attribute_combination><id_attribute><![CDATA[34]]></id_attribute>
<id_product_attribute><![CDATA[225]]></id_product_attribute>
</product_attribute_combination>
<product_attribute_combination><id_attribute><![CDATA[75]]></id_attribute>
<id_product_attribute><![CDATA[242]]></id_product_attribute>
</product_attribute_combination>
<product_attribute_combination><id_attribute><![CDATA[77]]></id_attribute>
<id_product_attribute><![CDATA[243]]></id_product_attribute>
</product_attribute_combination>
<product_attribute_combination><id_attribute><![CDATA[43]]></id_attribute>
<id_product_attribute><![CDATA[254]]></id_product_attribute>
</product_attribute_combination>
<product_attribute_combination><id_attribute><![CDATA[46]]></id_attribute>
<id_product_attribute><![CDATA[254]]></id_product_attribute>
</product_attribute_combination>
<product_attribute_combination><id_attribute><![CDATA[43]]></id_attribute>
<id_product_attribute><![CDATA[255]]></id_product_attribute>
</product_attribute_combination>
<product_attribute_combination><id_attribute><![CDATA[47]]></id_attribute>
<id_product_attribute><![CDATA[255]]></id_product_attribute>
</product_attribute_combination>
<product_attribute_combination><id_attribute><![CDATA[43]]></id_attribute>
<id_product_attribute><![CDATA[256]]></id_product_attribute>
</product_attribute_combination>
<product_attribute_combination><id_attribute><![CDATA[48]]></id_attribute>
<id_product_attribute><![CDATA[256]]></id_product_attribute>
</product_attribute_combination>
<product_attribute_combination><id_attribute><![CDATA[43]]></id_attribute>
<id_product_attribute><![CDATA[257]]></id_product_attribute>
</product_attribute_combination>
<product_attribute_combination><id_attribute><![CDATA[49]]></id_attribute>
<id_product_attribute><![CDATA[257]]></id_product_attribute>
</product_attribute_combination>
<product_attribute_combination><id_attribute><![CDATA[43]]></id_attribute>
<id_product_attribute><![CDATA[258]]></id_product_attribute>
</product_attribute_combination>
<product_attribute_combination><id_attribute><![CDATA[50]]></id_attribute>
<id_product_attribute><![CDATA[258]]></id_product_attribute>
</product_attribute_combination>
<product_attribute_combination><id_attribute><![CDATA[43]]></id_attribute>
<id_product_attribute><![CDATA[259]]></id_product_attribute>
</product_attribute_combination>
<product_attribute_combination><id_attribute><![CDATA[51]]></id_attribute>
<id_product_attribute><![CDATA[259]]></id_product_attribute>
</product_attribute_combination>
<product_attribute_combination><id_attribute><![CDATA[45]]></id_attribute>
<id_product_attribute><![CDATA[290]]></id_product_attribute>
</product_attribute_combination>
<product_attribute_combination><id_attribute><![CDATA[47]]></id_attribute>
<id_product_attribute><![CDATA[290]]></id_product_attribute>
</product_attribute_combination>
<product_attribute_combination><id_attribute><![CDATA[45]]></id_attribute>
<id_product_attribute><![CDATA[291]]></id_product_attribute>
</product_attribute_combination>
<product_attribute_combination><id_attribute><![CDATA[48]]></id_attribute>
<id_product_attribute><![CDATA[291]]></id_product_attribute>
</product_attribute_combination>
<product_attribute_combination><id_attribute><![CDATA[45]]></id_attribute>
<id_product_attribute><![CDATA[292]]></id_product_attribute>
</product_attribute_combination>
<product_attribute_combination><id_attribute><![CDATA[49]]></id_attribute>
<id_product_attribute><![CDATA[292]]></id_product_attribute>
</product_attribute_combination>
<product_attribute_combination><id_attribute><![CDATA[45]]></id_attribute>
<id_product_attribute><![CDATA[293]]></id_product_attribute>
</product_attribute_combination>
<product_attribute_combination><id_attribute><![CDATA[50]]></id_attribute>
<id_product_attribute><![CDATA[293]]></id_product_attribute>
</product_attribute_combination>
<product_attribute_combination><id_attribute><![CDATA[45]]></id_attribute>
<id_product_attribute><![CDATA[294]]></id_product_attribute>
</product_attribute_combination>
<product_attribute_combination><id_attribute><![CDATA[51]]></id_attribute>
<id_product_attribute><![CDATA[294]]></id_product_attribute>
</product_attribute_combination>
<product_attribute_combination><id_attribute><![CDATA[45]]></id_attribute>
<id_product_attribute><![CDATA[295]]></id_product_attribute>
</product_attribute_combination>
<product_attribute_combination><id_attribute><![CDATA[46]]></id_attribute>
<id_product_attribute><![CDATA[295]]></id_product_attribute>
</product_attribute_combination>
<product_attribute_combination><id_attribute><![CDATA[46]]></id_attribute>
<id_product_attribute><![CDATA[308]]></id_product_attribute>
</product_attribute_combination>
<product_attribute_combination><id_attribute><![CDATA[47]]></id_attribute>
<id_product_attribute><![CDATA[309]]></id_product_attribute>
</product_attribute_combination>
<product_attribute_combination><id_attribute><![CDATA[48]]></id_attribute>
<id_product_attribute><![CDATA[310]]></id_product_attribute>
</product_attribute_combination>
<product_attribute_combination><id_attribute><![CDATA[49]]></id_attribute>
<id_product_attribute><![CDATA[311]]></id_product_attribute>
</product_attribute_combination>
<product_attribute_combination><id_attribute><![CDATA[50]]></id_attribute>
<id_product_attribute><![CDATA[312]]></id_product_attribute>
</product_attribute_combination>
<product_attribute_combination><id_attribute><![CDATA[51]]></id_attribute>
<id_product_attribute><![CDATA[313]]></id_product_attribute>
</product_attribute_combination>
<product_attribute_combination><id_attribute><![CDATA[81]]></id_attribute>
<id_product_attribute><![CDATA[338]]></id_product_attribute>
</product_attribute_combination>
<product_attribute_combination><id_attribute><![CDATA[82]]></id_attribute>
<id_product_attribute><![CDATA[339]]></id_product_attribute>
</product_attribute_combination>
<product_attribute_combination><id_attribute><![CDATA[83]]></id_attribute>
<id_product_attribute><![CDATA[340]]></id_product_attribute>
</product_attribute_combination>
<product_attribute_combination><id_attribute><![CDATA[84]]></id_attribute>
<id_product_attribute><![CDATA[341]]></id_product_attribute>
</product_attribute_combination>
<product_attribute_combination><id_attribute><![CDATA[85]]></id_attribute>
<id_product_attribute><![CDATA[342]]></id_product_attribute>
</product_attribute_combination>
<product_attribute_combination><id_attribute><![CDATA[86]]></id_attribute>
<id_product_attribute><![CDATA[355]]></id_product_attribute>
</product_attribute_combination>
<product_attribute_combination><id_attribute><![CDATA[87]]></id_attribute>
<id_product_attribute><![CDATA[356]]></id_product_attribute>
</product_attribute_combination>
<product_attribute_combination><id_attribute><![CDATA[88]]></id_attribute>
<id_product_attribute><![CDATA[357]]></id_product_attribute>
</product_attribute_combination>
<product_attribute_combination><id_attribute><![CDATA[91]]></id_attribute>
<id_product_attribute><![CDATA[376]]></id_product_attribute>
</product_attribute_combination>
<product_attribute_combination><id_attribute><![CDATA[90]]></id_attribute>
<id_product_attribute><![CDATA[377]]></id_product_attribute>
</product_attribute_combination>
<product_attribute_combination><id_attribute><![CDATA[70]]></id_attribute>
<id_product_attribute><![CDATA[378]]></id_product_attribute>
</product_attribute_combination>
<product_attribute_combination><id_attribute><![CDATA[41]]></id_attribute>
<id_product_attribute><![CDATA[380]]></id_product_attribute>
</product_attribute_combination>
<product_attribute_combination><id_attribute><![CDATA[40]]></id_attribute>
<id_product_attribute><![CDATA[381]]></id_product_attribute>
</product_attribute_combination>
<product_attribute_combination><id_attribute><![CDATA[21]]></id_attribute>
<id_product_attribute><![CDATA[382]]></id_product_attribute>
</product_attribute_combination>
<product_attribute_combination><id_attribute><![CDATA[23]]></id_attribute>
<id_product_attribute><![CDATA[382]]></id_product_attribute>
</product_attribute_combination>
<product_attribute_combination><id_attribute><![CDATA[67]]></id_attribute>
<id_product_attribute><![CDATA[383]]></id_product_attribute>
</product_attribute_combination>
<product_attribute_combination><id_attribute><![CDATA[66]]></id_attribute>
<id_product_attribute><![CDATA[384]]></id_product_attribute>
</product_attribute_combination>
<product_attribute_combination><id_attribute><![CDATA[88]]></id_attribute>
<id_product_attribute><![CDATA[387]]></id_product_attribute>
</product_attribute_combination>
<product_attribute_combination><id_attribute><![CDATA[87]]></id_attribute>
<id_product_attribute><![CDATA[388]]></id_product_attribute>
</product_attribute_combination>
<product_attribute_combination><id_attribute><![CDATA[99]]></id_attribute>
<id_product_attribute><![CDATA[1690]]></id_product_attribute>
</product_attribute_combination>
<product_attribute_combination><id_attribute><![CDATA[117]]></id_attribute>
<id_product_attribute><![CDATA[1690]]></id_product_attribute>
</product_attribute_combination>
<product_attribute_combination><id_attribute><![CDATA[100]]></id_attribute>
<id_product_attribute><![CDATA[1691]]></id_product_attribute>
</product_attribute_combination>
<product_attribute_combination><id_attribute><![CDATA[117]]></id_attribute>
<id_product_attribute><![CDATA[1691]]></id_product_attribute>
</product_attribute_combination>
<product_attribute_combination><id_attribute><![CDATA[110]]></id_attribute>
<id_product_attribute><![CDATA[1692]]></id_product_attribute>
</product_attribute_combination>
<product_attribute_combination><id_attribute><![CDATA[117]]></id_attribute>
<id_product_attribute><![CDATA[1692]]></id_product_attribute>
</product_attribute_combination>
<product_attribute_combination><id_attribute><![CDATA[101]]></id_attribute>
<id_product_attribute><![CDATA[1693]]></id_product_attribute>
</product_attribute_combination>
<product_attribute_combination><id_attribute><![CDATA[117]]></id_attribute>
<id_product_attribute><![CDATA[1693]]></id_product_attribute>
</product_attribute_combination>
<product_attribute_combination><id_attribute><![CDATA[102]]></id_attribute>
<id_product_attribute><![CDATA[1694]]></id_product_attribute>
</product_attribute_combination>
<product_attribute_combination><id_attribute><![CDATA[117]]></id_attribute>
<id_product_attribute><![CDATA[1694]]></id_product_attribute>
</product_attribute_combination>
<product_attribute_combination><id_attribute><![CDATA[96]]></id_attribute>
<id_product_attribute><![CDATA[1695]]></id_product_attribute>
</product_attribute_combination>
<product_attribute_combination><id_attribute><![CDATA[117]]></id_attribute>
<id_product_attribute><![CDATA[1695]]></id_product_attribute>
</product_attribute_combination>
<product_attribute_combination><id_attribute><![CDATA[103]]></id_attribute>
<id_product_attribute><![CDATA[1696]]></id_product_attribute>
</product_attribute_combination>
<product_attribute_combination><id_attribute><![CDATA[117]]></id_attribute>
<id_product_attribute><![CDATA[1696]]></id_product_attribute>
</product_attribute_combination>
<product_attribute_combination><id_attribute><![CDATA[54]]></id_attribute>
<id_product_attribute><![CDATA[1697]]></id_product_attribute>
</product_attribute_combination>
<product_attribute_combination><id_attribute><![CDATA[117]]></id_attribute>
<id_product_attribute><![CDATA[1697]]></id_product_attribute>
</product_attribute_combination>
<product_attribute_combination><id_attribute><![CDATA[104]]></id_attribute>
<id_product_attribute><![CDATA[1698]]></id_product_attribute>
</product_attribute_combination>
<product_attribute_combination><id_attribute><![CDATA[117]]></id_attribute>
<id_product_attribute><![CDATA[1698]]></id_product_attribute>
</product_attribute_combination>
<product_attribute_combination><id_attribute><![CDATA[106]]></id_attribute>
<id_product_attribute><![CDATA[1699]]></id_product_attribute>
</product_attribute_combination>
<product_attribute_combination><id_attribute><![CDATA[117]]></id_attribute>
<id_product_attribute><![CDATA[1699]]></id_product_attribute>
</product_attribute_combination>
<product_attribute_combination><id_attribute><![CDATA[107]]></id_attribute>
<id_product_attribute><![CDATA[1700]]></id_product_attribute>
</product_attribute_combination>
<product_attribute_combination><id_attribute><![CDATA[117]]></id_attribute>
<id_product_attribute><![CDATA[1700]]></id_product_attribute>
</product_attribute_combination>
<product_attribute_combination><id_attribute><![CDATA[109]]></id_attribute>
<id_product_attribute><![CDATA[1701]]></id_product_attribute>
</product_attribute_combination>
<product_attribute_combination><id_attribute><![CDATA[117]]></id_attribute>
<id_product_attribute><![CDATA[1701]]></id_product_attribute>
</product_attribute_combination>
<product_attribute_combination><id_attribute><![CDATA[98]]></id_attribute>
<id_product_attribute><![CDATA[1702]]></id_product_attribute>
</product_attribute_combination>
<product_attribute_combination><id_attribute><![CDATA[118]]></id_attribute>
<id_product_attribute><![CDATA[1702]]></id_product_attribute>
</product_attribute_combination>
<product_attribute_combination><id_attribute><![CDATA[99]]></id_attribute>
<id_product_attribute><![CDATA[1703]]></id_product_attribute>
</product_attribute_combination>
<product_attribute_combination><id_attribute><![CDATA[118]]></id_attribute>
<id_product_attribute><![CDATA[1703]]></id_product_attribute>
</product_attribute_combination>
<product_attribute_combination><id_attribute><![CDATA[100]]></id_attribute>
<id_product_attribute><![CDATA[1704]]></id_product_attribute>
</product_attribute_combination>
<product_attribute_combination><id_attribute><![CDATA[118]]></id_attribute>
<id_product_attribute><![CDATA[1704]]></id_product_attribute>
</product_attribute_combination>
<product_attribute_combination><id_attribute><![CDATA[110]]></id_attribute>
<id_product_attribute><![CDATA[1705]]></id_product_attribute>
</product_attribute_combination>
<product_attribute_combination><id_attribute><![CDATA[118]]></id_attribute>
<id_product_attribute><![CDATA[1705]]></id_product_attribute>
</product_attribute_combination>
<product_attribute_combination><id_attribute><![CDATA[101]]></id_attribute>
<id_product_attribute><![CDATA[1706]]></id_product_attribute>
</product_attribute_combination>
<product_attribute_combination><id_attribute><![CDATA[118]]></id_attribute>
<id_product_attribute><![CDATA[1706]]></id_product_attribute>
</product_attribute_combination>
<product_attribute_combination><id_attribute><![CDATA[102]]></id_attribute>
<id_product_attribute><![CDATA[1707]]></id_product_attribute>
</product_attribute_combination>
<product_attribute_combination><id_attribute><![CDATA[118]]></id_attribute>
<id_product_attribute><![CDATA[1707]]></id_product_attribute>
</product_attribute_combination>
<product_attribute_combination><id_attribute><![CDATA[96]]></id_attribute>
<id_product_attribute><![CDATA[1708]]></id_product_attribute>
</product_attribute_combination>
<product_attribute_combination><id_attribute><![CDATA[118]]></id_attribute>
<id_product_attribute><![CDATA[1708]]></id_product_attribute>
</product_attribute_combination>
<product_attribute_combination><id_attribute><![CDATA[103]]></id_attribute>
<id_product_attribute><![CDATA[1709]]></id_product_attribute>
</product_attribute_combination>
<product_attribute_combination><id_attribute><![CDATA[118]]></id_attribute>
<id_product_attribute><![CDATA[1709]]></id_product_attribute>
</product_attribute_combination>
<product_attribute_combination><id_attribute><![CDATA[54]]></id_attribute>
<id_product_attribute><![CDATA[1710]]></id_product_attribute>
</product_attribute_combination>
<product_attribute_combination><id_attribute><![CDATA[118]]></id_attribute>
<id_product_attribute><![CDATA[1710]]></id_product_attribute>
</product_attribute_combination>
<product_attribute_combination><id_attribute><![CDATA[104]]></id_attribute>
<id_product_attribute><![CDATA[1711]]></id_product_attribute>
</product_attribute_combination>
<product_attribute_combination><id_attribute><![CDATA[118]]></id_attribute>
<id_product_attribute><![CDATA[1711]]></id_product_attribute>
</product_attribute_combination>
<product_attribute_combination><id_attribute><![CDATA[106]]></id_attribute>
<id_product_attribute><![CDATA[1712]]></id_product_attribute>
</product_attribute_combination>
<product_attribute_combination><id_attribute><![CDATA[118]]></id_attribute>
<id_product_attribute><![CDATA[1712]]></id_product_attribute>
</product_attribute_combination>
<product_attribute_combination><id_attribute><![CDATA[107]]></id_attribute>
<id_product_attribute><![CDATA[1713]]></id_product_attribute>
</product_attribute_combination>
<product_attribute_combination><id_attribute><![CDATA[118]]></id_attribute>
<id_product_attribute><![CDATA[1713]]></id_product_attribute>
</product_attribute_combination>
<product_attribute_combination><id_attribute><![CDATA[109]]></id_attribute>
<id_product_attribute><![CDATA[1714]]></id_product_attribute>
</product_attribute_combination>
<product_attribute_combination><id_attribute><![CDATA[118]]></id_attribute>
<id_product_attribute><![CDATA[1714]]></id_product_attribute>
</product_attribute_combination>
<product_attribute_combination><id_attribute><![CDATA[98]]></id_attribute>
<id_product_attribute><![CDATA[1715]]></id_product_attribute>
</product_attribute_combination>
<product_attribute_combination><id_attribute><![CDATA[112]]></id_attribute>
<id_product_attribute><![CDATA[1715]]></id_product_attribute>
</product_attribute_combination>
<product_attribute_combination><id_attribute><![CDATA[99]]></id_attribute>
<id_product_attribute><![CDATA[1716]]></id_product_attribute>
</product_attribute_combination>
<product_attribute_combination><id_attribute><![CDATA[112]]></id_attribute>
<id_product_attribute><![CDATA[1716]]></id_product_attribute>
</product_attribute_combination>
<product_attribute_combination><id_attribute><![CDATA[100]]></id_attribute>
<id_product_attribute><![CDATA[1717]]></id_product_attribute>
</product_attribute_combination>
<product_attribute_combination><id_attribute><![CDATA[112]]></id_attribute>
<id_product_attribute><![CDATA[1717]]></id_product_attribute>
</product_attribute_combination>
<product_attribute_combination><id_attribute><![CDATA[110]]></id_attribute>
<id_product_attribute><![CDATA[1718]]></id_product_attribute>
</product_attribute_combination>
<product_attribute_combination><id_attribute><![CDATA[112]]></id_attribute>
<id_product_attribute><![CDATA[1718]]></id_product_attribute>
</product_attribute_combination>
<product_attribute_combination><id_attribute><![CDATA[101]]></id_attribute>
<id_product_attribute><![CDATA[1719]]></id_product_attribute>
</product_attribute_combination>
<product_attribute_combination><id_attribute><![CDATA[112]]></id_attribute>
<id_product_attribute><![CDATA[1719]]></id_product_attribute>
</product_attribute_combination>
<product_attribute_combination><id_attribute><![CDATA[102]]></id_attribute>
<id_product_attribute><![CDATA[1720]]></id_product_attribute>
</product_attribute_combination>
<product_attribute_combination><id_attribute><![CDATA[112]]></id_attribute>
<id_product_attribute><![CDATA[1720]]></id_product_attribute>
</product_attribute_combination>
<product_attribute_combination><id_attribute><![CDATA[96]]></id_attribute>
<id_product_attribute><![CDATA[1721]]></id_product_attribute>
</product_attribute_combination>
<product_attribute_combination><id_attribute><![CDATA[112]]></id_attribute>
<id_product_attribute><![CDATA[1721]]></id_product_attribute>
</product_attribute_combination>
<product_attribute_combination><id_attribute><![CDATA[103]]></id_attribute>
<id_product_attribute><![CDATA[1722]]></id_product_attribute>
</product_attribute_combination>
<product_attribute_combination><id_attribute><![CDATA[112]]></id_attribute>
<id_product_attribute><![CDATA[1722]]></id_product_attribute>
</product_attribute_combination>
<product_attribute_combination><id_attribute><![CDATA[54]]></id_attribute>
<id_product_attribute><![CDATA[1723]]></id_product_attribute>
</product_attribute_combination>
<product_attribute_combination><id_attribute><![CDATA[112]]></id_attribute>
<id_product_attribute><![CDATA[1723]]></id_product_attribute>
</product_attribute_combination>
<product_attribute_combination><id_attribute><![CDATA[104]]></id_attribute>
<id_product_attribute><![CDATA[1724]]></id_product_attribute>
</product_attribute_combination>
<product_attribute_combination><id_attribute><![CDATA[112]]></id_attribute>
<id_product_attribute><![CDATA[1724]]></id_product_attribute>
</product_attribute_combination>
<product_attribute_combination><id_attribute><![CDATA[106]]></id_attribute>
<id_product_attribute><![CDATA[1725]]></id_product_attribute>
</product_attribute_combination>
<product_attribute_combination><id_attribute><![CDATA[112]]></id_attribute>
<id_product_attribute><![CDATA[1725]]></id_product_attribute>
</product_attribute_combination>
<product_attribute_combination><id_attribute><![CDATA[107]]></id_attribute>
<id_product_attribute><![CDATA[1726]]></id_product_attribute>
</product_attribute_combination>
<product_attribute_combination><id_attribute><![CDATA[112]]></id_attribute>
<id_product_attribute><![CDATA[1726]]></id_product_attribute>
</product_attribute_combination>
<product_attribute_combination><id_attribute><![CDATA[109]]></id_attribute>
<id_product_attribute><![CDATA[1727]]></id_product_attribute>
</product_attribute_combination>
<product_attribute_combination><id_attribute><![CDATA[112]]></id_attribute>
<id_product_attribute><![CDATA[1727]]></id_product_attribute>
</product_attribute_combination>
<product_attribute_combination><id_attribute><![CDATA[98]]></id_attribute>
<id_product_attribute><![CDATA[1728]]></id_product_attribute>
</product_attribute_combination>
<product_attribute_combination><id_attribute><![CDATA[119]]></id_attribute>
<id_product_attribute><![CDATA[1728]]></id_product_attribute>
</product_attribute_combination>
<product_attribute_combination><id_attribute><![CDATA[99]]></id_attribute>
<id_product_attribute><![CDATA[1729]]></id_product_attribute>
</product_attribute_combination>
<product_attribute_combination><id_attribute><![CDATA[119]]></id_attribute>
<id_product_attribute><![CDATA[1729]]></id_product_attribute>
</product_attribute_combination>
<product_attribute_combination><id_attribute><![CDATA[100]]></id_attribute>
<id_product_attribute><![CDATA[1730]]></id_product_attribute>
</product_attribute_combination>
<product_attribute_combination><id_attribute><![CDATA[119]]></id_attribute>
<id_product_attribute><![CDATA[1730]]></id_product_attribute>
</product_attribute_combination>
<product_attribute_combination><id_attribute><![CDATA[110]]></id_attribute>
<id_product_attribute><![CDATA[1731]]></id_product_attribute>
</product_attribute_combination>
<product_attribute_combination><id_attribute><![CDATA[119]]></id_attribute>
<id_product_attribute><![CDATA[1731]]></id_product_attribute>
</product_attribute_combination>
<product_attribute_combination><id_attribute><![CDATA[101]]></id_attribute>
<id_product_attribute><![CDATA[1732]]></id_product_attribute>
</product_attribute_combination>
<product_attribute_combination><id_attribute><![CDATA[119]]></id_attribute>
<id_product_attribute><![CDATA[1732]]></id_product_attribute>
</product_attribute_combination>
<product_attribute_combination><id_attribute><![CDATA[102]]></id_attribute>
<id_product_attribute><![CDATA[1733]]></id_product_attribute>
</product_attribute_combination>
<product_attribute_combination><id_attribute><![CDATA[119]]></id_attribute>
<id_product_attribute><![CDATA[1733]]></id_product_attribute>
</product_attribute_combination>
<product_attribute_combination><id_attribute><![CDATA[96]]></id_attribute>
<id_product_attribute><![CDATA[1734]]></id_product_attribute>
</product_attribute_combination>
<product_attribute_combination><id_attribute><![CDATA[119]]></id_attribute>
<id_product_attribute><![CDATA[1734]]></id_product_attribute>
</product_attribute_combination>
<product_attribute_combination><id_attribute><![CDATA[103]]></id_attribute>
<id_product_attribute><![CDATA[1735]]></id_product_attribute>
</product_attribute_combination>
<product_attribute_combination><id_attribute><![CDATA[119]]></id_attribute>
<id_product_attribute><![CDATA[1735]]></id_product_attribute>
</product_attribute_combination>
<product_attribute_combination><id_attribute><![CDATA[54]]></id_attribute>
<id_product_attribute><![CDATA[1736]]></id_product_attribute>
</product_attribute_combination>
<product_attribute_combination><id_attribute><![CDATA[119]]></id_attribute>
<id_product_attribute><![CDATA[1736]]></id_product_attribute>
</product_attribute_combination>
<product_attribute_combination><id_attribute><![CDATA[104]]></id_attribute>
<id_product_attribute><![CDATA[1737]]></id_product_attribute>
</product_attribute_combination>
<product_attribute_combination><id_attribute><![CDATA[119]]></id_attribute>
<id_product_attribute><![CDATA[1737]]></id_product_attribute>
</product_attribute_combination>
<product_attribute_combination><id_attribute><![CDATA[106]]></id_attribute>
<id_product_attribute><![CDATA[1738]]></id_product_attribute>
</product_attribute_combination>
<product_attribute_combination><id_attribute><![CDATA[119]]></id_attribute>
<id_product_attribute><![CDATA[1738]]></id_product_attribute>
</product_attribute_combination>
<product_attribute_combination><id_attribute><![CDATA[107]]></id_attribute>
<id_product_attribute><![CDATA[1739]]></id_product_attribute>
</product_attribute_combination>
<product_attribute_combination><id_attribute><![CDATA[119]]></id_attribute>
<id_product_attribute><![CDATA[1739]]></id_product_attribute>
</product_attribute_combination>
<product_attribute_combination><id_attribute><![CDATA[109]]></id_attribute>
<id_product_attribute><![CDATA[1740]]></id_product_attribute>
</product_attribute_combination>
<product_attribute_combination><id_attribute><![CDATA[119]]></id_attribute>
<id_product_attribute><![CDATA[1740]]></id_product_attribute>
</product_attribute_combination>
<product_attribute_combination><id_attribute><![CDATA[98]]></id_attribute>
<id_product_attribute><![CDATA[1741]]></id_product_attribute>
</product_attribute_combination>
<product_attribute_combination><id_attribute><![CDATA[113]]></id_attribute>
<id_product_attribute><![CDATA[1741]]></id_product_attribute>
</product_attribute_combination>
<product_attribute_combination><id_attribute><![CDATA[99]]></id_attribute>
<id_product_attribute><![CDATA[1742]]></id_product_attribute>
</product_attribute_combination>
<product_attribute_combination><id_attribute><![CDATA[113]]></id_attribute>
<id_product_attribute><![CDATA[1742]]></id_product_attribute>
</product_attribute_combination>
<product_attribute_combination><id_attribute><![CDATA[100]]></id_attribute>
<id_product_attribute><![CDATA[1743]]></id_product_attribute>
</product_attribute_combination>
<product_attribute_combination><id_attribute><![CDATA[113]]></id_attribute>
<id_product_attribute><![CDATA[1743]]></id_product_attribute>
</product_attribute_combination>
<product_attribute_combination><id_attribute><![CDATA[110]]></id_attribute>
<id_product_attribute><![CDATA[1744]]></id_product_attribute>
</product_attribute_combination>
<product_attribute_combination><id_attribute><![CDATA[113]]></id_attribute>
<id_product_attribute><![CDATA[1744]]></id_product_attribute>
</product_attribute_combination>
<product_attribute_combination><id_attribute><![CDATA[101]]></id_attribute>
<id_product_attribute><![CDATA[1745]]></id_product_attribute>
</product_attribute_combination>
<product_attribute_combination><id_attribute><![CDATA[113]]></id_attribute>
<id_product_attribute><![CDATA[1745]]></id_product_attribute>
</product_attribute_combination>
<product_attribute_combination><id_attribute><![CDATA[102]]></id_attribute>
<id_product_attribute><![CDATA[1746]]></id_product_attribute>
</product_attribute_combination>
<product_attribute_combination><id_attribute><![CDATA[113]]></id_attribute>
<id_product_attribute><![CDATA[1746]]></id_product_attribute>
</product_attribute_combination>
<product_attribute_combination><id_attribute><![CDATA[96]]></id_attribute>
<id_product_attribute><![CDATA[1747]]></id_product_attribute>
</product_attribute_combination>
<product_attribute_combination><id_attribute><![CDATA[113]]></id_attribute>
<id_product_attribute><![CDATA[1747]]></id_product_attribute>
</product_attribute_combination>
<product_attribute_combination><id_attribute><![CDATA[103]]></id_attribute>
<id_product_attribute><![CDATA[1748]]></id_product_attribute>
</product_attribute_combination>
<product_attribute_combination><id_attribute><![CDATA[113]]></id_attribute>
<id_product_attribute><![CDATA[1748]]></id_product_attribute>
</product_attribute_combination>
<product_attribute_combination><id_attribute><![CDATA[54]]></id_attribute>
<id_product_attribute><![CDATA[1749]]></id_product_attribute>
</product_attribute_combination>
<product_attribute_combination><id_attribute><![CDATA[113]]></id_attribute>
<id_product_attribute><![CDATA[1749]]></id_product_attribute>
</product_attribute_combination>
<product_attribute_combination><id_attribute><![CDATA[104]]></id_attribute>
<id_product_attribute><![CDATA[1750]]></id_product_attribute>
</product_attribute_combination>
<product_attribute_combination><id_attribute><![CDATA[113]]></id_attribute>
<id_product_attribute><![CDATA[1750]]></id_product_attribute>
</product_attribute_combination>
<product_attribute_combination><id_attribute><![CDATA[106]]></id_attribute>
<id_product_attribute><![CDATA[1751]]></id_product_attribute>
</product_attribute_combination>
<product_attribute_combination><id_attribute><![CDATA[113]]></id_attribute>
<id_product_attribute><![CDATA[1751]]></id_product_attribute>
</product_attribute_combination>
<product_attribute_combination><id_attribute><![CDATA[107]]></id_attribute>
<id_product_attribute><![CDATA[1752]]></id_product_attribute>
</product_attribute_combination>
<product_attribute_combination><id_attribute><![CDATA[113]]></id_attribute>
<id_product_attribute><![CDATA[1752]]></id_product_attribute>
</product_attribute_combination>
<product_attribute_combination><id_attribute><![CDATA[109]]></id_attribute>
<id_product_attribute><![CDATA[1753]]></id_product_attribute>
</product_attribute_combination>
<product_attribute_combination><id_attribute><![CDATA[113]]></id_attribute>
<id_product_attribute><![CDATA[1753]]></id_product_attribute>
</product_attribute_combination>
<product_attribute_combination><id_attribute><![CDATA[98]]></id_attribute>
<id_product_attribute><![CDATA[1754]]></id_product_attribute>
</product_attribute_combination>
<product_attribute_combination><id_attribute><![CDATA[120]]></id_attribute>
<id_product_attribute><![CDATA[1754]]></id_product_attribute>
</product_attribute_combination>
<product_attribute_combination><id_attribute><![CDATA[99]]></id_attribute>
<id_product_attribute><![CDATA[1755]]></id_product_attribute>
</product_attribute_combination>
<product_attribute_combination><id_attribute><![CDATA[120]]></id_attribute>
<id_product_attribute><![CDATA[1755]]></id_product_attribute>
</product_attribute_combination>
<product_attribute_combination><id_attribute><![CDATA[100]]></id_attribute>
<id_product_attribute><![CDATA[1756]]></id_product_attribute>
</product_attribute_combination>
<product_attribute_combination><id_attribute><![CDATA[120]]></id_attribute>
<id_product_attribute><![CDATA[1756]]></id_product_attribute>
</product_attribute_combination>
<product_attribute_combination><id_attribute><![CDATA[110]]></id_attribute>
<id_product_attribute><![CDATA[1757]]></id_product_attribute>
</product_attribute_combination>
<product_attribute_combination><id_attribute><![CDATA[120]]></id_attribute>
<id_product_attribute><![CDATA[1757]]></id_product_attribute>
</product_attribute_combination>
<product_attribute_combination><id_attribute><![CDATA[101]]></id_attribute>
<id_product_attribute><![CDATA[1758]]></id_product_attribute>
</product_attribute_combination>
<product_attribute_combination><id_attribute><![CDATA[120]]></id_attribute>
<id_product_attribute><![CDATA[1758]]></id_product_attribute>
</product_attribute_combination>
<product_attribute_combination><id_attribute><![CDATA[102]]></id_attribute>
<id_product_attribute><![CDATA[1759]]></id_product_attribute>
</product_attribute_combination>
<product_attribute_combination><id_attribute><![CDATA[120]]></id_attribute>
<id_product_attribute><![CDATA[1759]]></id_product_attribute>
</product_attribute_combination>
<product_attribute_combination><id_attribute><![CDATA[96]]></id_attribute>
<id_product_attribute><![CDATA[1760]]></id_product_attribute>
</product_attribute_combination>
<product_attribute_combination><id_attribute><![CDATA[120]]></id_attribute>
<id_product_attribute><![CDATA[1760]]></id_product_attribute>
</product_attribute_combination>
<product_attribute_combination><id_attribute><![CDATA[103]]></id_attribute>
<id_product_attribute><![CDATA[1761]]></id_product_attribute>
</product_attribute_combination>
<product_attribute_combination><id_attribute><![CDATA[120]]></id_attribute>
<id_product_attribute><![CDATA[1761]]></id_product_attribute>
</product_attribute_combination>
<product_attribute_combination><id_attribute><![CDATA[54]]></id_attribute>
<id_product_attribute><![CDATA[1762]]></id_product_attribute>
</product_attribute_combination>
<product_attribute_combination><id_attribute><![CDATA[120]]></id_attribute>
<id_product_attribute><![CDATA[1762]]></id_product_attribute>
</product_attribute_combination>
<product_attribute_combination><id_attribute><![CDATA[104]]></id_attribute>
<id_product_attribute><![CDATA[1763]]></id_product_attribute>
</product_attribute_combination>
<product_attribute_combination><id_attribute><![CDATA[120]]></id_attribute>
<id_product_attribute><![CDATA[1763]]></id_product_attribute>
</product_attribute_combination>
<product_attribute_combination><id_attribute><![CDATA[106]]></id_attribute>
<id_product_attribute><![CDATA[1764]]></id_product_attribute>
</product_attribute_combination>
<product_attribute_combination><id_attribute><![CDATA[120]]></id_attribute>
<id_product_attribute><![CDATA[1764]]></id_product_attribute>
</product_attribute_combination>
<product_attribute_combination><id_attribute><![CDATA[107]]></id_attribute>
<id_product_attribute><![CDATA[1765]]></id_product_attribute>
</product_attribute_combination>
<product_attribute_combination><id_attribute><![CDATA[120]]></id_attribute>
<id_product_attribute><![CDATA[1765]]></id_product_attribute>
</product_attribute_combination>
<product_attribute_combination><id_attribute><![CDATA[109]]></id_attribute>
<id_product_attribute><![CDATA[1766]]></id_product_attribute>
</product_attribute_combination>
<product_attribute_combination><id_attribute><![CDATA[120]]></id_attribute>
<id_product_attribute><![CDATA[1766]]></id_product_attribute>
</product_attribute_combination>
<product_attribute_combination><id_attribute><![CDATA[98]]></id_attribute>
<id_product_attribute><![CDATA[1767]]></id_product_attribute>
</product_attribute_combination>
<product_attribute_combination><id_attribute><![CDATA[114]]></id_attribute>
<id_product_attribute><![CDATA[1767]]></id_product_attribute>
</product_attribute_combination>
<product_attribute_combination><id_attribute><![CDATA[99]]></id_attribute>
<id_product_attribute><![CDATA[1768]]></id_product_attribute>
</product_attribute_combination>
<product_attribute_combination><id_attribute><![CDATA[114]]></id_attribute>
<id_product_attribute><![CDATA[1768]]></id_product_attribute>
</product_attribute_combination>
<product_attribute_combination><id_attribute><![CDATA[100]]></id_attribute>
<id_product_attribute><![CDATA[1769]]></id_product_attribute>
</product_attribute_combination>
<product_attribute_combination><id_attribute><![CDATA[114]]></id_attribute>
<id_product_attribute><![CDATA[1769]]></id_product_attribute>
</product_attribute_combination>
<product_attribute_combination><id_attribute><![CDATA[110]]></id_attribute>
<id_product_attribute><![CDATA[1770]]></id_product_attribute>
</product_attribute_combination>
<product_attribute_combination><id_attribute><![CDATA[114]]></id_attribute>
<id_product_attribute><![CDATA[1770]]></id_product_attribute>
</product_attribute_combination>
<product_attribute_combination><id_attribute><![CDATA[101]]></id_attribute>
<id_product_attribute><![CDATA[1771]]></id_product_attribute>
</product_attribute_combination>
<product_attribute_combination><id_attribute><![CDATA[114]]></id_attribute>
<id_product_attribute><![CDATA[1771]]></id_product_attribute>
</product_attribute_combination>
<product_attribute_combination><id_attribute><![CDATA[102]]></id_attribute>
<id_product_attribute><![CDATA[1772]]></id_product_attribute>
</product_attribute_combination>
<product_attribute_combination><id_attribute><![CDATA[114]]></id_attribute>
<id_product_attribute><![CDATA[1772]]></id_product_attribute>
</product_attribute_combination>
<product_attribute_combination><id_attribute><![CDATA[96]]></id_attribute>
<id_product_attribute><![CDATA[1773]]></id_product_attribute>
</product_attribute_combination>
<product_attribute_combination><id_attribute><![CDATA[114]]></id_attribute>
<id_product_attribute><![CDATA[1773]]></id_product_attribute>
</product_attribute_combination>
<product_attribute_combination><id_attribute><![CDATA[103]]></id_attribute>
<id_product_attribute><![CDATA[1774]]></id_product_attribute>
</product_attribute_combination>
<product_attribute_combination><id_attribute><![CDATA[114]]></id_attribute>
<id_product_attribute><![CDATA[1774]]></id_product_attribute>
</product_attribute_combination>
<product_attribute_combination><id_attribute><![CDATA[54]]></id_attribute>
<id_product_attribute><![CDATA[1775]]></id_product_attribute>
</product_attribute_combination>
<product_attribute_combination><id_attribute><![CDATA[114]]></id_attribute>
<id_product_attribute><![CDATA[1775]]></id_product_attribute>
</product_attribute_combination>
<product_attribute_combination><id_attribute><![CDATA[104]]></id_attribute>
<id_product_attribute><![CDATA[1776]]></id_product_attribute>
</product_attribute_combination>
<product_attribute_combination><id_attribute><![CDATA[114]]></id_attribute>
<id_product_attribute><![CDATA[1776]]></id_product_attribute>
</product_attribute_combination>
<product_attribute_combination><id_attribute><![CDATA[106]]></id_attribute>
<id_product_attribute><![CDATA[1777]]></id_product_attribute>
</product_attribute_combination>
<product_attribute_combination><id_attribute><![CDATA[114]]></id_attribute>
<id_product_attribute><![CDATA[1777]]></id_product_attribute>
</product_attribute_combination>
<product_attribute_combination><id_attribute><![CDATA[107]]></id_attribute>
<id_product_attribute><![CDATA[1778]]></id_product_attribute>
</product_attribute_combination>
<product_attribute_combination><id_attribute><![CDATA[114]]></id_attribute>
<id_product_attribute><![CDATA[1778]]></id_product_attribute>
</product_attribute_combination>
<product_attribute_combination><id_attribute><![CDATA[109]]></id_attribute>
<id_product_attribute><![CDATA[1779]]></id_product_attribute>
</product_attribute_combination>
<product_attribute_combination><id_attribute><![CDATA[114]]></id_attribute>
<id_product_attribute><![CDATA[1779]]></id_product_attribute>
</product_attribute_combination>
<product_attribute_combination><id_attribute><![CDATA[98]]></id_attribute>
<id_product_attribute><![CDATA[1780]]></id_product_attribute>
</product_attribute_combination>
<product_attribute_combination><id_attribute><![CDATA[121]]></id_attribute>
<id_product_attribute><![CDATA[1780]]></id_product_attribute>
</product_attribute_combination>
<product_attribute_combination><id_attribute><![CDATA[99]]></id_attribute>
<id_product_attribute><![CDATA[1781]]></id_product_attribute>
</product_attribute_combination>
<product_attribute_combination><id_attribute><![CDATA[121]]></id_attribute>
<id_product_attribute><![CDATA[1781]]></id_product_attribute>
</product_attribute_combination>
<product_attribute_combination><id_attribute><![CDATA[100]]></id_attribute>
<id_product_attribute><![CDATA[1782]]></id_product_attribute>
</product_attribute_combination>
<product_attribute_combination><id_attribute><![CDATA[121]]></id_attribute>
<id_product_attribute><![CDATA[1782]]></id_product_attribute>
</product_attribute_combination>
<product_attribute_combination><id_attribute><![CDATA[110]]></id_attribute>
<id_product_attribute><![CDATA[1783]]></id_product_attribute>
</product_attribute_combination>
<product_attribute_combination><id_attribute><![CDATA[121]]></id_attribute>
<id_product_attribute><![CDATA[1783]]></id_product_attribute>
</product_attribute_combination>
<product_attribute_combination><id_attribute><![CDATA[101]]></id_attribute>
<id_product_attribute><![CDATA[1784]]></id_product_attribute>
</product_attribute_combination>
<product_attribute_combination><id_attribute><![CDATA[121]]></id_attribute>
<id_product_attribute><![CDATA[1784]]></id_product_attribute>
</product_attribute_combination>
<product_attribute_combination><id_attribute><![CDATA[102]]></id_attribute>
<id_product_attribute><![CDATA[1785]]></id_product_attribute>
</product_attribute_combination>
<product_attribute_combination><id_attribute><![CDATA[121]]></id_attribute>
<id_product_attribute><![CDATA[1785]]></id_product_attribute>
</product_attribute_combination>
<product_attribute_combination><id_attribute><![CDATA[96]]></id_attribute>
<id_product_attribute><![CDATA[1786]]></id_product_attribute>
</product_attribute_combination>
<product_attribute_combination><id_attribute><![CDATA[121]]></id_attribute>
<id_product_attribute><![CDATA[1786]]></id_product_attribute>
</product_attribute_combination>
<product_attribute_combination><id_attribute><![CDATA[103]]></id_attribute>
<id_product_attribute><![CDATA[1787]]></id_product_attribute>
</product_attribute_combination>
<product_attribute_combination><id_attribute><![CDATA[121]]></id_attribute>
<id_product_attribute><![CDATA[1787]]></id_product_attribute>
</product_attribute_combination>
<product_attribute_combination><id_attribute><![CDATA[54]]></id_attribute>
<id_product_attribute><![CDATA[1788]]></id_product_attribute>
</product_attribute_combination>
<product_attribute_combination><id_attribute><![CDATA[121]]></id_attribute>
<id_product_attribute><![CDATA[1788]]></id_product_attribute>
</product_attribute_combination>
<product_attribute_combination><id_attribute><![CDATA[104]]></id_attribute>
<id_product_attribute><![CDATA[1789]]></id_product_attribute>
</product_attribute_combination>
<product_attribute_combination><id_attribute><![CDATA[121]]></id_attribute>
<id_product_attribute><![CDATA[1789]]></id_product_attribute>
</product_attribute_combination>
<product_attribute_combination><id_attribute><![CDATA[106]]></id_attribute>
<id_product_attribute><![CDATA[1790]]></id_product_attribute>
</product_attribute_combination>
<product_attribute_combination><id_attribute><![CDATA[121]]></id_attribute>
<id_product_attribute><![CDATA[1790]]></id_product_attribute>
</product_attribute_combination>
<product_attribute_combination><id_attribute><![CDATA[107]]></id_attribute>
<id_product_attribute><![CDATA[1791]]></id_product_attribute>
</product_attribute_combination>
<product_attribute_combination><id_attribute><![CDATA[121]]></id_attribute>
<id_product_attribute><![CDATA[1791]]></id_product_attribute>
</product_attribute_combination>
<product_attribute_combination><id_attribute><![CDATA[109]]></id_attribute>
<id_product_attribute><![CDATA[1792]]></id_product_attribute>
</product_attribute_combination>
<product_attribute_combination><id_attribute><![CDATA[121]]></id_attribute>
<id_product_attribute><![CDATA[1792]]></id_product_attribute>
</product_attribute_combination>
<product_attribute_combination><id_attribute><![CDATA[98]]></id_attribute>
<id_product_attribute><![CDATA[1793]]></id_product_attribute>
</product_attribute_combination>
<product_attribute_combination><id_attribute><![CDATA[115]]></id_attribute>
<id_product_attribute><![CDATA[1793]]></id_product_attribute>
</product_attribute_combination>
<product_attribute_combination><id_attribute><![CDATA[99]]></id_attribute>
<id_product_attribute><![CDATA[1794]]></id_product_attribute>
</product_attribute_combination>
<product_attribute_combination><id_attribute><![CDATA[115]]></id_attribute>
<id_product_attribute><![CDATA[1794]]></id_product_attribute>
</product_attribute_combination>
<product_attribute_combination><id_attribute><![CDATA[100]]></id_attribute>
<id_product_attribute><![CDATA[1795]]></id_product_attribute>
</product_attribute_combination>
<product_attribute_combination><id_attribute><![CDATA[115]]></id_attribute>
<id_product_attribute><![CDATA[1795]]></id_product_attribute>
</product_attribute_combination>
<product_attribute_combination><id_attribute><![CDATA[110]]></id_attribute>
<id_product_attribute><![CDATA[1796]]></id_product_attribute>
</product_attribute_combination>
<product_attribute_combination><id_attribute><![CDATA[115]]></id_attribute>
<id_product_attribute><![CDATA[1796]]></id_product_attribute>
</product_attribute_combination>
<product_attribute_combination><id_attribute><![CDATA[101]]></id_attribute>
<id_product_attribute><![CDATA[1797]]></id_product_attribute>
</product_attribute_combination>
<product_attribute_combination><id_attribute><![CDATA[115]]></id_attribute>
<id_product_attribute><![CDATA[1797]]></id_product_attribute>
</product_attribute_combination>
<product_attribute_combination><id_attribute><![CDATA[102]]></id_attribute>
<id_product_attribute><![CDATA[1798]]></id_product_attribute>
</product_attribute_combination>
<product_attribute_combination><id_attribute><![CDATA[115]]></id_attribute>
<id_product_attribute><![CDATA[1798]]></id_product_attribute>
</product_attribute_combination>
<product_attribute_combination><id_attribute><![CDATA[96]]></id_attribute>
<id_product_attribute><![CDATA[1799]]></id_product_attribute>
</product_attribute_combination>
<product_attribute_combination><id_attribute><![CDATA[115]]></id_attribute>
<id_product_attribute><![CDATA[1799]]></id_product_attribute>
</product_attribute_combination>
<product_attribute_combination><id_attribute><![CDATA[103]]></id_attribute>
<id_product_attribute><![CDATA[1800]]></id_product_attribute>
</product_attribute_combination>
<product_attribute_combination><id_attribute><![CDATA[115]]></id_attribute>
<id_product_attribute><![CDATA[1800]]></id_product_attribute>
</product_attribute_combination>
<product_attribute_combination><id_attribute><![CDATA[54]]></id_attribute>
<id_product_attribute><![CDATA[1801]]></id_product_attribute>
</product_attribute_combination>
<product_attribute_combination><id_attribute><![CDATA[115]]></id_attribute>
<id_product_attribute><![CDATA[1801]]></id_product_attribute>
</product_attribute_combination>
<product_attribute_combination><id_attribute><![CDATA[104]]></id_attribute>
<id_product_attribute><![CDATA[1802]]></id_product_attribute>
</product_attribute_combination>
<product_attribute_combination><id_attribute><![CDATA[115]]></id_attribute>
<id_product_attribute><![CDATA[1802]]></id_product_attribute>
</product_attribute_combination>
<product_attribute_combination><id_attribute><![CDATA[106]]></id_attribute>
<id_product_attribute><![CDATA[1803]]></id_product_attribute>
</product_attribute_combination>
<product_attribute_combination><id_attribute><![CDATA[115]]></id_attribute>
<id_product_attribute><![CDATA[1803]]></id_product_attribute>
</product_attribute_combination>
<product_attribute_combination><id_attribute><![CDATA[107]]></id_attribute>
<id_product_attribute><![CDATA[1804]]></id_product_attribute>
</product_attribute_combination>
<product_attribute_combination><id_attribute><![CDATA[115]]></id_attribute>
<id_product_attribute><![CDATA[1804]]></id_product_attribute>
</product_attribute_combination>
<product_attribute_combination><id_attribute><![CDATA[109]]></id_attribute>
<id_product_attribute><![CDATA[1805]]></id_product_attribute>
</product_attribute_combination>
<product_attribute_combination><id_attribute><![CDATA[115]]></id_attribute>
<id_product_attribute><![CDATA[1805]]></id_product_attribute>
</product_attribute_combination>
<product_attribute_combination><id_attribute><![CDATA[98]]></id_attribute>
<id_product_attribute><![CDATA[1806]]></id_product_attribute>
</product_attribute_combination>
<product_attribute_combination><id_attribute><![CDATA[116]]></id_attribute>
<id_product_attribute><![CDATA[1806]]></id_product_attribute>
</product_attribute_combination>
<product_attribute_combination><id_attribute><![CDATA[99]]></id_attribute>
<id_product_attribute><![CDATA[1807]]></id_product_attribute>
</product_attribute_combination>
<product_attribute_combination><id_attribute><![CDATA[116]]></id_attribute>
<id_product_attribute><![CDATA[1807]]></id_product_attribute>
</product_attribute_combination>
<product_attribute_combination><id_attribute><![CDATA[100]]></id_attribute>
<id_product_attribute><![CDATA[1808]]></id_product_attribute>
</product_attribute_combination>
<product_attribute_combination><id_attribute><![CDATA[116]]></id_attribute>
<id_product_attribute><![CDATA[1808]]></id_product_attribute>
</product_attribute_combination>
<product_attribute_combination><id_attribute><![CDATA[110]]></id_attribute>
<id_product_attribute><![CDATA[1809]]></id_product_attribute>
</product_attribute_combination>
<product_attribute_combination><id_attribute><![CDATA[116]]></id_attribute>
<id_product_attribute><![CDATA[1809]]></id_product_attribute>
</product_attribute_combination>
<product_attribute_combination><id_attribute><![CDATA[101]]></id_attribute>
<id_product_attribute><![CDATA[1810]]></id_product_attribute>
</product_attribute_combination>
<product_attribute_combination><id_attribute><![CDATA[116]]></id_attribute>
<id_product_attribute><![CDATA[1810]]></id_product_attribute>
</product_attribute_combination>
<product_attribute_combination><id_attribute><![CDATA[102]]></id_attribute>
<id_product_attribute><![CDATA[1811]]></id_product_attribute>
</product_attribute_combination>
<product_attribute_combination><id_attribute><![CDATA[116]]></id_attribute>
<id_product_attribute><![CDATA[1811]]></id_product_attribute>
</product_attribute_combination>
<product_attribute_combination><id_attribute><![CDATA[96]]></id_attribute>
<id_product_attribute><![CDATA[1812]]></id_product_attribute>
</product_attribute_combination>
<product_attribute_combination><id_attribute><![CDATA[116]]></id_attribute>
<id_product_attribute><![CDATA[1812]]></id_product_attribute>
</product_attribute_combination>
<product_attribute_combination><id_attribute><![CDATA[103]]></id_attribute>
<id_product_attribute><![CDATA[1813]]></id_product_attribute>
</product_attribute_combination>
<product_attribute_combination><id_attribute><![CDATA[116]]></id_attribute>
<id_product_attribute><![CDATA[1813]]></id_product_attribute>
</product_attribute_combination>
<product_attribute_combination><id_attribute><![CDATA[54]]></id_attribute>
<id_product_attribute><![CDATA[1814]]></id_product_attribute>
</product_attribute_combination>
<product_attribute_combination><id_attribute><![CDATA[116]]></id_attribute>
<id_product_attribute><![CDATA[1814]]></id_product_attribute>
</product_attribute_combination>
<product_attribute_combination><id_attribute><![CDATA[104]]></id_attribute>
<id_product_attribute><![CDATA[1815]]></id_product_attribute>
</product_attribute_combination>
<product_attribute_combination><id_attribute><![CDATA[116]]></id_attribute>
<id_product_attribute><![CDATA[1815]]></id_product_attribute>
</product_attribute_combination>
<product_attribute_combination><id_attribute><![CDATA[106]]></id_attribute>
<id_product_attribute><![CDATA[1816]]></id_product_attribute>
</product_attribute_combination>
<product_attribute_combination><id_attribute><![CDATA[116]]></id_attribute>
<id_product_attribute><![CDATA[1816]]></id_product_attribute>
</product_attribute_combination>
<product_attribute_combination><id_attribute><![CDATA[107]]></id_attribute>
<id_product_attribute><![CDATA[1817]]></id_product_attribute>
</product_attribute_combination>
<product_attribute_combination><id_attribute><![CDATA[116]]></id_attribute>
<id_product_attribute><![CDATA[1817]]></id_product_attribute>
</product_attribute_combination>
<product_attribute_combination><id_attribute><![CDATA[109]]></id_attribute>
<id_product_attribute><![CDATA[1818]]></id_product_attribute>
</product_attribute_combination>
<product_attribute_combination><id_attribute><![CDATA[116]]></id_attribute>
<id_product_attribute><![CDATA[1818]]></id_product_attribute>
</product_attribute_combination>
<product_attribute_combination><id_attribute><![CDATA[98]]></id_attribute>
<id_product_attribute><![CDATA[1819]]></id_product_attribute>
</product_attribute_combination>
<product_attribute_combination><id_attribute><![CDATA[117]]></id_attribute>
<id_product_attribute><![CDATA[1819]]></id_product_attribute>
</product_attribute_combination>
<product_attribute_combination><id_attribute><![CDATA[99]]></id_attribute>
<id_product_attribute><![CDATA[1820]]></id_product_attribute>
</product_attribute_combination>
<product_attribute_combination><id_attribute><![CDATA[117]]></id_attribute>
<id_product_attribute><![CDATA[1820]]></id_product_attribute>
</product_attribute_combination>
<product_attribute_combination><id_attribute><![CDATA[100]]></id_attribute>
<id_product_attribute><![CDATA[1821]]></id_product_attribute>
</product_attribute_combination>
<product_attribute_combination><id_attribute><![CDATA[117]]></id_attribute>
<id_product_attribute><![CDATA[1821]]></id_product_attribute>
</product_attribute_combination>
<product_attribute_combination><id_attribute><![CDATA[110]]></id_attribute>
<id_product_attribute><![CDATA[1822]]></id_product_attribute>
</product_attribute_combination>
<product_attribute_combination><id_attribute><![CDATA[117]]></id_attribute>
<id_product_attribute><![CDATA[1822]]></id_product_attribute>
</product_attribute_combination>
<product_attribute_combination><id_attribute><![CDATA[101]]></id_attribute>
<id_product_attribute><![CDATA[1823]]></id_product_attribute>
</product_attribute_combination>
<product_attribute_combination><id_attribute><![CDATA[117]]></id_attribute>
<id_product_attribute><![CDATA[1823]]></id_product_attribute>
</product_attribute_combination>
<product_attribute_combination><id_attribute><![CDATA[102]]></id_attribute>
<id_product_attribute><![CDATA[1824]]></id_product_attribute>
</product_attribute_combination>
<product_attribute_combination><id_attribute><![CDATA[117]]></id_attribute>
<id_product_attribute><![CDATA[1824]]></id_product_attribute>
</product_attribute_combination>
<product_attribute_combination><id_attribute><![CDATA[96]]></id_attribute>
<id_product_attribute><![CDATA[1825]]></id_product_attribute>
</product_attribute_combination>
<product_attribute_combination><id_attribute><![CDATA[117]]></id_attribute>
<id_product_attribute><![CDATA[1825]]></id_product_attribute>
</product_attribute_combination>
<product_attribute_combination><id_attribute><![CDATA[103]]></id_attribute>
<id_product_attribute><![CDATA[1826]]></id_product_attribute>
</product_attribute_combination>
<product_attribute_combination><id_attribute><![CDATA[117]]></id_attribute>
<id_product_attribute><![CDATA[1826]]></id_product_attribute>
</product_attribute_combination>
<product_attribute_combination><id_attribute><![CDATA[54]]></id_attribute>
<id_product_attribute><![CDATA[1827]]></id_product_attribute>
</product_attribute_combination>
<product_attribute_combination><id_attribute><![CDATA[117]]></id_attribute>
<id_product_attribute><![CDATA[1827]]></id_product_attribute>
</product_attribute_combination>
<product_attribute_combination><id_attribute><![CDATA[104]]></id_attribute>
<id_product_attribute><![CDATA[1828]]></id_product_attribute>
</product_attribute_combination>
<product_attribute_combination><id_attribute><![CDATA[117]]></id_attribute>
<id_product_attribute><![CDATA[1828]]></id_product_attribute>
</product_attribute_combination>
<product_attribute_combination><id_attribute><![CDATA[106]]></id_attribute>
<id_product_attribute><![CDATA[1829]]></id_product_attribute>
</product_attribute_combination>
<product_attribute_combination><id_attribute><![CDATA[117]]></id_attribute>
<id_product_attribute><![CDATA[1829]]></id_product_attribute>
</product_attribute_combination>
<product_attribute_combination><id_attribute><![CDATA[107]]></id_attribute>
<id_product_attribute><![CDATA[1830]]></id_product_attribute>
</product_attribute_combination>
<product_attribute_combination><id_attribute><![CDATA[117]]></id_attribute>
<id_product_attribute><![CDATA[1830]]></id_product_attribute>
</product_attribute_combination>
<product_attribute_combination><id_attribute><![CDATA[109]]></id_attribute>
<id_product_attribute><![CDATA[1831]]></id_product_attribute>
</product_attribute_combination>
<product_attribute_combination><id_attribute><![CDATA[117]]></id_attribute>
<id_product_attribute><![CDATA[1831]]></id_product_attribute>
</product_attribute_combination>
<product_attribute_combination><id_attribute><![CDATA[98]]></id_attribute>
<id_product_attribute><![CDATA[1832]]></id_product_attribute>
</product_attribute_combination>
<product_attribute_combination><id_attribute><![CDATA[118]]></id_attribute>
<id_product_attribute><![CDATA[1832]]></id_product_attribute>
</product_attribute_combination>
<product_attribute_combination><id_attribute><![CDATA[99]]></id_attribute>
<id_product_attribute><![CDATA[1833]]></id_product_attribute>
</product_attribute_combination>
<product_attribute_combination><id_attribute><![CDATA[118]]></id_attribute>
<id_product_attribute><![CDATA[1833]]></id_product_attribute>
</product_attribute_combination>
<product_attribute_combination><id_attribute><![CDATA[100]]></id_attribute>
<id_product_attribute><![CDATA[1834]]></id_product_attribute>
</product_attribute_combination>
<product_attribute_combination><id_attribute><![CDATA[118]]></id_attribute>
<id_product_attribute><![CDATA[1834]]></id_product_attribute>
</product_attribute_combination>
<product_attribute_combination><id_attribute><![CDATA[110]]></id_attribute>
<id_product_attribute><![CDATA[1835]]></id_product_attribute>
</product_attribute_combination>
<product_attribute_combination><id_attribute><![CDATA[118]]></id_attribute>
<id_product_attribute><![CDATA[1835]]></id_product_attribute>
</product_attribute_combination>
<product_attribute_combination><id_attribute><![CDATA[101]]></id_attribute>
<id_product_attribute><![CDATA[1836]]></id_product_attribute>
</product_attribute_combination>
<product_attribute_combination><id_attribute><![CDATA[118]]></id_attribute>
<id_product_attribute><![CDATA[1836]]></id_product_attribute>
</product_attribute_combination>
<product_attribute_combination><id_attribute><![CDATA[102]]></id_attribute>
<id_product_attribute><![CDATA[1837]]></id_product_attribute>
</product_attribute_combination>
<product_attribute_combination><id_attribute><![CDATA[118]]></id_attribute>
<id_product_attribute><![CDATA[1837]]></id_product_attribute>
</product_attribute_combination>
<product_attribute_combination><id_attribute><![CDATA[96]]></id_attribute>
<id_product_attribute><![CDATA[1838]]></id_product_attribute>
</product_attribute_combination>
<product_attribute_combination><id_attribute><![CDATA[118]]></id_attribute>
<id_product_attribute><![CDATA[1838]]></id_product_attribute>
</product_attribute_combination>
<product_attribute_combination><id_attribute><![CDATA[103]]></id_attribute>
<id_product_attribute><![CDATA[1839]]></id_product_attribute>
</product_attribute_combination>
<product_attribute_combination><id_attribute><![CDATA[118]]></id_attribute>
<id_product_attribute><![CDATA[1839]]></id_product_attribute>
</product_attribute_combination>
<product_attribute_combination><id_attribute><![CDATA[54]]></id_attribute>
<id_product_attribute><![CDATA[1840]]></id_product_attribute>
</product_attribute_combination>
<product_attribute_combination><id_attribute><![CDATA[118]]></id_attribute>
<id_product_attribute><![CDATA[1840]]></id_product_attribute>
</product_attribute_combination>
<product_attribute_combination><id_attribute><![CDATA[104]]></id_attribute>
<id_product_attribute><![CDATA[1841]]></id_product_attribute>
</product_attribute_combination>
<product_attribute_combination><id_attribute><![CDATA[118]]></id_attribute>
<id_product_attribute><![CDATA[1841]]></id_product_attribute>
</product_attribute_combination>
<product_attribute_combination><id_attribute><![CDATA[106]]></id_attribute>
<id_product_attribute><![CDATA[1842]]></id_product_attribute>
</product_attribute_combination>
<product_attribute_combination><id_attribute><![CDATA[118]]></id_attribute>
<id_product_attribute><![CDATA[1842]]></id_product_attribute>
</product_attribute_combination>
<product_attribute_combination><id_attribute><![CDATA[107]]></id_attribute>
<id_product_attribute><![CDATA[1843]]></id_product_attribute>
</product_attribute_combination>
<product_attribute_combination><id_attribute><![CDATA[118]]></id_attribute>
<id_product_attribute><![CDATA[1843]]></id_product_attribute>
</product_attribute_combination>
<product_attribute_combination><id_attribute><![CDATA[109]]></id_attribute>
<id_product_attribute><![CDATA[1844]]></id_product_attribute>
</product_attribute_combination>
<product_attribute_combination><id_attribute><![CDATA[118]]></id_attribute>
<id_product_attribute><![CDATA[1844]]></id_product_attribute>
</product_attribute_combination>
<product_attribute_combination><id_attribute><![CDATA[98]]></id_attribute>
<id_product_attribute><![CDATA[1845]]></id_product_attribute>
</product_attribute_combination>
<product_attribute_combination><id_attribute><![CDATA[112]]></id_attribute>
<id_product_attribute><![CDATA[1845]]></id_product_attribute>
</product_attribute_combination>
<product_attribute_combination><id_attribute><![CDATA[99]]></id_attribute>
<id_product_attribute><![CDATA[1846]]></id_product_attribute>
</product_attribute_combination>
<product_attribute_combination><id_attribute><![CDATA[112]]></id_attribute>
<id_product_attribute><![CDATA[1846]]></id_product_attribute>
</product_attribute_combination>
<product_attribute_combination><id_attribute><![CDATA[100]]></id_attribute>
<id_product_attribute><![CDATA[1847]]></id_product_attribute>
</product_attribute_combination>
<product_attribute_combination><id_attribute><![CDATA[112]]></id_attribute>
<id_product_attribute><![CDATA[1847]]></id_product_attribute>
</product_attribute_combination>
<product_attribute_combination><id_attribute><![CDATA[110]]></id_attribute>
<id_product_attribute><![CDATA[1848]]></id_product_attribute>
</product_attribute_combination>
<product_attribute_combination><id_attribute><![CDATA[112]]></id_attribute>
<id_product_attribute><![CDATA[1848]]></id_product_attribute>
</product_attribute_combination>
<product_attribute_combination><id_attribute><![CDATA[101]]></id_attribute>
<id_product_attribute><![CDATA[1849]]></id_product_attribute>
</product_attribute_combination>
<product_attribute_combination><id_attribute><![CDATA[112]]></id_attribute>
<id_product_attribute><![CDATA[1849]]></id_product_attribute>
</product_attribute_combination>
<product_attribute_combination><id_attribute><![CDATA[102]]></id_attribute>
<id_product_attribute><![CDATA[1850]]></id_product_attribute>
</product_attribute_combination>
<product_attribute_combination><id_attribute><![CDATA[112]]></id_attribute>
<id_product_attribute><![CDATA[1850]]></id_product_attribute>
</product_attribute_combination>
<product_attribute_combination><id_attribute><![CDATA[96]]></id_attribute>
<id_product_attribute><![CDATA[1851]]></id_product_attribute>
</product_attribute_combination>
<product_attribute_combination><id_attribute><![CDATA[112]]></id_attribute>
<id_product_attribute><![CDATA[1851]]></id_product_attribute>
</product_attribute_combination>
<product_attribute_combination><id_attribute><![CDATA[103]]></id_attribute>
<id_product_attribute><![CDATA[1852]]></id_product_attribute>
</product_attribute_combination>
<product_attribute_combination><id_attribute><![CDATA[112]]></id_attribute>
<id_product_attribute><![CDATA[1852]]></id_product_attribute>
</product_attribute_combination>
<product_attribute_combination><id_attribute><![CDATA[54]]></id_attribute>
<id_product_attribute><![CDATA[1853]]></id_product_attribute>
</product_attribute_combination>
<product_attribute_combination><id_attribute><![CDATA[112]]></id_attribute>
<id_product_attribute><![CDATA[1853]]></id_product_attribute>
</product_attribute_combination>
<product_attribute_combination><id_attribute><![CDATA[104]]></id_attribute>
<id_product_attribute><![CDATA[1854]]></id_product_attribute>
</product_attribute_combination>
<product_attribute_combination><id_attribute><![CDATA[112]]></id_attribute>
<id_product_attribute><![CDATA[1854]]></id_product_attribute>
</product_attribute_combination>
<product_attribute_combination><id_attribute><![CDATA[106]]></id_attribute>
<id_product_attribute><![CDATA[1855]]></id_product_attribute>
</product_attribute_combination>
<product_attribute_combination><id_attribute><![CDATA[112]]></id_attribute>
<id_product_attribute><![CDATA[1855]]></id_product_attribute>
</product_attribute_combination>
<product_attribute_combination><id_attribute><![CDATA[107]]></id_attribute>
<id_product_attribute><![CDATA[1856]]></id_product_attribute>
</product_attribute_combination>
<product_attribute_combination><id_attribute><![CDATA[112]]></id_attribute>
<id_product_attribute><![CDATA[1856]]></id_product_attribute>
</product_attribute_combination>
<product_attribute_combination><id_attribute><![CDATA[109]]></id_attribute>
<id_product_attribute><![CDATA[1857]]></id_product_attribute>
</product_attribute_combination>
<product_attribute_combination><id_attribute><![CDATA[112]]></id_attribute>
<id_product_attribute><![CDATA[1857]]></id_product_attribute>
</product_attribute_combination>
<product_attribute_combination><id_attribute><![CDATA[98]]></id_attribute>
<id_product_attribute><![CDATA[1858]]></id_product_attribute>
</product_attribute_combination>
<product_attribute_combination><id_attribute><![CDATA[119]]></id_attribute>
<id_product_attribute><![CDATA[1858]]></id_product_attribute>
</product_attribute_combination>
<product_attribute_combination><id_attribute><![CDATA[99]]></id_attribute>
<id_product_attribute><![CDATA[1859]]></id_product_attribute>
</product_attribute_combination>
<product_attribute_combination><id_attribute><![CDATA[119]]></id_attribute>
<id_product_attribute><![CDATA[1859]]></id_product_attribute>
</product_attribute_combination>
<product_attribute_combination><id_attribute><![CDATA[100]]></id_attribute>
<id_product_attribute><![CDATA[1860]]></id_product_attribute>
</product_attribute_combination>
<product_attribute_combination><id_attribute><![CDATA[119]]></id_attribute>
<id_product_attribute><![CDATA[1860]]></id_product_attribute>
</product_attribute_combination>
<product_attribute_combination><id_attribute><![CDATA[110]]></id_attribute>
<id_product_attribute><![CDATA[1861]]></id_product_attribute>
</product_attribute_combination>
<product_attribute_combination><id_attribute><![CDATA[119]]></id_attribute>
<id_product_attribute><![CDATA[1861]]></id_product_attribute>
</product_attribute_combination>
<product_attribute_combination><id_attribute><![CDATA[101]]></id_attribute>
<id_product_attribute><![CDATA[1862]]></id_product_attribute>
</product_attribute_combination>
<product_attribute_combination><id_attribute><![CDATA[119]]></id_attribute>
<id_product_attribute><![CDATA[1862]]></id_product_attribute>
</product_attribute_combination>
<product_attribute_combination><id_attribute><![CDATA[102]]></id_attribute>
<id_product_attribute><![CDATA[1863]]></id_product_attribute>
</product_attribute_combination>
<product_attribute_combination><id_attribute><![CDATA[119]]></id_attribute>
<id_product_attribute><![CDATA[1863]]></id_product_attribute>
</product_attribute_combination>
<product_attribute_combination><id_attribute><![CDATA[96]]></id_attribute>
<id_product_attribute><![CDATA[1864]]></id_product_attribute>
</product_attribute_combination>
<product_attribute_combination><id_attribute><![CDATA[119]]></id_attribute>
<id_product_attribute><![CDATA[1864]]></id_product_attribute>
</product_attribute_combination>
<product_attribute_combination><id_attribute><![CDATA[103]]></id_attribute>
<id_product_attribute><![CDATA[1865]]></id_product_attribute>
</product_attribute_combination>
<product_attribute_combination><id_attribute><![CDATA[119]]></id_attribute>
<id_product_attribute><![CDATA[1865]]></id_product_attribute>
</product_attribute_combination>
<product_attribute_combination><id_attribute><![CDATA[54]]></id_attribute>
<id_product_attribute><![CDATA[1866]]></id_product_attribute>
</product_attribute_combination>
<product_attribute_combination><id_attribute><![CDATA[119]]></id_attribute>
<id_product_attribute><![CDATA[1866]]></id_product_attribute>
</product_attribute_combination>
<product_attribute_combination><id_attribute><![CDATA[104]]></id_attribute>
<id_product_attribute><![CDATA[1867]]></id_product_attribute>
</product_attribute_combination>
<product_attribute_combination><id_attribute><![CDATA[119]]></id_attribute>
<id_product_attribute><![CDATA[1867]]></id_product_attribute>
</product_attribute_combination>
<product_attribute_combination><id_attribute><![CDATA[106]]></id_attribute>
<id_product_attribute><![CDATA[1868]]></id_product_attribute>
</product_attribute_combination>
<product_attribute_combination><id_attribute><![CDATA[119]]></id_attribute>
<id_product_attribute><![CDATA[1868]]></id_product_attribute>
</product_attribute_combination>
<product_attribute_combination><id_attribute><![CDATA[107]]></id_attribute>
<id_product_attribute><![CDATA[1869]]></id_product_attribute>
</product_attribute_combination>
<product_attribute_combination><id_attribute><![CDATA[119]]></id_attribute>
<id_product_attribute><![CDATA[1869]]></id_product_attribute>
</product_attribute_combination>
<product_attribute_combination><id_attribute><![CDATA[109]]></id_attribute>
<id_product_attribute><![CDATA[1870]]></id_product_attribute>
</product_attribute_combination>
<product_attribute_combination><id_attribute><![CDATA[119]]></id_attribute>
<id_product_attribute><![CDATA[1870]]></id_product_attribute>
</product_attribute_combination>
<product_attribute_combination><id_attribute><![CDATA[98]]></id_attribute>
<id_product_attribute><![CDATA[1871]]></id_product_attribute>
</product_attribute_combination>
<product_attribute_combination><id_attribute><![CDATA[113]]></id_attribute>
<id_product_attribute><![CDATA[1871]]></id_product_attribute>
</product_attribute_combination>
<product_attribute_combination><id_attribute><![CDATA[99]]></id_attribute>
<id_product_attribute><![CDATA[1872]]></id_product_attribute>
</product_attribute_combination>
<product_attribute_combination><id_attribute><![CDATA[113]]></id_attribute>
<id_product_attribute><![CDATA[1872]]></id_product_attribute>
</product_attribute_combination>
<product_attribute_combination><id_attribute><![CDATA[100]]></id_attribute>
<id_product_attribute><![CDATA[1873]]></id_product_attribute>
</product_attribute_combination>
<product_attribute_combination><id_attribute><![CDATA[113]]></id_attribute>
<id_product_attribute><![CDATA[1873]]></id_product_attribute>
</product_attribute_combination>
<product_attribute_combination><id_attribute><![CDATA[110]]></id_attribute>
<id_product_attribute><![CDATA[1874]]></id_product_attribute>
</product_attribute_combination>
<product_attribute_combination><id_attribute><![CDATA[113]]></id_attribute>
<id_product_attribute><![CDATA[1874]]></id_product_attribute>
</product_attribute_combination>
<product_attribute_combination><id_attribute><![CDATA[101]]></id_attribute>
<id_product_attribute><![CDATA[1875]]></id_product_attribute>
</product_attribute_combination>
</entity_profile>
