<?xml version="1.0" encoding="UTF-8"?>
<entity_profile>
<product_attribute_combination><id_attribute><![CDATA[121]]></id_attribute>
<id_product_attribute><![CDATA[2284]]></id_product_attribute>
</product_attribute_combination>
<product_attribute_combination><id_attribute><![CDATA[54]]></id_attribute>
<id_product_attribute><![CDATA[2285]]></id_product_attribute>
</product_attribute_combination>
<product_attribute_combination><id_attribute><![CDATA[121]]></id_attribute>
<id_product_attribute><![CDATA[2285]]></id_product_attribute>
</product_attribute_combination>
<product_attribute_combination><id_attribute><![CDATA[104]]></id_attribute>
<id_product_attribute><![CDATA[2290]]></id_product_attribute>
</product_attribute_combination>
<product_attribute_combination><id_attribute><![CDATA[115]]></id_attribute>
<id_product_attribute><![CDATA[2290]]></id_product_attribute>
</product_attribute_combination>
<product_attribute_combination><id_attribute><![CDATA[96]]></id_attribute>
<id_product_attribute><![CDATA[2292]]></id_product_attribute>
</product_attribute_combination>
<product_attribute_combination><id_attribute><![CDATA[113]]></id_attribute>
<id_product_attribute><![CDATA[2292]]></id_product_attribute>
</product_attribute_combination>
<product_attribute_combination><id_attribute><![CDATA[54]]></id_attribute>
<id_product_attribute><![CDATA[2293]]></id_product_attribute>
</product_attribute_combination>
<product_attribute_combination><id_attribute><![CDATA[113]]></id_attribute>
<id_product_attribute><![CDATA[2293]]></id_product_attribute>
</product_attribute_combination>
<product_attribute_combination><id_attribute><![CDATA[104]]></id_attribute>
<id_product_attribute><![CDATA[2294]]></id_product_attribute>
</product_attribute_combination>
<product_attribute_combination><id_attribute><![CDATA[113]]></id_attribute>
<id_product_attribute><![CDATA[2294]]></id_product_attribute>
</product_attribute_combination>
<product_attribute_combination><id_attribute><![CDATA[96]]></id_attribute>
<id_product_attribute><![CDATA[2296]]></id_product_attribute>
</product_attribute_combination>
<product_attribute_combination><id_attribute><![CDATA[120]]></id_attribute>
<id_product_attribute><![CDATA[2296]]></id_product_attribute>
</product_attribute_combination>
<product_attribute_combination><id_attribute><![CDATA[102]]></id_attribute>
<id_product_attribute><![CDATA[2299]]></id_product_attribute>
</product_attribute_combination>
<product_attribute_combination><id_attribute><![CDATA[114]]></id_attribute>
<id_product_attribute><![CDATA[2299]]></id_product_attribute>
</product_attribute_combination>
<product_attribute_combination><id_attribute><![CDATA[96]]></id_attribute>
<id_product_attribute><![CDATA[2300]]></id_product_attribute>
</product_attribute_combination>
<product_attribute_combination><id_attribute><![CDATA[114]]></id_attribute>
<id_product_attribute><![CDATA[2300]]></id_product_attribute>
</product_attribute_combination>
<product_attribute_combination><id_attribute><![CDATA[54]]></id_attribute>
<id_product_attribute><![CDATA[2301]]></id_product_attribute>
</product_attribute_combination>
<product_attribute_combination><id_attribute><![CDATA[114]]></id_attribute>
<id_product_attribute><![CDATA[2301]]></id_product_attribute>
</product_attribute_combination>
<product_attribute_combination><id_attribute><![CDATA[104]]></id_attribute>
<id_product_attribute><![CDATA[2302]]></id_product_attribute>
</product_attribute_combination>
<product_attribute_combination><id_attribute><![CDATA[114]]></id_attribute>
<id_product_attribute><![CDATA[2302]]></id_product_attribute>
</product_attribute_combination>
<product_attribute_combination><id_attribute><![CDATA[96]]></id_attribute>
<id_product_attribute><![CDATA[2308]]></id_product_attribute>
</product_attribute_combination>
<product_attribute_combination><id_attribute><![CDATA[115]]></id_attribute>
<id_product_attribute><![CDATA[2308]]></id_product_attribute>
</product_attribute_combination>
<product_attribute_combination><id_attribute><![CDATA[54]]></id_attribute>
<id_product_attribute><![CDATA[2309]]></id_product_attribute>
</product_attribute_combination>
<product_attribute_combination><id_attribute><![CDATA[115]]></id_attribute>
<id_product_attribute><![CDATA[2309]]></id_product_attribute>
</product_attribute_combination>
<product_attribute_combination><id_attribute><![CDATA[104]]></id_attribute>
<id_product_attribute><![CDATA[2310]]></id_product_attribute>
</product_attribute_combination>
<product_attribute_combination><id_attribute><![CDATA[115]]></id_attribute>
<id_product_attribute><![CDATA[2310]]></id_product_attribute>
</product_attribute_combination>
<product_attribute_combination><id_attribute><![CDATA[102]]></id_attribute>
<id_product_attribute><![CDATA[2311]]></id_product_attribute>
</product_attribute_combination>
<product_attribute_combination><id_attribute><![CDATA[113]]></id_attribute>
<id_product_attribute><![CDATA[2311]]></id_product_attribute>
</product_attribute_combination>
<product_attribute_combination><id_attribute><![CDATA[103]]></id_attribute>
<id_product_attribute><![CDATA[2312]]></id_product_attribute>
</product_attribute_combination>
<product_attribute_combination><id_attribute><![CDATA[138]]></id_attribute>
<id_product_attribute><![CDATA[2312]]></id_product_attribute>
</product_attribute_combination>
<product_attribute_combination><id_attribute><![CDATA[54]]></id_attribute>
<id_product_attribute><![CDATA[2313]]></id_product_attribute>
</product_attribute_combination>
<product_attribute_combination><id_attribute><![CDATA[139]]></id_attribute>
<id_product_attribute><![CDATA[2313]]></id_product_attribute>
</product_attribute_combination>
<product_attribute_combination><id_attribute><![CDATA[103]]></id_attribute>
<id_product_attribute><![CDATA[2314]]></id_product_attribute>
</product_attribute_combination>
<product_attribute_combination><id_attribute><![CDATA[137]]></id_attribute>
<id_product_attribute><![CDATA[2314]]></id_product_attribute>
</product_attribute_combination>
<product_attribute_combination><id_attribute><![CDATA[54]]></id_attribute>
<id_product_attribute><![CDATA[2315]]></id_product_attribute>
</product_attribute_combination>
<product_attribute_combination><id_attribute><![CDATA[139]]></id_attribute>
<id_product_attribute><![CDATA[2315]]></id_product_attribute>
</product_attribute_combination>
<product_attribute_combination><id_attribute><![CDATA[104]]></id_attribute>
<id_product_attribute><![CDATA[2316]]></id_product_attribute>
</product_attribute_combination>
<product_attribute_combination><id_attribute><![CDATA[141]]></id_attribute>
<id_product_attribute><![CDATA[2316]]></id_product_attribute>
</product_attribute_combination>
<product_attribute_combination><id_attribute><![CDATA[104]]></id_attribute>
<id_product_attribute><![CDATA[2317]]></id_product_attribute>
</product_attribute_combination>
<product_attribute_combination><id_attribute><![CDATA[138]]></id_attribute>
<id_product_attribute><![CDATA[2317]]></id_product_attribute>
</product_attribute_combination>
<product_attribute_combination><id_attribute><![CDATA[107]]></id_attribute>
<id_product_attribute><![CDATA[2318]]></id_product_attribute>
</product_attribute_combination>
<product_attribute_combination><id_attribute><![CDATA[142]]></id_attribute>
<id_product_attribute><![CDATA[2318]]></id_product_attribute>
</product_attribute_combination>
<product_attribute_combination><id_attribute><![CDATA[102]]></id_attribute>
<id_product_attribute><![CDATA[2319]]></id_product_attribute>
</product_attribute_combination>
<product_attribute_combination><id_attribute><![CDATA[137]]></id_attribute>
<id_product_attribute><![CDATA[2319]]></id_product_attribute>
</product_attribute_combination>
<product_attribute_combination><id_attribute><![CDATA[102]]></id_attribute>
<id_product_attribute><![CDATA[2320]]></id_product_attribute>
</product_attribute_combination>
<product_attribute_combination><id_attribute><![CDATA[134]]></id_attribute>
<id_product_attribute><![CDATA[2320]]></id_product_attribute>
</product_attribute_combination>
<product_attribute_combination><id_attribute><![CDATA[104]]></id_attribute>
<id_product_attribute><![CDATA[2321]]></id_product_attribute>
</product_attribute_combination>
<product_attribute_combination><id_attribute><![CDATA[139]]></id_attribute>
<id_product_attribute><![CDATA[2321]]></id_product_attribute>
</product_attribute_combination>
<product_attribute_combination><id_attribute><![CDATA[104]]></id_attribute>
<id_product_attribute><![CDATA[2322]]></id_product_attribute>
</product_attribute_combination>
<product_attribute_combination><id_attribute><![CDATA[152]]></id_attribute>
<id_product_attribute><![CDATA[2322]]></id_product_attribute>
</product_attribute_combination>
<product_attribute_combination><id_attribute><![CDATA[104]]></id_attribute>
<id_product_attribute><![CDATA[2323]]></id_product_attribute>
</product_attribute_combination>
<product_attribute_combination><id_attribute><![CDATA[153]]></id_attribute>
<id_product_attribute><![CDATA[2323]]></id_product_attribute>
</product_attribute_combination>
<product_attribute_combination><id_attribute><![CDATA[42]]></id_attribute>
<id_product_attribute><![CDATA[2324]]></id_product_attribute>
</product_attribute_combination>
<product_attribute_combination><id_attribute><![CDATA[103]]></id_attribute>
<id_product_attribute><![CDATA[2334]]></id_product_attribute>
</product_attribute_combination>
<product_attribute_combination><id_attribute><![CDATA[113]]></id_attribute>
<id_product_attribute><![CDATA[2334]]></id_product_attribute>
</product_attribute_combination>
<product_attribute_combination><id_attribute><![CDATA[103]]></id_attribute>
<id_product_attribute><![CDATA[2335]]></id_product_attribute>
</product_attribute_combination>
<product_attribute_combination><id_attribute><![CDATA[113]]></id_attribute>
<id_product_attribute><![CDATA[2335]]></id_product_attribute>
</product_attribute_combination>
<product_attribute_combination><id_attribute><![CDATA[103]]></id_attribute>
<id_product_attribute><![CDATA[2336]]></id_product_attribute>
</product_attribute_combination>
<product_attribute_combination><id_attribute><![CDATA[114]]></id_attribute>
<id_product_attribute><![CDATA[2336]]></id_product_attribute>
</product_attribute_combination>
<product_attribute_combination><id_attribute><![CDATA[103]]></id_attribute>
<id_product_attribute><![CDATA[2337]]></id_product_attribute>
</product_attribute_combination>
<product_attribute_combination><id_attribute><![CDATA[114]]></id_attribute>
<id_product_attribute><![CDATA[2337]]></id_product_attribute>
</product_attribute_combination>
<product_attribute_combination><id_attribute><![CDATA[103]]></id_attribute>
<id_product_attribute><![CDATA[2338]]></id_product_attribute>
</product_attribute_combination>
<product_attribute_combination><id_attribute><![CDATA[153]]></id_attribute>
<id_product_attribute><![CDATA[2338]]></id_product_attribute>
</product_attribute_combination>
<product_attribute_combination><id_attribute><![CDATA[103]]></id_attribute>
<id_product_attribute><![CDATA[2339]]></id_product_attribute>
</product_attribute_combination>
<product_attribute_combination><id_attribute><![CDATA[115]]></id_attribute>
<id_product_attribute><![CDATA[2339]]></id_product_attribute>
</product_attribute_combination>
<product_attribute_combination><id_attribute><![CDATA[154]]></id_attribute>
<id_product_attribute><![CDATA[2342]]></id_product_attribute>
</product_attribute_combination>
<product_attribute_combination><id_attribute><![CDATA[42]]></id_attribute>
<id_product_attribute><![CDATA[2343]]></id_product_attribute>
</product_attribute_combination>
<product_attribute_combination><id_attribute><![CDATA[131]]></id_attribute>
<id_product_attribute><![CDATA[2344]]></id_product_attribute>
</product_attribute_combination>
<product_attribute_combination><id_attribute><![CDATA[130]]></id_attribute>
<id_product_attribute><![CDATA[2345]]></id_product_attribute>
</product_attribute_combination>
<product_attribute_combination><id_attribute><![CDATA[127]]></id_attribute>
<id_product_attribute><![CDATA[2346]]></id_product_attribute>
</product_attribute_combination>
<product_attribute_combination><id_attribute><![CDATA[129]]></id_attribute>
<id_product_attribute><![CDATA[2347]]></id_product_attribute>
</product_attribute_combination>
<product_attribute_combination><id_attribute><![CDATA[128]]></id_attribute>
<id_product_attribute><![CDATA[2348]]></id_product_attribute>
</product_attribute_combination>
<product_attribute_combination><id_attribute><![CDATA[44]]></id_attribute>
<id_product_attribute><![CDATA[2349]]></id_product_attribute>
</product_attribute_combination>
<product_attribute_combination><id_attribute><![CDATA[161]]></id_attribute>
<id_product_attribute><![CDATA[2356]]></id_product_attribute>
</product_attribute_combination>
<product_attribute_combination><id_attribute><![CDATA[163]]></id_attribute>
<id_product_attribute><![CDATA[2357]]></id_product_attribute>
</product_attribute_combination>
<product_attribute_combination><id_attribute><![CDATA[160]]></id_attribute>
<id_product_attribute><![CDATA[2358]]></id_product_attribute>
</product_attribute_combination>
<product_attribute_combination><id_attribute><![CDATA[159]]></id_attribute>
<id_product_attribute><![CDATA[2359]]></id_product_attribute>
</product_attribute_combination>
<product_attribute_combination><id_attribute><![CDATA[164]]></id_attribute>
<id_product_attribute><![CDATA[2360]]></id_product_attribute>
</product_attribute_combination>
<product_attribute_combination><id_attribute><![CDATA[34]]></id_attribute>
<id_product_attribute><![CDATA[2367]]></id_product_attribute>
</product_attribute_combination>
<product_attribute_combination><id_attribute><![CDATA[35]]></id_attribute>
<id_product_attribute><![CDATA[2368]]></id_product_attribute>
</product_attribute_combination>
<product_attribute_combination><id_attribute><![CDATA[164]]></id_attribute>
<id_product_attribute><![CDATA[2369]]></id_product_attribute>
</product_attribute_combination>
<product_attribute_combination><id_attribute><![CDATA[164]]></id_attribute>
<id_product_attribute><![CDATA[2370]]></id_product_attribute>
</product_attribute_combination>
<product_attribute_combination><id_attribute><![CDATA[165]]></id_attribute>
<id_product_attribute><![CDATA[2370]]></id_product_attribute>
</product_attribute_combination>
<product_attribute_combination><id_attribute><![CDATA[164]]></id_attribute>
<id_product_attribute><![CDATA[2371]]></id_product_attribute>
</product_attribute_combination>
<product_attribute_combination><id_attribute><![CDATA[166]]></id_attribute>
<id_product_attribute><![CDATA[2371]]></id_product_attribute>
</product_attribute_combination>
<product_attribute_combination><id_attribute><![CDATA[165]]></id_attribute>
<id_product_attribute><![CDATA[2372]]></id_product_attribute>
</product_attribute_combination>
<product_attribute_combination><id_attribute><![CDATA[171]]></id_attribute>
<id_product_attribute><![CDATA[2372]]></id_product_attribute>
</product_attribute_combination>
<product_attribute_combination><id_attribute><![CDATA[166]]></id_attribute>
<id_product_attribute><![CDATA[2373]]></id_product_attribute>
</product_attribute_combination>
<product_attribute_combination><id_attribute><![CDATA[171]]></id_attribute>
<id_product_attribute><![CDATA[2373]]></id_product_attribute>
</product_attribute_combination>
<product_attribute_combination><id_attribute><![CDATA[56]]></id_attribute>
<id_product_attribute><![CDATA[2374]]></id_product_attribute>
</product_attribute_combination>
<product_attribute_combination><id_attribute><![CDATA[35]]></id_attribute>
<id_product_attribute><![CDATA[2375]]></id_product_attribute>
</product_attribute_combination>
<product_attribute_combination><id_attribute><![CDATA[155]]></id_attribute>
<id_product_attribute><![CDATA[2376]]></id_product_attribute>
</product_attribute_combination>
<product_attribute_combination><id_attribute><![CDATA[157]]></id_attribute>
<id_product_attribute><![CDATA[2377]]></id_product_attribute>
</product_attribute_combination>
<product_attribute_combination><id_attribute><![CDATA[172]]></id_attribute>
<id_product_attribute><![CDATA[2378]]></id_product_attribute>
</product_attribute_combination>
<product_attribute_combination><id_attribute><![CDATA[173]]></id_attribute>
<id_product_attribute><![CDATA[2379]]></id_product_attribute>
</product_attribute_combination>
<product_attribute_combination><id_attribute><![CDATA[156]]></id_attribute>
<id_product_attribute><![CDATA[2381]]></id_product_attribute>
</product_attribute_combination>
<product_attribute_combination><id_attribute><![CDATA[158]]></id_attribute>
<id_product_attribute><![CDATA[2382]]></id_product_attribute>
</product_attribute_combination>
<product_attribute_combination><id_attribute><![CDATA[175]]></id_attribute>
<id_product_attribute><![CDATA[2383]]></id_product_attribute>
</product_attribute_combination>
<product_attribute_combination><id_attribute><![CDATA[176]]></id_attribute>
<id_product_attribute><![CDATA[2384]]></id_product_attribute>
</product_attribute_combination>
<product_attribute_combination><id_attribute><![CDATA[181]]></id_attribute>
<id_product_attribute><![CDATA[2385]]></id_product_attribute>
</product_attribute_combination>
<product_attribute_combination><id_attribute><![CDATA[182]]></id_attribute>
<id_product_attribute><![CDATA[2386]]></id_product_attribute>
</product_attribute_combination>
<product_attribute_combination><id_attribute><![CDATA[183]]></id_attribute>
<id_product_attribute><![CDATA[2387]]></id_product_attribute>
</product_attribute_combination>
<product_attribute_combination><id_attribute><![CDATA[177]]></id_attribute>
<id_product_attribute><![CDATA[2388]]></id_product_attribute>
</product_attribute_combination>
<product_attribute_combination><id_attribute><![CDATA[178]]></id_attribute>
<id_product_attribute><![CDATA[2389]]></id_product_attribute>
</product_attribute_combination>
<product_attribute_combination><id_attribute><![CDATA[179]]></id_attribute>
<id_product_attribute><![CDATA[2390]]></id_product_attribute>
</product_attribute_combination>
<product_attribute_combination><id_attribute><![CDATA[180]]></id_attribute>
<id_product_attribute><![CDATA[2391]]></id_product_attribute>
</product_attribute_combination>
<product_attribute_combination><id_attribute><![CDATA[184]]></id_attribute>
<id_product_attribute><![CDATA[2392]]></id_product_attribute>
</product_attribute_combination>
</entity_profile>
