<?xml version="1.0" encoding="UTF-8"?>
<entity_profile>
<range_price><id_range_price><![CDATA[1]]></id_range_price>
<id_carrier><![CDATA[2]]></id_carrier>
<delimiter1><![CDATA[0.000000]]></delimiter1>
<delimiter2><![CDATA[10000.000000]]></delimiter2>
</range_price>
<range_price><id_range_price><![CDATA[2]]></id_range_price>
<id_carrier><![CDATA[3]]></id_carrier>
<delimiter1><![CDATA[0.000000]]></delimiter1>
<delimiter2><![CDATA[10000.000000]]></delimiter2>
</range_price>
<range_price><id_range_price><![CDATA[3]]></id_range_price>
<id_carrier><![CDATA[4]]></id_carrier>
<delimiter1><![CDATA[0.000000]]></delimiter1>
<delimiter2><![CDATA[10000.000000]]></delimiter2>
</range_price>
<range_price><id_range_price><![CDATA[4]]></id_range_price>
<id_carrier><![CDATA[17]]></id_carrier>
<delimiter1><![CDATA[0.000000]]></delimiter1>
<delimiter2><![CDATA[150.000000]]></delimiter2>
</range_price>
<range_price><id_range_price><![CDATA[5]]></id_range_price>
<id_carrier><![CDATA[19]]></id_carrier>
<delimiter1><![CDATA[0.000000]]></delimiter1>
<delimiter2><![CDATA[150.000000]]></delimiter2>
</range_price>
<range_price><id_range_price><![CDATA[6]]></id_range_price>
<id_carrier><![CDATA[20]]></id_carrier>
<delimiter1><![CDATA[0.000000]]></delimiter1>
<delimiter2><![CDATA[150.000000]]></delimiter2>
</range_price>
<range_price><id_range_price><![CDATA[7]]></id_range_price>
<id_carrier><![CDATA[21]]></id_carrier>
<delimiter1><![CDATA[0.000000]]></delimiter1>
<delimiter2><![CDATA[10000.000000]]></delimiter2>
</range_price>
<range_price><id_range_price><![CDATA[8]]></id_range_price>
<id_carrier><![CDATA[23]]></id_carrier>
<delimiter1><![CDATA[0.000000]]></delimiter1>
<delimiter2><![CDATA[10000.000000]]></delimiter2>
</range_price>
<range_price><id_range_price><![CDATA[9]]></id_range_price>
<id_carrier><![CDATA[24]]></id_carrier>
<delimiter1><![CDATA[0.000000]]></delimiter1>
<delimiter2><![CDATA[10000.000000]]></delimiter2>
</range_price>
<range_price><id_range_price><![CDATA[10]]></id_range_price>
<id_carrier><![CDATA[25]]></id_carrier>
<delimiter1><![CDATA[0.000000]]></delimiter1>
<delimiter2><![CDATA[10000.000000]]></delimiter2>
</range_price>
<range_price><id_range_price><![CDATA[11]]></id_range_price>
<id_carrier><![CDATA[26]]></id_carrier>
<delimiter1><![CDATA[0.000000]]></delimiter1>
<delimiter2><![CDATA[10000.000000]]></delimiter2>
</range_price>
<range_price><id_range_price><![CDATA[12]]></id_range_price>
<id_carrier><![CDATA[27]]></id_carrier>
<delimiter1><![CDATA[0.000000]]></delimiter1>
<delimiter2><![CDATA[10000.000000]]></delimiter2>
</range_price>
<range_price><id_range_price><![CDATA[13]]></id_range_price>
<id_carrier><![CDATA[28]]></id_carrier>
<delimiter1><![CDATA[0.000000]]></delimiter1>
<delimiter2><![CDATA[10000.000000]]></delimiter2>
</range_price>
<range_price><id_range_price><![CDATA[14]]></id_range_price>
<id_carrier><![CDATA[29]]></id_carrier>
<delimiter1><![CDATA[0.000000]]></delimiter1>
<delimiter2><![CDATA[10000.000000]]></delimiter2>
</range_price>
<range_price><id_range_price><![CDATA[15]]></id_range_price>
<id_carrier><![CDATA[30]]></id_carrier>
<delimiter1><![CDATA[0.000000]]></delimiter1>
<delimiter2><![CDATA[10000.000000]]></delimiter2>
</range_price>
<range_price><id_range_price><![CDATA[16]]></id_range_price>
<id_carrier><![CDATA[31]]></id_carrier>
<delimiter1><![CDATA[0.000000]]></delimiter1>
<delimiter2><![CDATA[10000.000000]]></delimiter2>
</range_price>
<range_price><id_range_price><![CDATA[17]]></id_range_price>
<id_carrier><![CDATA[32]]></id_carrier>
<delimiter1><![CDATA[0.000000]]></delimiter1>
<delimiter2><![CDATA[10000.000000]]></delimiter2>
</range_price>
<range_price><id_range_price><![CDATA[18]]></id_range_price>
<id_carrier><![CDATA[35]]></id_carrier>
<delimiter1><![CDATA[0.000000]]></delimiter1>
<delimiter2><![CDATA[10000.000000]]></delimiter2>
</range_price>
<range_price><id_range_price><![CDATA[19]]></id_range_price>
<id_carrier><![CDATA[36]]></id_carrier>
<delimiter1><![CDATA[0.000000]]></delimiter1>
<delimiter2><![CDATA[10000.000000]]></delimiter2>
</range_price>
<range_price><id_range_price><![CDATA[20]]></id_range_price>
<id_carrier><![CDATA[54]]></id_carrier>
<delimiter1><![CDATA[0.000000]]></delimiter1>
<delimiter2><![CDATA[100000.000000]]></delimiter2>
</range_price>
<range_price><id_range_price><![CDATA[21]]></id_range_price>
<id_carrier><![CDATA[55]]></id_carrier>
<delimiter1><![CDATA[0.000000]]></delimiter1>
<delimiter2><![CDATA[100000.000000]]></delimiter2>
</range_price>
<range_price><id_range_price><![CDATA[22]]></id_range_price>
<id_carrier><![CDATA[56]]></id_carrier>
<delimiter1><![CDATA[0.000000]]></delimiter1>
<delimiter2><![CDATA[100000.000000]]></delimiter2>
</range_price>
<range_price><id_range_price><![CDATA[23]]></id_range_price>
<id_carrier><![CDATA[57]]></id_carrier>
<delimiter1><![CDATA[0.000000]]></delimiter1>
<delimiter2><![CDATA[100000.000000]]></delimiter2>
</range_price>
<range_price><id_range_price><![CDATA[24]]></id_range_price>
<id_carrier><![CDATA[58]]></id_carrier>
<delimiter1><![CDATA[0.000000]]></delimiter1>
<delimiter2><![CDATA[100000.000000]]></delimiter2>
</range_price>
<range_price><id_range_price><![CDATA[25]]></id_range_price>
<id_carrier><![CDATA[59]]></id_carrier>
<delimiter1><![CDATA[0.000000]]></delimiter1>
<delimiter2><![CDATA[100000.000000]]></delimiter2>
</range_price>
<range_price><id_range_price><![CDATA[26]]></id_range_price>
<id_carrier><![CDATA[60]]></id_carrier>
<delimiter1><![CDATA[0.000000]]></delimiter1>
<delimiter2><![CDATA[10000.000000]]></delimiter2>
</range_price>
<range_price><id_range_price><![CDATA[27]]></id_range_price>
<id_carrier><![CDATA[61]]></id_carrier>
<delimiter1><![CDATA[0.000000]]></delimiter1>
<delimiter2><![CDATA[10000.000000]]></delimiter2>
</range_price>
<range_price><id_range_price><![CDATA[28]]></id_range_price>
<id_carrier><![CDATA[62]]></id_carrier>
<delimiter1><![CDATA[0.000000]]></delimiter1>
<delimiter2><![CDATA[10000.000000]]></delimiter2>
</range_price>
<range_price><id_range_price><![CDATA[29]]></id_range_price>
<id_carrier><![CDATA[63]]></id_carrier>
<delimiter1><![CDATA[0.000000]]></delimiter1>
<delimiter2><![CDATA[10000.000000]]></delimiter2>
</range_price>
</entity_profile>
