<?xml version="1.0" encoding="UTF-8"?>
<entity_profile>
<stock><id_stock><![CDATA[1]]></id_stock>
<id_warehouse><![CDATA[1]]></id_warehouse>
<id_product><![CDATA[11]]></id_product>
<id_product_attribute><![CDATA[0]]></id_product_attribute>
<reference><![CDATA[TLP]]></reference>
<ean13><![CDATA[]]></ean13>
<upc><![CDATA[]]></upc>
<physical_quantity><![CDATA[10]]></physical_quantity>
<usable_quantity><![CDATA[10]]></usable_quantity>
<price_te><![CDATA[125.000000]]></price_te>
</stock>
<stock><id_stock><![CDATA[2]]></id_stock>
<id_warehouse><![CDATA[1]]></id_warehouse>
<id_product><![CDATA[12]]></id_product>
<id_product_attribute><![CDATA[0]]></id_product_attribute>
<reference><![CDATA[XL]]></reference>
<ean13><![CDATA[]]></ean13>
<upc><![CDATA[]]></upc>
<physical_quantity><![CDATA[10]]></physical_quantity>
<usable_quantity><![CDATA[10]]></usable_quantity>
<price_te><![CDATA[70.000000]]></price_te>
</stock>
<stock><id_stock><![CDATA[3]]></id_stock>
<id_warehouse><![CDATA[1]]></id_warehouse>
<id_product><![CDATA[15]]></id_product>
<id_product_attribute><![CDATA[0]]></id_product_attribute>
<reference><![CDATA[Direct Connect XL]]></reference>
<ean13><![CDATA[]]></ean13>
<upc><![CDATA[]]></upc>
<physical_quantity><![CDATA[10]]></physical_quantity>
<usable_quantity><![CDATA[10]]></usable_quantity>
<price_te><![CDATA[10.000000]]></price_te>
</stock>
<stock><id_stock><![CDATA[4]]></id_stock>
<id_warehouse><![CDATA[1]]></id_warehouse>
<id_product><![CDATA[23]]></id_product>
<id_product_attribute><![CDATA[85]]></id_product_attribute>
<reference><![CDATA[X6-SG]]></reference>
<ean13><![CDATA[]]></ean13>
<upc><![CDATA[]]></upc>
<physical_quantity><![CDATA[2]]></physical_quantity>
<usable_quantity><![CDATA[2]]></usable_quantity>
<price_te><![CDATA[1300.000000]]></price_te>
</stock>
<stock><id_stock><![CDATA[5]]></id_stock>
<id_warehouse><![CDATA[1]]></id_warehouse>
<id_product><![CDATA[23]]></id_product>
<id_product_attribute><![CDATA[86]]></id_product_attribute>
<reference><![CDATA[X6-SC]]></reference>
<ean13><![CDATA[]]></ean13>
<upc><![CDATA[]]></upc>
<physical_quantity><![CDATA[2]]></physical_quantity>
<usable_quantity><![CDATA[2]]></usable_quantity>
<price_te><![CDATA[1300.000000]]></price_te>
</stock>
</entity_profile>
