<?xml version="1.0" encoding="UTF-8"?>
<entity_profile>
<warehouse_carrier><id_carrier><![CDATA[22]]></id_carrier>
<id_warehouse><![CDATA[1]]></id_warehouse>
</warehouse_carrier>
<warehouse_carrier><id_carrier><![CDATA[26]]></id_carrier>
<id_warehouse><![CDATA[1]]></id_warehouse>
</warehouse_carrier>
<warehouse_carrier><id_carrier><![CDATA[22]]></id_carrier>
<id_warehouse><![CDATA[4]]></id_warehouse>
</warehouse_carrier>
<warehouse_carrier><id_carrier><![CDATA[26]]></id_carrier>
<id_warehouse><![CDATA[4]]></id_warehouse>
</warehouse_carrier>
<warehouse_carrier><id_carrier><![CDATA[53]]></id_carrier>
<id_warehouse><![CDATA[4]]></id_warehouse>
</warehouse_carrier>
<warehouse_carrier><id_carrier><![CDATA[60]]></id_carrier>
<id_warehouse><![CDATA[4]]></id_warehouse>
</warehouse_carrier>
<warehouse_carrier><id_carrier><![CDATA[61]]></id_carrier>
<id_warehouse><![CDATA[4]]></id_warehouse>
</warehouse_carrier>
<warehouse_carrier><id_carrier><![CDATA[62]]></id_carrier>
<id_warehouse><![CDATA[4]]></id_warehouse>
</warehouse_carrier>
<warehouse_carrier><id_carrier><![CDATA[63]]></id_carrier>
<id_warehouse><![CDATA[4]]></id_warehouse>
</warehouse_carrier>
</entity_profile>
