<?xml version="1.0" encoding="UTF-8"?>
<entity_profile>
<zone><id_zone><![CDATA[1]]></id_zone>
<name><![CDATA[Europe]]></name>
<active><![CDATA[1]]></active>
<datashop id_shop="1"></datashop>
<datashop id_shop="2"></datashop>
<datashop id_shop="3"></datashop>
<datashop id_shop="4"></datashop>
<datashop id_shop="5"></datashop>
<datashop id_shop="6"></datashop>
<datashop id_shop="7"></datashop>
<datashop id_shop="8"></datashop>
</zone>
<zone><id_zone><![CDATA[2]]></id_zone>
<name><![CDATA[North America]]></name>
<active><![CDATA[0]]></active>
<datashop id_shop="1"></datashop>
<datashop id_shop="2"></datashop>
<datashop id_shop="3"></datashop>
<datashop id_shop="4"></datashop>
<datashop id_shop="5"></datashop>
<datashop id_shop="6"></datashop>
<datashop id_shop="7"></datashop>
<datashop id_shop="8"></datashop>
</zone>
<zone><id_zone><![CDATA[3]]></id_zone>
<name><![CDATA[Asia]]></name>
<active><![CDATA[1]]></active>
<datashop id_shop="1"></datashop>
<datashop id_shop="3"></datashop>
<datashop id_shop="4"></datashop>
<datashop id_shop="5"></datashop>
<datashop id_shop="6"></datashop>
<datashop id_shop="7"></datashop>
<datashop id_shop="8"></datashop>
</zone>
<zone><id_zone><![CDATA[4]]></id_zone>
<name><![CDATA[Africa]]></name>
<active><![CDATA[1]]></active>
<datashop id_shop="1"></datashop>
<datashop id_shop="2"></datashop>
<datashop id_shop="3"></datashop>
<datashop id_shop="4"></datashop>
<datashop id_shop="5"></datashop>
<datashop id_shop="6"></datashop>
<datashop id_shop="7"></datashop>
<datashop id_shop="8"></datashop>
</zone>
<zone><id_zone><![CDATA[5]]></id_zone>
<name><![CDATA[Oceania]]></name>
<active><![CDATA[0]]></active>
<datashop id_shop="1"></datashop>
<datashop id_shop="2"></datashop>
<datashop id_shop="3"></datashop>
<datashop id_shop="4"></datashop>
<datashop id_shop="5"></datashop>
<datashop id_shop="6"></datashop>
<datashop id_shop="7"></datashop>
<datashop id_shop="8"></datashop>
</zone>
<zone><id_zone><![CDATA[6]]></id_zone>
<name><![CDATA[South America]]></name>
<active><![CDATA[1]]></active>
<datashop id_shop="1"></datashop>
<datashop id_shop="2"></datashop>
<datashop id_shop="3"></datashop>
<datashop id_shop="4"></datashop>
<datashop id_shop="5"></datashop>
<datashop id_shop="6"></datashop>
<datashop id_shop="7"></datashop>
<datashop id_shop="8"></datashop>
</zone>
<zone><id_zone><![CDATA[7]]></id_zone>
<name><![CDATA[Europe (out E.U)]]></name>
<active><![CDATA[1]]></active>
<datashop id_shop="1"></datashop>
<datashop id_shop="2"></datashop>
<datashop id_shop="3"></datashop>
<datashop id_shop="4"></datashop>
<datashop id_shop="5"></datashop>
<datashop id_shop="6"></datashop>
<datashop id_shop="7"></datashop>
<datashop id_shop="8"></datashop>
</zone>
<zone><id_zone><![CDATA[8]]></id_zone>
<name><![CDATA[Centrale America/Antilla]]></name>
<active><![CDATA[1]]></active>
<datashop id_shop="1"></datashop>
<datashop id_shop="2"></datashop>
<datashop id_shop="3"></datashop>
<datashop id_shop="4"></datashop>
<datashop id_shop="5"></datashop>
<datashop id_shop="6"></datashop>
<datashop id_shop="7"></datashop>
<datashop id_shop="8"></datashop>
</zone>
<zone><id_zone><![CDATA[9]]></id_zone>
<name><![CDATA[UE hors France Métro.]]></name>
<active><![CDATA[1]]></active>
<datashop id_shop="1"></datashop>
<datashop id_shop="2"></datashop>
<datashop id_shop="3"></datashop>
<datashop id_shop="4"></datashop>
<datashop id_shop="5"></datashop>
<datashop id_shop="6"></datashop>
<datashop id_shop="7"></datashop>
<datashop id_shop="8"></datashop>
</zone>
<zone><id_zone><![CDATA[10]]></id_zone>
<name><![CDATA[France]]></name>
<active><![CDATA[1]]></active>
<datashop id_shop="1"></datashop>
<datashop id_shop="2"></datashop>
<datashop id_shop="3"></datashop>
<datashop id_shop="4"></datashop>
<datashop id_shop="5"></datashop>
<datashop id_shop="6"></datashop>
<datashop id_shop="7"></datashop>
<datashop id_shop="8"></datashop>
</zone>
<zone><id_zone><![CDATA[11]]></id_zone>
<name><![CDATA[Outre-Mer]]></name>
<active><![CDATA[1]]></active>
<datashop id_shop="1"></datashop>
<datashop id_shop="2"></datashop>
<datashop id_shop="3"></datashop>
<datashop id_shop="4"></datashop>
<datashop id_shop="5"></datashop>
<datashop id_shop="6"></datashop>
<datashop id_shop="7"></datashop>
<datashop id_shop="8"></datashop>
</zone>
<zone><id_zone><![CDATA[12]]></id_zone>
<name><![CDATA[Outre-Mer 2]]></name>
<active><![CDATA[1]]></active>
<datashop id_shop="1"></datashop>
<datashop id_shop="3"></datashop>
<datashop id_shop="4"></datashop>
<datashop id_shop="5"></datashop>
<datashop id_shop="6"></datashop>
<datashop id_shop="7"></datashop>
<datashop id_shop="8"></datashop>
</zone>
</entity_profile>
